北海道1区,,,,船橋,利実,ふなはし,としみつ,56,自民,公明,元,1,比例,建設会社取締役〈元〉道議・旧北見市議▽北海商大院,http://www.asahi.com/senkyo/senkyo2017/koho/A01.html
北海道1区,,,,道下,大樹,みちした,だいき,41,立憲,,新,0,比例,〈元〉道議・衆院議員秘書▽中大,http://www.asahi.com/senkyo/senkyo2017/koho/A01.html
北海道2区,,,,松木,謙公,まつき,けんこう,58,希望,,前,4,比例,学校法人淳心学園理事長〈元〉農水政務官・旧自由党道副会長▽青学大,http://www.asahi.com/senkyo/senkyo2017/koho/A01.html
北海道2区,,,,小和田,康文,こわだ,やすふみ,47,維新,,新,0,比例,行政書士〈元〉内閣府職員・橋梁メーカー社員▽立教大,http://www.asahi.com/senkyo/senkyo2017/koho/A01.html
北海道2区,,,,金倉,昌俊,かなくら,まさとし,43,共産,,新,0,比例,党道副委員長・党准中央委員〈元〉党地区委員長▽帯広農高,http://www.asahi.com/senkyo/senkyo2017/koho/A01.html
北海道2区,,,,吉川,貴盛,よしかわ,たかもり,67,自民,公明,前,5,比例,党道会長〈元〉農水副大臣・経産副大臣・道開発政務次官▽北大院,http://www.asahi.com/senkyo/senkyo2017/koho/A01.html
北海道3区,,,,荒井,聰,あらい,さとし,71,立憲,,前,7,比例,〈元〉国家戦略相・首相補佐官・農水省職員▽東大,http://www.asahi.com/senkyo/senkyo2017/koho/A01.html
北海道3区,,,,高木,宏寿,たかぎ,ひろひさ,57,自民,公明,前,2,比例,学校法人理事長〈元〉道議・道警察官・北海道拓殖銀行員▽慶大,http://www.asahi.com/senkyo/senkyo2017/koho/A01.html
北海道4区,,,,本多,平直,ほんだ,ひらなお,52,立憲,,元,2,比例,〈元〉経産政務官・首相補佐官・衆院議員秘書▽北大,http://www.asahi.com/senkyo/senkyo2017/koho/A01.html
北海道4区,,,,中村,裕之,なかむら,ひろゆき,56,自民,公明,前,2,比例,ガソリン販売会社会長〈元〉道議・道職員▽北海学園大,http://www.asahi.com/senkyo/senkyo2017/koho/A01.html
北海道4区,,,,高橋,美穂,たかはし,みほ,52,希望,,元,1,比例,行政書士〈元〉維新の党国会議員団副幹事長・衆院議員秘書▽北大院,http://www.asahi.com/senkyo/senkyo2017/koho/A01.html
北海道5区,,,,池田,真紀,いけだ,まき,45,立憲,,新,0,比例,社会福祉士〈元〉板橋区職員▽北大院,http://www.asahi.com/senkyo/senkyo2017/koho/A01.html
北海道5区,,,,森山,佳則,もりやま,よしのり,50,諸派,,新,0,,幸福実現党選挙区支部長〈元〉新日鉄社員▽中大,http://www.asahi.com/senkyo/senkyo2017/koho/A01.html
北海道5区,,,,和田,義明,わだ,よしあき,46,自民,公明,前,1,比例,〈元〉衆院議員事務所副所長・三菱商事社員▽早大,http://www.asahi.com/senkyo/senkyo2017/koho/A01.html
北海道6区,,,,今津,寛,いまず,ひろし,71,自民,公明,前,7,比例,党安全保障調査会長〈元〉党副幹事長・新進党副幹事長・道議▽中大,http://www.asahi.com/senkyo/senkyo2017/koho/A01.html
北海道6区,,,,佐々木,隆博,ささき,たかひろ,68,立憲,,前,3,,党副代表・党道代表〈元〉民進党組織委員長・農水副大臣・道議▽士別高,http://www.asahi.com/senkyo/senkyo2017/koho/A01.html
北海道7区,,,,伊東,良孝,いとう,よしたか,68,自民,公明,前,3,比例,〈元〉農水副大臣・党道会長・釧路市長・道議・市議▽北海道教大,http://www.asahi.com/senkyo/senkyo2017/koho/A01.html
北海道7区,,,,石川,明美,いしかわ,あけみ,66,共産,,新,0,,党地区副委員長〈元〉釧路市議・民青地区委員長▽埼玉県川越工高,http://www.asahi.com/senkyo/senkyo2017/koho/A01.html
北海道8区,,,,逢坂,誠二,おおさか,せいじ,58,無所,,前,3,,〈元〉民主党道副代表・総務政務官・首相補佐官・ニセコ町長▽北大,http://www.asahi.com/senkyo/senkyo2017/koho/A01.html
北海道8区,,,,前田,一男,まえだ,かずお,51,自民,公明,前,2,比例,〈元〉松前町長・道職員・商社員▽北大,http://www.asahi.com/senkyo/senkyo2017/koho/A01.html
北海道9区,,,,山岡,達丸,やまおか,たつまる,38,希望,,元,1,比例,〈元〉衆院沖縄及び北方問題に関する特別委員会理事・ＮＨＫ記者▽慶大,http://www.asahi.com/senkyo/senkyo2017/koho/A01.html
北海道9区,,,,堀井,学,ほりい,まなぶ,45,自民,公明,前,2,比例,外務政務官〈元〉道議・スケート選手・王子製紙社員▽専修大,http://www.asahi.com/senkyo/senkyo2017/koho/A01.html
北海道9区,,,,松橋,千春,まつはし,ちはる,35,共産,,新,0,,党地区常任委員・苫小牧九条の会世話人▽岡山大,http://www.asahi.com/senkyo/senkyo2017/koho/A01.html
北海道10区,,,,稲津,久,いなつ,ひさし,59,公明,自民,前,3,,党道代表〈元〉農水政務官・道議・病院理事▽専修大,http://www.asahi.com/senkyo/senkyo2017/koho/A01.html
北海道10区,,,,神谷,裕,かみや,ひろし,49,立憲,,新,0,比例,〈元〉参院議員秘書・衆院議員秘書▽帝京大,http://www.asahi.com/senkyo/senkyo2017/koho/A01.html
北海道11区,,,,石川,香織,いしかわ,かおり,33,立憲,,新,0,比例,〈元〉日本ＢＳ放送アナウンサー▽聖心女大,http://www.asahi.com/senkyo/senkyo2017/koho/A01.html
北海道11区,,,,中川,郁子,なかがわ,ゆうこ,58,自民,公明,前,2,比例,党国際局次長〈元〉農水政務官・党農林副部会長・三菱商事社員▽聖心女大,http://www.asahi.com/senkyo/senkyo2017/koho/A01.html
北海道12区,,,,武部,新,たけべ,あらた,47,自民,公明,前,2,比例,環境政務官〈元〉衆院議員秘書・北見青年会議所理事▽早大,http://www.asahi.com/senkyo/senkyo2017/koho/A01.html
北海道12区,,,,水上,美華,みずかみ,みか,35,希望,,新,0,比例,〈元〉北見市議・衆院議員秘書・遊技会社員▽北見北斗高,http://www.asahi.com/senkyo/senkyo2017/koho/A01.html
北海道12区,,,,菅原,誠,すがわら,まこと,44,共産,,新,0,,党道委員・党地区委員長〈元〉日本民主青年同盟道副委員長▽北見工大院,http://www.asahi.com/senkyo/senkyo2017/koho/A01.html
青森1区,,,,津島,淳,つしま,じゅん,51,自民,公明,前,2,比例,〈元〉国交政務官・衆院議員秘書・関電工社員▽学習院大,http://www.asahi.com/senkyo/senkyo2017/koho/A02.html
青森1区,,,,赤平,勇人,あかひら,ゆうと,27,共産,,新,0,,党青森県委員〈元〉民青県委員長・機械製造会社員▽青森工高,http://www.asahi.com/senkyo/senkyo2017/koho/A02.html
青森1区,,,,升田,世喜男,ますた,せきお,60,希望,,前,1,比例,介護福祉会社役員〈元〉青森県議・小泊村議▽拓殖大中退,http://www.asahi.com/senkyo/senkyo2017/koho/A02.html
青森2区,,,,工藤,武司,くどう,たけし,45,希望,,新,0,比例,〈元〉民進党青森県第２区総支部長・陸上自衛官▽防衛大,http://www.asahi.com/senkyo/senkyo2017/koho/A02.html
青森2区,,,,奥本,菜保巳,おくもと,なおみ,57,共産,,新,0,,党青森県委員〈元〉三沢市議・住宅リフォーム会社員▽岩見沢駒沢短大,http://www.asahi.com/senkyo/senkyo2017/koho/A02.html
青森2区,,,,大島,理森,おおしま,ただもり,71,自民,公明,前,11,比例,〈元〉衆院議長・党副総裁・党幹事長・青森県議・毎日新聞社員▽慶大,http://www.asahi.com/senkyo/senkyo2017/koho/A02.html
青森3区,,,,三国,佑貴,みくに,ゆうき,32,諸派,,新,0,,幸福の科学職員〈元〉幸福実現党青森県副代表▽日大,http://www.asahi.com/senkyo/senkyo2017/koho/A02.html
青森3区,,,,木村,次郎,きむら,じろう,49,自民,公明,新,0,比例,〈元〉青森県職員▽中大,http://www.asahi.com/senkyo/senkyo2017/koho/A02.html
青森3区,,,,山内,崇,やまうち,たかし,62,希望,,新,0,比例,〈元〉民進党青森県幹事長・県議・自民党県幹事長代理・県職員▽立教大,http://www.asahi.com/senkyo/senkyo2017/koho/A02.html
青森3区,,,,高柳,博明,たかやなぎ,ひろあき,47,共産,,新,0,,党青森県常任委員・党地区副委員長〈元〉青森保健生協職員▽青森大,http://www.asahi.com/senkyo/senkyo2017/koho/A02.html
岩手1区,,,,高橋,比奈子,たかはし,ひなこ,59,自民,公明,前,2,比例,党岩手県副会長〈元〉環境政務官・県議・盛岡市議・アナウンサー▽日大,http://www.asahi.com/senkyo/senkyo2017/koho/A03.html
岩手1区,,,,吉田,恭子,よしだ,きょうこ,36,共産,,新,0,比例,党岩手県常任委員〈元〉民青同盟県常任委員・盛岡市職労職員▽和光大,http://www.asahi.com/senkyo/senkyo2017/koho/A03.html
岩手1区,,,,階,猛,しな,たけし,51,希望,,前,4,比例,弁護士〈元〉民進党政調会長・総務政務官・みずほ証券社員▽東大,http://www.asahi.com/senkyo/senkyo2017/koho/A03.html
岩手2区,,,,畑,浩治,はた,こうじ,54,希望,,元,2,比例,〈元〉生活の党政審会長・民主党岩手県副代表・国交省職員▽早大,http://www.asahi.com/senkyo/senkyo2017/koho/A03.html
岩手2区,,,,鈴木,俊一,すずき,しゅんいち,64,自民,公明,前,8,比例,五輪相〈元〉衆院震災復興特別委員長・外務副大臣・環境相▽早大,http://www.asahi.com/senkyo/senkyo2017/koho/A03.html
岩手3区,,,,小沢,一郎,おざわ,いちろう,75,無所,,前,16,,自由党代表〈元〉民主党代表・旧自由党首・新進党首・官房副長官▽慶大,http://www.asahi.com/senkyo/senkyo2017/koho/A03.html
岩手3区,,,,藤原,崇,ふじわら,たかし,34,自民,公明,前,2,比例,弁護士・党岩手県副会長〈元〉参院議員秘書▽明学大専門職院,http://www.asahi.com/senkyo/senkyo2017/koho/A03.html
宮城1区,,,,土井,亨,どい,とおる,59,自民,公明/こ,前,3,比例,復興副大臣〈元〉国交副大臣・党宮城県会長・県議▽東北学院大,http://www.asahi.com/senkyo/senkyo2017/koho/A04.html
宮城1区,,,,岡本,章子,おかもと,あきこ,53,立憲,,新,0,比例,〈元〉民進党宮城県幹事長・仙台市議・ＮＴＴ社員▽東北大,http://www.asahi.com/senkyo/senkyo2017/koho/A04.html
宮城1区,,,,畠山,昌樹,はたけやま,まさき,43,維新,,新,0,比例,医師〈元〉自衛隊医官・石巻ロイヤル病院整形外科部長▽防衛医大,http://www.asahi.com/senkyo/senkyo2017/koho/A04.html
宮城1区,,,,伊藤,優太,いとう,ゆうた,32,希望,,新,0,比例,〈元〉仙台市議・座間市議・芸能事務所社員▽国学院大,http://www.asahi.com/senkyo/senkyo2017/koho/A04.html
宮城1区,,,,油井,哲史,ゆい,てつし,37,諸派,,新,0,,幸福実現党宮城県代表〈元〉広告会社員▽桜美林大,http://www.asahi.com/senkyo/senkyo2017/koho/A04.html
宮城1区,,,,今留,尚人,いまどめ,なおと,52,無所,,新,0,,医師〈元〉気仙沼市立病院眼科科長▽東北大,http://www.asahi.com/senkyo/senkyo2017/koho/A04.html
宮城2区,,,,秋葉,賢也,あきば,けんや,55,自民,公明/こ,前,5,比例,党政調副会長〈元〉復興副大臣・厚労副大臣・党副幹事長▽東北大院,http://www.asahi.com/senkyo/senkyo2017/koho/A04.html
宮城2区,,,,鎌田,さゆり,かまた,さゆり,52,無所,,元,2,,〈元〉民進党宮城県幹事長代理・県議・民主党国対副委員長▽東北学院大,http://www.asahi.com/senkyo/senkyo2017/koho/A04.html
宮城3区,,,,一條,芳弘,いちじょう,よしひろ,44,希望,,新,0,比例,〈元〉民進党宮城県第３区総支部長・衆院議員秘書・百貨店員▽駒沢大,http://www.asahi.com/senkyo/senkyo2017/koho/A04.html
宮城3区,,,,吉田,剛,よしだ,ごう,35,共産,,新,0,,党宮城県委員〈元〉党県青年学生副部長▽仙台大,http://www.asahi.com/senkyo/senkyo2017/koho/A04.html
宮城3区,,,,西村,明宏,にしむら,あきひろ,57,自民,公明/こ,前,4,比例,〈元〉国交副大臣・復興副大臣・内閣府副大臣▽早大院,http://www.asahi.com/senkyo/senkyo2017/koho/A04.html
宮城4区,,,,伊藤,信太郎,いとう,しんたろう,64,自民,公明/こ,前,5,比例,〈元〉衆院東日本大震災復興特別委員長・外務副大臣▽米ハーバード大院,http://www.asahi.com/senkyo/senkyo2017/koho/A04.html
宮城4区,,,,坂東,毅彦,ばんどう,たけひこ,58,希望,,新,0,比例,アルプス電気産業医〈元〉仙台市職員・内科勤務医▽日大,http://www.asahi.com/senkyo/senkyo2017/koho/A04.html
宮城4区,,,,高村,直也,たかむら,なおや,34,共産,,新,0,,党宮城県常任委員・党県平和運動部長▽東北大院,http://www.asahi.com/senkyo/senkyo2017/koho/A04.html
宮城5区,,,,勝沼,栄明,かつぬま,しげあき,42,自民,公明/こ,前,2,比例,医師・党水産副部会長・党青年局次長▽北大,http://www.asahi.com/senkyo/senkyo2017/koho/A04.html
宮城5区,,,,安住,淳,あずみ,じゅん,55,無所,,前,7,,〈元〉民進党県代表・党代表代行・財務相・防衛副大臣・ＮＨＫ記者▽早大,http://www.asahi.com/senkyo/senkyo2017/koho/A04.html
宮城6区,,,,小野寺,五典,おのでら,いつのり,57,自民,公明/こ,前,6,比例,防衛相〈元〉党政調会長代理・東北福祉大客員教授・外務副大臣▽東大院,http://www.asahi.com/senkyo/senkyo2017/koho/A04.html
宮城6区,,,,横田,有史,よこた,ゆうし,73,共産,,新,0,,党宮城県副委員長〈元〉県議・仙台市議・東北大職員組合書記長▽東北大,http://www.asahi.com/senkyo/senkyo2017/koho/A04.html
秋田1区,,,,冨樫,博之,とがし,ひろゆき,62,自民,公明,前,2,比例,党総務部会長代理〈元〉秋田県議長・衆院議員秘書▽秋田経大,http://www.asahi.com/senkyo/senkyo2017/koho/A05.html
秋田1区,,,,松浦,大悟,まつうら,だいご,48,希望,,新,0,比例,〈元〉参院議員・民主党副幹事長・秋田放送アナウンサー▽神戸学院大,http://www.asahi.com/senkyo/senkyo2017/koho/A05.html
秋田1区,,,,斉藤,大悟,さいとう,だいご,38,共産,,新,0,,党秋田県常任委員・党県青年学生対策委員会責任者▽秋田高専,http://www.asahi.com/senkyo/senkyo2017/koho/A05.html
秋田2区,,,,金田,勝年,かねだ,かつとし,68,自民,公明,前,3,比例,党幹事長代理〈元〉法相・外務副大臣・参院議員・農水政務次官▽一橋大,http://www.asahi.com/senkyo/senkyo2017/koho/A05.html
秋田2区,,,,藤本,友里,ふじもと,ゆり,38,共産,,新,0,,党准秋田県委員・党県青年学生対策委員〈元〉特許事務所員▽都留文科大,http://www.asahi.com/senkyo/senkyo2017/koho/A05.html
秋田2区,,,,緑川,貴士,みどりかわ,たかし,32,希望,,新,0,比例,〈元〉民進党秋田県第２区総支部長・秋田朝日放送アナウンサー▽早大,http://www.asahi.com/senkyo/senkyo2017/koho/A05.html
秋田3区,,,,村岡,敏英,むらおか,としひで,57,希望,,前,2,比例,〈元〉民進党副幹事長・維新の党秋田県総支部代表・衆院議員秘書▽日大,http://www.asahi.com/senkyo/senkyo2017/koho/A05.html
秋田3区,,,,御法川,信英,みのりかわ,のぶひで,53,自民,公明,前,4,比例,党国対副委員長〈元〉財務副大臣・外務政務官▽米コロンビア大院,http://www.asahi.com/senkyo/senkyo2017/koho/A05.html
秋田3区,,,,冨岡,昭,とみおか,あきら,67,共産,,新,0,,党秋田県書記長・党県常任委員〈元〉民青県委員長▽秋田大,http://www.asahi.com/senkyo/senkyo2017/koho/A05.html
山形1区,,,,遠藤,利明,えんどう,としあき,67,自民,公明,前,7,比例,党東京五輪・パラリンピック実施本部長〈元〉五輪相・文科副大臣▽中大,http://www.asahi.com/senkyo/senkyo2017/koho/A06.html
山形1区,,,,荒井,寛,あらい,かん,44,希望,,新,0,比例,介護施設理事〈元〉建築会社長・日本青年会議所東北協議会長▽日大,http://www.asahi.com/senkyo/senkyo2017/koho/A06.html
山形1区,,,,石川,渉,いしかわ,しょう,43,共産,,新,0,,党山形県委員・党地区常任委員〈元〉民青県委員長▽山形大,http://www.asahi.com/senkyo/senkyo2017/koho/A06.html
山形2区,,,,鈴木,憲和,すずき,のりかず,35,自民,公明,前,2,比例,党山形県会長・党水産部会長代理・党青年局次長〈元〉農水省職員▽東大,http://www.asahi.com/senkyo/senkyo2017/koho/A06.html
山形2区,,,,近藤,洋介,こんどう,ようすけ,52,希望,,前,5,比例,〈元〉民進党山形県会長・経産副大臣・日経新聞記者▽慶大,http://www.asahi.com/senkyo/senkyo2017/koho/A06.html
山形2区,,,,岩本,康嗣,いわもと,こうじ,52,共産,,新,0,,党山形県委員・党地区委員長〈元〉山形大生協職員▽山形大,http://www.asahi.com/senkyo/senkyo2017/koho/A06.html
山形3区,,,,城取,良太,しろとり,りょうた,40,諸派,,新,0,,幸福実現党山形県代表・幸福の科学職員〈元〉ＨＳ政経塾生▽成蹊大,http://www.asahi.com/senkyo/senkyo2017/koho/A06.html
山形3区,,,,加藤,鮎子,かとう,あゆこ,38,自民,公明,前,1,比例,党農林副部会長〈元〉衆院議員秘書・経営指導会社員▽米コロンビア大院,http://www.asahi.com/senkyo/senkyo2017/koho/A06.html
山形3区,,,,加藤,太一,かとう,たいち,66,共産,,新,0,,党地区副委員長〈元〉鶴岡市議・社会福祉法人役員▽鶴岡工高,http://www.asahi.com/senkyo/senkyo2017/koho/A06.html
山形3区,,,,阿部,寿一,あべ,じゅいち,58,希望,,元,1,比例,〈元〉酒田市長・建設省職員・鳥取市企画部長▽東大,http://www.asahi.com/senkyo/senkyo2017/koho/A06.html
福島1区,,,,金子,恵美,かねこ,えみ,52,無所,,前,1,,〈元〉参院議員・復興政務官・伊達市議▽米カリフォルニア州立大院,http://www.asahi.com/senkyo/senkyo2017/koho/A07.html
福島1区,,,,亀岡,偉民,かめおか,よしたみ,62,自民,公明,前,3,比例,党国対副委員長〈元〉衆院文科委理事・内閣府政務官▽早大,http://www.asahi.com/senkyo/senkyo2017/koho/A07.html
福島2区,,,,根本,匠,ねもと,たくみ,66,自民,公明,前,7,比例,〈元〉復興相・内閣府副大臣・建設省職員▽東大,http://www.asahi.com/senkyo/senkyo2017/koho/A07.html
福島2区,,,,平,善彦,たいら,よしひこ,65,共産,,新,0,,党地区副委員長・党福島県委員〈元〉車部品製造会社員▽本宮高白沢校中退,http://www.asahi.com/senkyo/senkyo2017/koho/A07.html
福島2区,,,,岡部,光規,おかべ,みつのり,49,希望,,新,0,比例,外科医〈元〉東北大病院助教・日本学術振興会海外特別研究員▽東北大院,http://www.asahi.com/senkyo/senkyo2017/koho/A07.html
福島2区,,,,西村,恵美,にしむら,えみ,54,維新,,新,0,比例,日産自動車社員〈元〉リクルート社員▽中大専門職院在学,http://www.asahi.com/senkyo/senkyo2017/koho/A07.html
福島3区,,,,橋本,健二,はしもと,けんじ,69,共産,,新,0,,党地区常任委員〈元〉須賀川市議・ＮＴＴ社員▽棚倉高,http://www.asahi.com/senkyo/senkyo2017/koho/A07.html
福島3区,,,,上杉,謙太郎,うえすぎ,けんたろう,42,自民,公明,新,0,比例,〈元〉ＩＴウェブ製作会社役員・参院議員秘書▽早大,http://www.asahi.com/senkyo/senkyo2017/koho/A07.html
福島3区,,,,玄葉,光一郎,げんば,こういちろう,53,無所,,前,8,,民進党総合選挙対策本部長代行〈元〉外相・国家戦略相・福島県議▽上智大,http://www.asahi.com/senkyo/senkyo2017/koho/A07.html
福島4区,,,,渡辺,敏雄,わたなべ,としお,68,社民,,新,0,比例,党福島県幹事長・居宅介護支援会社長〈元〉国鉄職員▽日大東北工高,http://www.asahi.com/senkyo/senkyo2017/koho/A07.html
福島4区,,,,小熊,慎司,おぐま,しんじ,49,希望,,前,2,比例,〈元〉衆院外務委理事・参院議員・福島県議・会津若松市議▽専修大,http://www.asahi.com/senkyo/senkyo2017/koho/A07.html
福島4区,,,,古川,芳憲,ふるかわ,よしのり,66,共産,,新,0,,党地区常任委員〈元〉小中学校教諭▽福島大院,http://www.asahi.com/senkyo/senkyo2017/koho/A07.html
福島4区,,,,菅家,一郎,かんけ,いちろう,62,自民,公明,前,2,比例,〈元〉会津若松市長・福島県議・市議▽早大,http://www.asahi.com/senkyo/senkyo2017/koho/A07.html
福島5区,,,,吉野,正芳,よしの,まさよし,69,自民,公明,前,6,比例,復興相〈元〉製材業・環境副大臣・文科政務官・福島県議▽早大,http://www.asahi.com/senkyo/senkyo2017/koho/A07.html
福島5区,,,,吉田,泉,よしだ,いずみ,68,希望,,前,5,比例,〈元〉復興副大臣・財務政務官・いわき市議・石川島播磨重工業社員▽東大,http://www.asahi.com/senkyo/senkyo2017/koho/A07.html
福島5区,,,,熊谷,智,くまがい,とも,37,共産,,新,0,,党福島県常任委員〈元〉党県議団事務局長▽福島介護福祉専門学校,http://www.asahi.com/senkyo/senkyo2017/koho/A07.html
福島5区,,,,遠藤,陽子,えんどう,ようこ,67,社民,,新,0,比例,党福島県常任幹事〈元〉中学教諭・県教組書記次長▽東京音大,http://www.asahi.com/senkyo/senkyo2017/koho/A07.html
茨城1区,,,,川辺,賢一,かわべ,けんいち,30,諸派,,新,0,,幸福実現党政務調査会経済部会長・党茨城県代表・人材会社役員▽早大,http://www.asahi.com/senkyo/senkyo2017/koho/A08.html
茨城1区,,,,福島,伸享,ふくしま,のぶゆき,47,希望,,前,2,比例,学習院女子大院非常勤講師〈元〉民進党国対副委員長・経産省職員▽東大,http://www.asahi.com/senkyo/senkyo2017/koho/A08.html
茨城1区,,,,田所,嘉徳,たどころ,よしのり,63,自民,公明,前,2,比例,党法務部会長代理〈元〉法務政務官・茨城県議・下館市議▽白鷗大専門職院,http://www.asahi.com/senkyo/senkyo2017/koho/A08.html
茨城1区,,,,大内,久美子,おおうち,くみこ,68,共産,,新,0,比例,党中央委員〈元〉茨城県議・水戸市議・保育士▽茨城大養護教諭養成所,http://www.asahi.com/senkyo/senkyo2017/koho/A08.html
茨城2区,,,,星野,文雄,ほしの,ふみお,69,共産,,新,0,,党茨城県委員〈元〉医療用品卸会社員▽福島県平第二高,http://www.asahi.com/senkyo/senkyo2017/koho/A08.html
茨城2区,,,,額賀,福志郎,ぬかが,ふくしろう,73,自民,公明,前,11,,党税調小委員長〈元〉財務相・防衛庁長官・茨城県議・産経新聞記者▽早大,http://www.asahi.com/senkyo/senkyo2017/koho/A08.html
茨城2区,,,,石津,政雄,いしづ,まさお,70,希望,,元,1,比例,老人福祉施設理事〈元〉総務政務官・民主党常任幹事・大洋村長▽日大院,http://www.asahi.com/senkyo/senkyo2017/koho/A08.html
茨城3区,,,,林,京,はやし,みやこ,67,共産,,新,0,,〈元〉取手市議・保育士・最高検察庁検察事務官▽東京都江北高,http://www.asahi.com/senkyo/senkyo2017/koho/A08.html
茨城3区,,,,葉梨,康弘,はなし,やすひろ,58,自民,公明,前,4,比例,法務副大臣〈元〉衆院議員秘書・警察庁職員・大使館書記官▽東大,http://www.asahi.com/senkyo/senkyo2017/koho/A08.html
茨城3区,,,,樋口,舞,ひぐち,まい,44,希望,維新,新,0,比例,日本ＩＢＭ社員〈元〉海外旅行添乗員▽青学大院,http://www.asahi.com/senkyo/senkyo2017/koho/A08.html
茨城4区,,,,堀江,鶴治,ほりえ,かくじ,75,共産,,新,0,,党地区委員・農業〈元〉常陸大宮市議・緒川村議・農協職員,http://www.asahi.com/senkyo/senkyo2017/koho/A08.html
茨城4区,,,,大熊,利昭,おおくま,としあき,54,希望,,元,1,比例,〈元〉維新の党行革調査会事務局長・投資銀行社員・丸紅社員▽東大,http://www.asahi.com/senkyo/senkyo2017/koho/A08.html
茨城4区,,,,梶山,弘志,かじやま,ひろし,62,自民,公明,前,6,比例,地方創生相〈元〉党政調会長代理・国交副大臣・動燃職員▽日大,http://www.asahi.com/senkyo/senkyo2017/koho/A08.html
茨城5区,,,,石川,昭政,いしかわ,あきまさ,45,自民,,前,2,比例,党青年局次長・党経済産業副部会長〈元〉党職員▽国学院大院,http://www.asahi.com/senkyo/senkyo2017/koho/A08.html
茨城5区,,,,川崎,篤子,かわさき,あつこ,64,共産,,新,0,,党地区委員〈元〉東海村議・茨城県立盲学校ＰＴＡ会長▽高萩高,http://www.asahi.com/senkyo/senkyo2017/koho/A08.html
茨城5区,,,,浅野,哲,あさの,さとし,35,希望,,新,0,比例,日立労組役員・日立製作所研究員〈元〉衆院議員秘書▽青学大院,http://www.asahi.com/senkyo/senkyo2017/koho/A08.html
茨城6区,,,,国光,文乃,くにみつ,あやの,38,自民,公明,新,0,比例,医師〈元〉厚労省職員▽東京医科歯科大院,http://www.asahi.com/senkyo/senkyo2017/koho/A08.html
茨城6区,,,,青山,大人,あおやま,やまと,38,希望,,新,0,比例,児童発達支援会社長〈元〉民進党茨城県副会長・県議・衆院議員秘書▽慶大,http://www.asahi.com/senkyo/senkyo2017/koho/A08.html
茨城6区,,,,古沢,喜幸,ふるさわ,よしゆき,71,共産,,新,0,,党地区常任委員〈元〉土浦市議・油圧機器製造会社員▽宇都宮大,http://www.asahi.com/senkyo/senkyo2017/koho/A08.html
茨城7区,,,,石嶋,巌,いしじま,いわお,63,共産,,新,0,,農業・党茨城県委員〈元〉いばらきコープ生協職員▽結城第一高,http://www.asahi.com/senkyo/senkyo2017/koho/A08.html
茨城7区,,,,永岡,桂子,ながおか,けいこ,63,自民,,前,4,比例,党消費者問題調査会事務局長〈元〉衆院文科委員長・厚労副大臣▽学習院大,http://www.asahi.com/senkyo/senkyo2017/koho/A08.html
茨城7区,,,,中村,喜四郎,なかむら,きしろう,68,無所,公明,前,13,,自動車学校社長〈元〉建設相・自民党道路調査会長・科技庁長官▽日大,http://www.asahi.com/senkyo/senkyo2017/koho/A08.html
栃木1区,,,,渡辺,典喜,わたなべ,のりよし,34,無所,,新,0,,〈元〉松下政経塾生・編集プロダクション社員▽早大,http://www.asahi.com/senkyo/senkyo2017/koho/A09.html
栃木1区,,,,柏倉,祐司,かしわくら,ゆうじ,48,希望,,元,1,比例,医師〈元〉慶大院特別研究准教授・岡山大特任准教授▽順天堂大院,http://www.asahi.com/senkyo/senkyo2017/koho/A09.html
栃木1区,,,,船田,元,ふなだ,はじめ,63,自民,公明,前,11,比例,党憲法改正推進本部長代行〈元〉弾劾裁判所裁判長・経企庁長官▽慶大院,http://www.asahi.com/senkyo/senkyo2017/koho/A09.html
栃木1区,,,,青木,弘,あおき,ひろし,56,共産,,新,0,,党地区常任委員・党栃木県委員〈元〉生協職員▽城西大,http://www.asahi.com/senkyo/senkyo2017/koho/A09.html
栃木2区,,,,西川,公也,にしかわ,こうや,74,自民,公明,前,6,,〈元〉農水相・党副幹事長・栃木県議長・県職員▽東京農工大院,http://www.asahi.com/senkyo/senkyo2017/koho/A09.html
栃木2区,,,,福田,昭夫,ふくだ,あきお,69,無所,立憲/社民,前,4,,民進党栃木県代表〈元〉総務政務官・県知事・今市市長▽東北大,http://www.asahi.com/senkyo/senkyo2017/koho/A09.html
栃木3区,,,,槙,昌三,まき,しょうぞう,74,共産,,新,0,,党区国政委員長〈元〉党地区委員長・西那須野町議▽宇都宮大,http://www.asahi.com/senkyo/senkyo2017/koho/A09.html
栃木3区,,,,石渡,剛,いしわた,つよし,48,諸派,,新,0,,幸福実現党栃木県地区支部長・幸福の科学職員〈元〉学習塾経営▽敬愛大,http://www.asahi.com/senkyo/senkyo2017/koho/A09.html
栃木3区,,,,渡辺,美由紀,わたなべ,みゆき,58,希望,,新,0,比例,経営コンサル業・医師・公認会計士・税理士▽日本医科大,http://www.asahi.com/senkyo/senkyo2017/koho/A09.html
栃木3区,,,,簗,和生,やな,かずお,38,自民,公明,前,2,比例,国交兼内閣府政務官〈元〉党国防副部会長・シンクタンク研究員▽東大院,http://www.asahi.com/senkyo/senkyo2017/koho/A09.html
栃木4区,,,,佐藤,勉,さとう,つとむ,65,自民,公明,前,7,比例,〈元〉衆院議運委員長・党国対委員長・総務相・国家公安委員長▽日大,http://www.asahi.com/senkyo/senkyo2017/koho/A09.html
栃木4区,,,,山崎,寿彦,やまざき,としひこ,64,共産,,新,0,,党栃木県常任委員〈元〉党地区委員長・化学工業会社員▽直江津工高,http://www.asahi.com/senkyo/senkyo2017/koho/A09.html
栃木4区,,,,藤岡,隆雄,ふじおか,たかお,40,希望,,新,0,比例,〈元〉民進党栃木県副代表・衆院議員秘書・金融庁職員▽阪大院中退,http://www.asahi.com/senkyo/senkyo2017/koho/A09.html
栃木5区,,,,茂木,敏充,もてぎ,としみつ,62,自民,公明,前,8,比例,経済再生相〈元〉経産相・金融行革相▽米ハーバード大院,http://www.asahi.com/senkyo/senkyo2017/koho/A09.html
栃木5区,,,,大豆生田,実,おおまみうだ,みのる,51,希望,,新,0,比例,調剤薬局会社役員〈元〉足利市長・栃木県議・足利市議▽東京薬科大,http://www.asahi.com/senkyo/senkyo2017/koho/A09.html
栃木5区,,,,川上,均,かわかみ,ひとし,61,共産,,新,0,,党地区副委員長・党栃木県委員〈元〉党職員・東武鉄道社員▽足利学園高,http://www.asahi.com/senkyo/senkyo2017/koho/A09.html
群馬1区,,,,宮崎,岳志,みやざき,たけし,47,希望,,前,2,比例,〈元〉民進党群馬県会長代行・長岡造形大非常勤講師・上毛新聞記者▽中大,http://www.asahi.com/senkyo/senkyo2017/koho/A10.html
群馬1区,,,,尾身,朝子,おみ,あさこ,56,自民,公明,前,1,比例,科学技術ＮＰＯ事務局長・電子書籍会社長〈元〉ＮＴＴ東日本社員▽東大,http://www.asahi.com/senkyo/senkyo2017/koho/A10.html
群馬1区,,,,店橋,世津子,たなはし,せつこ,56,共産,,新,0,比例,党群馬県常任委員〈元〉党県女性部長・前橋市議・保育士▽県立保育大学校,http://www.asahi.com/senkyo/senkyo2017/koho/A10.html
群馬2区,,,,井野,俊郎,いの,としろう,37,自民,公明,前,2,比例,弁護士・党国防部会長代理〈元〉法務政務官・伊勢崎市議▽明大,http://www.asahi.com/senkyo/senkyo2017/koho/A10.html
群馬2区,,,,長谷田,直之,はせだ,なおゆき,61,共産,,新,0,,党群馬県常任委員・党県青年学生対策部長〈元〉学習塾講師▽静岡大,http://www.asahi.com/senkyo/senkyo2017/koho/A10.html
群馬2区,,,,石関,貴史,いしぜき,たかし,45,希望,,前,4,比例,〈元〉民進党国対副委員長・衆院議運委理事・群馬県議・郵政省職員▽早大,http://www.asahi.com/senkyo/senkyo2017/koho/A10.html
群馬3区,,,,長谷川,嘉一,はせがわ,かいち,64,立憲,,新,0,比例,歯科医・医療法人理事長〈元〉群馬県議・旧太田市議▽日本歯大,http://www.asahi.com/senkyo/senkyo2017/koho/A10.html
群馬3区,,,,笹川,博義,ささがわ,ひろよし,51,自民,公明,前,2,比例,環境政務官〈元〉ボート製造販売社長・群馬県議・衆院議員秘書▽明大中退,http://www.asahi.com/senkyo/senkyo2017/koho/A10.html
群馬4区,,,,萩原,貞夫,はぎわら,さだお,68,共産,,新,0,,党地区常任委員〈元〉小中学校教諭・全群馬教職員組合執行委員長▽群馬大,http://www.asahi.com/senkyo/senkyo2017/koho/A10.html
群馬4区,,,,不破,弘樹,ふわ,ひろき,51,希望,,新,0,比例,スポーツ社団法人代表理事〈元〉上武大職員・五輪陸上選手▽法大,http://www.asahi.com/senkyo/senkyo2017/koho/A10.html
群馬4区,,,,福田,達夫,ふくだ,たつお,50,自民,公明,前,2,比例,防衛兼内閣府政務官〈元〉首相秘書官・衆院議員秘書・三菱商事社員▽慶大,http://www.asahi.com/senkyo/senkyo2017/koho/A10.html
群馬5区,,,,小渕,優子,おぶち,ゆうこ,43,自民,公明,前,6,比例,〈元〉経産相・財務副大臣・党総務副会長・少子化相・ＴＢＳ社員▽成城大,http://www.asahi.com/senkyo/senkyo2017/koho/A10.html
群馬5区,,,,伊藤,達也,いとう,たつや,34,共産,,新,0,,党群馬県委員〈元〉民青県委員長・民青中央委員・建設会社員▽高崎工高,http://www.asahi.com/senkyo/senkyo2017/koho/A10.html
群馬5区,,,,高橋,宣之,たかはし,のぶゆき,63,社民,,新,0,比例,党群馬県副代表・権利問題研究会事務局長〈元〉渋川市職労委員長▽明大,http://www.asahi.com/senkyo/senkyo2017/koho/A10.html
群馬5区,,,,猪口,幸子,いのくち,さちこ,61,希望,,新,0,比例,医師・医療法人社団理事長▽山形大,http://www.asahi.com/senkyo/senkyo2017/koho/A10.html
埼玉1区,,,,武正,公一,たけまさ,こういち,56,希望,,前,6,比例,〈元〉財務副大臣・民主党埼玉県代表・外務副大臣・松下政経塾生▽慶大,http://www.asahi.com/senkyo/senkyo2017/koho/A11.html
埼玉1区,,,,小檜山,清人,こひやま,きよと,60,維新,,新,0,比例,〈元〉社会福祉法人職員・日立製作所社員・管継手製造販売会社員▽慶大,http://www.asahi.com/senkyo/senkyo2017/koho/A11.html
埼玉1区,,,,鳥羽,恵,とば,めぐみ,58,共産,,新,0,,党地区常任委員・保育士〈元〉映画ＮＰＯ理事▽東京ＹＷＣＡ専門学校,http://www.asahi.com/senkyo/senkyo2017/koho/A11.html
埼玉1区,,,,村井,英樹,むらい,ひでき,37,自民,公明,前,2,比例,内閣府政務官〈元〉党副幹事長・財務省職員▽米ハーバード大院,http://www.asahi.com/senkyo/senkyo2017/koho/A11.html
埼玉2区,,,,菅,克己,すが,かつみ,51,希望,,新,0,比例,〈元〉埼玉県議・川口市議・川崎製鉄社員▽明大専門職院,http://www.asahi.com/senkyo/senkyo2017/koho/A11.html
埼玉2区,,,,平川,道也,ひらかわ,みちや,45,共産,,新,0,,党地区常任委員〈元〉ＩＴ関連会社員▽東大,http://www.asahi.com/senkyo/senkyo2017/koho/A11.html
埼玉2区,,,,新藤,義孝,しんどう,よしたか,59,自民,公明,前,6,比例,党政調会長代理・幼稚園長〈元〉総務相・経産副大臣・川口市議▽明大,http://www.asahi.com/senkyo/senkyo2017/koho/A11.html
埼玉3区,,,,飯田,剛,いいだ,たけし,58,諸派,,新,0,,自動車整備業・商店会長〈元〉幸福実現党埼玉県副代表▽都立大,http://www.asahi.com/senkyo/senkyo2017/koho/A11.html
埼玉3区,,,,石川,英行,いしかわ,ひでゆき,54,無所,,新,0,,〈元〉米菓製造販売会社長・照明技術者▽横浜放送映画専門学院,http://www.asahi.com/senkyo/senkyo2017/koho/A11.html
埼玉3区,,,,三輪,麻美,みわ,あさみ,30,希望,,新,0,比例,〈元〉航空会社客室乗務員▽神戸女学院大,http://www.asahi.com/senkyo/senkyo2017/koho/A11.html
埼玉3区,,,,黄川田,仁志,きかわだ,ひとし,47,自民,公明,前,2,比例,党外交部会長代理〈元〉環境コンサルタント▽米メリーランド大院,http://www.asahi.com/senkyo/senkyo2017/koho/A11.html
埼玉3区,,,,山川,百合子,やまかわ,ゆりこ,48,立憲,,新,0,比例,〈元〉埼玉県議・国際支援ＮＰＯ職員▽英ハル大院,http://www.asahi.com/senkyo/senkyo2017/koho/A11.html
埼玉3区,,,,谷古宇,勘司,やこう,かんじ,66,維新,,新,0,比例,特養ホーム理事長・草加市体育協会副会長〈元〉埼玉県議長▽慶大院,http://www.asahi.com/senkyo/senkyo2017/koho/A11.html
埼玉4区,,,,朝賀,英義,あさか,ひでよし,67,共産,,新,0,,党新座市委員長〈元〉市副議長・製菓会社員▽新潟県柏崎高,http://www.asahi.com/senkyo/senkyo2017/koho/A11.html
埼玉4区,,,,青柳,仁士,あおやぎ,ひとし,38,維新,,新,0,比例,〈元〉国際協力機構職員・国連開発計画本部アドバイザー▽米デューク大院,http://www.asahi.com/senkyo/senkyo2017/koho/A11.html
埼玉4区,,,,吉田,芳朝,よしだ,よしのり,43,希望,,新,0,比例,〈元〉埼玉県議・新座市議・野村証券社員▽法大,http://www.asahi.com/senkyo/senkyo2017/koho/A11.html
埼玉4区,,,,豊田,真由子,とよた,まゆこ,43,無所,,前,2,,〈元〉厚労省職員・在ジュネーブ政府代表部１等書記官▽米ハーバード大院,http://www.asahi.com/senkyo/senkyo2017/koho/A11.html
埼玉4区,,,,穂坂,泰,ほさか,やすし,43,自民,公明,新,0,比例,社会福祉法人理事・学校法人理事〈元〉志木市議▽青学大,http://www.asahi.com/senkyo/senkyo2017/koho/A11.html
埼玉5区,,,,牧原,秀樹,まきはら,ひでき,46,自民,公明,前,3,比例,厚労副大臣・弁護士〈元〉環境政務官・経産省職員▽米ジョージタウン大院,http://www.asahi.com/senkyo/senkyo2017/koho/A11.html
埼玉5区,,,,枝野,幸男,えだの,ゆきお,53,立憲,,前,8,比例,党代表・弁護士〈元〉民進党代表代行・経産相・官房長官▽東北大,http://www.asahi.com/senkyo/senkyo2017/koho/A11.html
埼玉5区,,,,高木,秀文,たかぎ,ひでふみ,44,希望,維新,新,0,比例,弁護士▽法大,http://www.asahi.com/senkyo/senkyo2017/koho/A11.html
埼玉6区,,,,大島,敦,おおしま,あつし,60,希望,,前,6,比例,〈元〉民進党幹事長・衆院懲罰委員長・総務副大臣・内閣府副大臣▽早大,http://www.asahi.com/senkyo/senkyo2017/koho/A11.html
埼玉6区,,,,中根,一幸,なかね,かずゆき,48,自民,公明,前,3,比例,外務副大臣〈元〉外務政務官・衆院議員秘書・鴻巣市議▽専修大院,http://www.asahi.com/senkyo/senkyo2017/koho/A11.html
埼玉6区,,,,戸口,佐一,とぐち,さいち,67,共産,,新,0,,党地区委員・団地自治会副会長〈元〉給食事業組合職員▽玉川工高,http://www.asahi.com/senkyo/senkyo2017/koho/A11.html
埼玉7区,,,,長沼,チネ,ながぬま,ちね,67,共産,,新,0,,党地区委員長〈元〉新日本婦人の会埼玉県副会長▽東京高等保育学校,http://www.asahi.com/senkyo/senkyo2017/koho/A11.html
埼玉7区,,,,小宮山,泰子,こみやま,やすこ,52,希望,,前,5,比例,〈元〉民進党副幹事長・生活の党国対委員長・埼玉県議▽慶大,http://www.asahi.com/senkyo/senkyo2017/koho/A11.html
埼玉7区,,,,神山,佐市,かみやま,さいち,63,自民,公明,前,2,比例,不動産会社役員〈元〉スポーツ施設会長・埼玉県議▽高千穂商大,http://www.asahi.com/senkyo/senkyo2017/koho/A11.html
埼玉8区,,,,辻,源巳,つじ,もとみ,46,共産,,新,0,,党地区委員長〈元〉日本民主青年同盟埼玉県委員長▽埼玉大,http://www.asahi.com/senkyo/senkyo2017/koho/A11.html
埼玉8区,,,,小野塚,勝俊,おのづか,まさとし,45,希望,,元,1,比例,〈元〉トトロのふるさと財団理事・日本銀行員▽早大院,http://www.asahi.com/senkyo/senkyo2017/koho/A11.html
埼玉8区,,,,柴山,昌彦,しばやま,まさひこ,51,自民,公明,前,5,比例,党総裁特別補佐・弁護士〈元〉総務副大臣・住友不動産社員▽東大,http://www.asahi.com/senkyo/senkyo2017/koho/A11.html
埼玉9区,,,,神田,三春,かんだ,みはる,63,共産,,新,0,,党地区常任委員〈元〉女性団体支部事務局長・保育士▽都練馬高等保育学院,http://www.asahi.com/senkyo/senkyo2017/koho/A11.html
埼玉9区,,,,大塚,拓,おおつか,たく,44,自民,公明,前,3,比例,〈元〉財務副大臣・法務政務官・東京三菱銀行員▽米ハーバード大院,http://www.asahi.com/senkyo/senkyo2017/koho/A11.html
埼玉9区,,,,杉村,慎治,すぎむら,しんじ,41,希望,,新,0,比例,〈元〉衆院議員秘書・参院議員秘書・番組制作会社員▽明大,http://www.asahi.com/senkyo/senkyo2017/koho/A11.html
埼玉10区,,,,柿沼,遥輝,かきぬま,はるき,34,共産,,新,0,,党地区副委員長〈元〉小学校教師▽岐阜聖徳学園大,http://www.asahi.com/senkyo/senkyo2017/koho/A11.html
埼玉10区,,,,坂本,祐之輔,さかもと,ゆうのすけ,62,希望,,前,2,比例,日本スポーツ少年団本部長〈元〉東松山市長・埼玉県体協会長・市議▽日大,http://www.asahi.com/senkyo/senkyo2017/koho/A11.html
埼玉10区,,,,山口,泰明,やまぐち,たいめい,68,自民,公明,前,6,比例,党組織運動本部長・ガス会社取締役〈元〉内閣府副大臣・外務政務官▽日大,http://www.asahi.com/senkyo/senkyo2017/koho/A11.html
埼玉11区,,,,柴岡,祐真,しばおか,ゆうま,33,共産,,新,0,,党中央委員・党地区委員長▽帯広畜産大,http://www.asahi.com/senkyo/senkyo2017/koho/A11.html
埼玉11区,,,,今野,智博,こんの,ともひろ,42,無所,自民,前,2,,弁護士・測量設計会社監査役・児童養護施設支援相談員▽早大,http://www.asahi.com/senkyo/senkyo2017/koho/A11.html
埼玉11区,,,,三角,創太,みすみ,そうた,29,希望,,新,0,比例,〈元〉三菱東京ＵＦＪ銀行員・衆院議員秘書▽一橋大,http://www.asahi.com/senkyo/senkyo2017/koho/A11.html
埼玉11区,,,,小泉,龍司,こいずみ,りゅうじ,65,無所,,前,5,,〈元〉自民党副幹事長・大蔵省証券局調査室長・銀行局金融市場室長▽東大,http://www.asahi.com/senkyo/senkyo2017/koho/A11.html
埼玉12区,,,,森田,俊和,もりた,としかず,43,希望,,新,0,比例,介護施設代表〈元〉埼玉県議・熊谷青年会議所理事長▽早大院,http://www.asahi.com/senkyo/senkyo2017/koho/A11.html
埼玉12区,,,,林,秀洋,はやし,ひでひろ,43,共産,,新,0,,党埼玉県常任委員〈元〉党県議団事務局員・赤旗記者▽埼玉大院,http://www.asahi.com/senkyo/senkyo2017/koho/A11.html
埼玉12区,,,,野中,厚,のなか,あつし,40,自民,公明,前,2,比例,農水政務官〈元〉埼玉県議・加須青年会議所理事・建設会社員▽慶大,http://www.asahi.com/senkyo/senkyo2017/koho/A11.html
埼玉13区,,,,北角,嘉幸,きたずみ,よしゆき,54,希望,,新,0,比例,〈元〉名古屋市長特別秘書・みんなの党総支部長・衆院議員秘書▽早大,http://www.asahi.com/senkyo/senkyo2017/koho/A11.html
埼玉13区,,,,土屋,品子,つちや,しなこ,65,自民,公明,前,6,比例,党総務副会長・料理研究家〈元〉厚労副大臣・環境副大臣▽聖心女大,http://www.asahi.com/senkyo/senkyo2017/koho/A11.html
埼玉13区,,,,池田,万佐代,いけだ,まさよ,58,社民,,新,0,比例,党埼玉県副代表・女性団体役員〈元〉衆院議員秘書・大井町職員▽東洋大,http://www.asahi.com/senkyo/senkyo2017/koho/A11.html
埼玉14区,,,,榛野,博,はたの,ひろし,47,維新,,新,0,比例,住宅リフォーム業・自治会長〈元〉携帯電話販売会社員▽駿河台大,http://www.asahi.com/senkyo/senkyo2017/koho/A11.html
埼玉14区,,,,苗村,京子,なえむら,きょうこ,58,共産,,新,0,,党埼玉県委員・党地区副委員長〈元〉三郷市議▽麴町学園女子高,http://www.asahi.com/senkyo/senkyo2017/koho/A11.html
埼玉14区,,,,鈴木,義弘,すずき,よしひろ,54,希望,,前,2,比例,不動産仲介会社長・運送会社取締役〈元〉埼玉県議・参院議員秘書▽日大,http://www.asahi.com/senkyo/senkyo2017/koho/A11.html
埼玉14区,,,,三ツ林,裕巳,みつばやし,ひろみ,62,自民,公明,前,2,比例,日大医学部内科臨床教授・日本歯大付属病院副院長〈元〉厚労政務官▽日大,http://www.asahi.com/senkyo/senkyo2017/koho/A11.html
埼玉15区,,,,田中,良生,たなか,りょうせい,53,自民,公明,前,3,比例,〈元〉国交副大臣・経産政務官・ケーブルテレビ会社会長▽立教大,http://www.asahi.com/senkyo/senkyo2017/koho/A11.html
埼玉15区,,,,梅村,早江子,うめむら,さえこ,53,共産,,前,1,比例,党准中央委員〈元〉民青中央副委員長▽立命館大,http://www.asahi.com/senkyo/senkyo2017/koho/A11.html
埼玉15区,,,,高橋,英明,たかはし,ひであき,54,維新,,新,0,比例,不動産会社役員〈元〉川口市議▽武蔵大,http://www.asahi.com/senkyo/senkyo2017/koho/A11.html
埼玉15区,,,,高山,智司,たかやま,さとし,47,希望,,元,3,比例,〈元〉環境政務官・内閣府政務官・参院議員秘書▽明大,http://www.asahi.com/senkyo/senkyo2017/koho/A11.html
千葉1区,,,,田嶋,要,たじま,かなめ,56,希望,,前,5,比例,〈元〉民進党千葉県代表・経産政務官・ＮＴＴ社員▽米ペンシルベニア大院,http://www.asahi.com/senkyo/senkyo2017/koho/A12.html
千葉1区,,,,門山,宏哲,かどやま,ひろあき,53,自民,公明,前,2,比例,弁護士・障害者支援施設評議員〈元〉千葉青年会議所理事長▽中大,http://www.asahi.com/senkyo/senkyo2017/koho/A12.html
千葉1区,,,,大野,隆,おおの,たかし,48,共産,,新,0,,党准地区委員〈元〉パソコン教室代表・日本将棋連盟職員▽明大,http://www.asahi.com/senkyo/senkyo2017/koho/A12.html
千葉1区,,,,長谷川,豊,はせがわ,ゆたか,42,維新,,新,0,比例,フリーアナウンサー〈元〉千葉市青少年育成委員・フジテレビ社員▽立命大,http://www.asahi.com/senkyo/senkyo2017/koho/A12.html
千葉2区,,,,藤巻,健太,ふじまき,けんた,34,維新,,新,0,比例,党千葉県幹事長〈元〉参院議員秘書・みずほコーポレート銀行員▽慶大,http://www.asahi.com/senkyo/senkyo2017/koho/A12.html
千葉2区,,,,上野,洋嗣,うえの,ひろつぐ,40,共産,,新,0,,党千葉県常任委員〈元〉病院事務次長▽東京成徳大,http://www.asahi.com/senkyo/senkyo2017/koho/A12.html
千葉2区,,,,樋口,博康,ひぐち,ひろやす,58,立憲,,新,0,比例,〈元〉民進党職員・国際協力推進協会職員・松下政経塾生▽米デューク大院,http://www.asahi.com/senkyo/senkyo2017/koho/A12.html
千葉2区,,,,竹ケ原,裕美子,たけがはら,ゆみこ,46,希望,,新,0,比例,医師〈元〉ＪＰモルガン証券社員▽富山医薬大,http://www.asahi.com/senkyo/senkyo2017/koho/A12.html
千葉2区,,,,小林,鷹之,こばやし,たかゆき,42,自民,公明,前,2,比例,党青年局次長〈元〉防衛政務官・財務省職員▽米ハーバード大院,http://www.asahi.com/senkyo/senkyo2017/koho/A12.html
千葉3区,,,,松野,博一,まつの,ひろかず,55,自民,公明,前,6,比例,党政務調査会長代理〈元〉文科相・党千葉県会長・松下政経塾生▽早大,http://www.asahi.com/senkyo/senkyo2017/koho/A12.html
千葉3区,,,,岡島,一正,おかじま,かずまさ,59,立憲,,元,2,比例,リフォーム会社役員〈元〉自由千葉県代表・ＮＨＫ特派員▽早大,http://www.asahi.com/senkyo/senkyo2017/koho/A12.html
千葉3区,,,,櫛渕,万里,くしぶち,まり,50,希望,,元,1,比例,まちづくりＮＰＯ理事長〈元〉法大研究員・ピースボート事務局長▽立教大,http://www.asahi.com/senkyo/senkyo2017/koho/A12.html
千葉4区,,,,深津,俊郎,ふかつ,としろう,69,共産,,新,0,,党地区副委員長〈元〉全労連全国一般労組東京地本中央委員▽千葉工大,http://www.asahi.com/senkyo/senkyo2017/koho/A12.html
千葉4区,,,,野田,佳彦,のだ,よしひこ,60,無所,,前,7,,〈元〉民進党幹事長・首相・財務相・千葉県議・松下政経塾生▽早大,http://www.asahi.com/senkyo/senkyo2017/koho/A12.html
千葉4区,,,,木村,哲也,きむら,てつや,48,自民,公明,新,0,比例,〈元〉千葉県議・船橋市議・建設会社員▽法大院,http://www.asahi.com/senkyo/senkyo2017/koho/A12.html
千葉4区,,,,佐藤,浩,さとう,ひろし,52,維新,,新,0,比例,不動産会社専務〈元〉ＩＴ物販会社長・千葉県議・船橋市議▽早大,http://www.asahi.com/senkyo/senkyo2017/koho/A12.html
千葉5区,,,,薗浦,健太郎,そのうら,けんたろう,45,自民,公明,前,3,比例,首相補佐官〈元〉外務副大臣・衆院議員秘書・読売新聞記者▽東大,http://www.asahi.com/senkyo/senkyo2017/koho/A12.html
千葉5区,,,,山田,厚史,やまだ,あつし,69,立憲,,新,0,比例,ジャーナリスト〈元〉ニュースサイト代表・朝日新聞編集委員▽同志社大,http://www.asahi.com/senkyo/senkyo2017/koho/A12.html
千葉5区,,,,岡野,純子,おかの,じゅんこ,39,希望,,新,0,比例,企業研修講師〈元〉浦安市議・ＮＨＫアナウンサー▽同志社大,http://www.asahi.com/senkyo/senkyo2017/koho/A12.html
千葉6区,,,,遠藤,宣彦,えんどう,のぶひこ,54,希望,,元,1,比例,〈元〉衆院議員秘書・郵政省職員▽東大,http://www.asahi.com/senkyo/senkyo2017/koho/A12.html
千葉6区,,,,生方,幸夫,うぶかた,ゆきお,69,立憲,,元,5,比例,〈元〉民主党幹事長代理・環境副大臣・読売新聞記者▽早大,http://www.asahi.com/senkyo/senkyo2017/koho/A12.html
千葉6区,,,,渡辺,博道,わたなべ,ひろみち,67,自民,公明,前,6,比例,〈元〉衆院厚労委員長・経産副大臣・千葉県議・松戸市職員▽明大院,http://www.asahi.com/senkyo/senkyo2017/koho/A12.html
千葉6区,,,,星,健太郎,ほし,けんたろう,37,維新,,新,0,比例,〈元〉早大センター助教・都立高準常勤講師▽早大院,http://www.asahi.com/senkyo/senkyo2017/koho/A12.html
千葉7区,,,,渡部,隆夫,わたなべ,たかお,74,共産,,新,0,,党地区委員・東葛健康友の会長〈元〉床材製造販売会社員▽法大,http://www.asahi.com/senkyo/senkyo2017/koho/A12.html
千葉7区,,,,斎藤,健,さいとう,けん,58,自民,公明,前,3,比例,農水相〈元〉党副幹事長・環境政務官・資源エネルギー庁課長▽東大,http://www.asahi.com/senkyo/senkyo2017/koho/A12.html
千葉7区,,,,石塚,貞通,いしづか,さだみち,50,立憲,,新,0,比例,司法書士〈元〉維新の党千葉県代表代行・衆院議員秘書▽立教大,http://www.asahi.com/senkyo/senkyo2017/koho/A12.html
千葉7区,,,,波多野,里奈,はたの,りな,44,希望,,新,0,比例,〈元〉司会業会社長・青森朝日放送アナウンサー▽明大,http://www.asahi.com/senkyo/senkyo2017/koho/A12.html
千葉8区,,,,桜田,義孝,さくらだ,よしたか,67,自民,公明,前,6,比例,党千葉県会長〈元〉党教育再生実行本部長・文科副大臣・建設会社長▽明大,http://www.asahi.com/senkyo/senkyo2017/koho/A12.html
千葉8区,,,,小野里,定良,おのざと,ていりょう,70,共産,,新,0,,党地区副委員長〈元〉柏市議・書籍販売会社員・浅草民商事務局員▽法大,http://www.asahi.com/senkyo/senkyo2017/koho/A12.html
千葉8区,,,,太田,和美,おおた,かずみ,38,希望,,前,3,比例,〈元〉民進党副幹事長・維新の党千葉県代表・不動産業・県議▽沼南高柳高,http://www.asahi.com/senkyo/senkyo2017/koho/A12.html
千葉9区,,,,秋本,真利,あきもと,まさとし,42,自民,公明,前,2,比例,国交政務官〈元〉党青年局次長・富里市議・衆院議員秘書▽法大,http://www.asahi.com/senkyo/senkyo2017/koho/A12.html
千葉9区,,,,鴨志田,安代,かもしだ,やすしろ,62,共産,,新,0,,党地区委員長・党千葉県委員〈元〉小学校臨時教員▽千葉大,http://www.asahi.com/senkyo/senkyo2017/koho/A12.html
千葉9区,,,,奥野,総一郎,おくの,そういちろう,53,希望,,前,3,比例,〈元〉民進党千葉県副代表・参院議員秘書・総務省職員・横浜市課長▽東大,http://www.asahi.com/senkyo/senkyo2017/koho/A12.html
千葉10区,,,,林,幹雄,はやし,もとお,70,自民,公明,前,8,比例,党幹事長代理〈元〉経産相・衆院議運委員長・国家公安委員長▽日大,http://www.asahi.com/senkyo/senkyo2017/koho/A12.html
千葉10区,,,,笠原,正実,かさはら,まさみ,63,共産,,新,0,,党地区委員長・党千葉県委員〈元〉民青同盟地区委員長・建設会社員・大工,http://www.asahi.com/senkyo/senkyo2017/koho/A12.html
千葉10区,,,,谷田川,元,やたがわ,はじめ,54,希望,,元,1,比例,〈元〉民進党千葉県副代表・県議・松下政経塾生・丸紅社員▽早大,http://www.asahi.com/senkyo/senkyo2017/koho/A12.html
千葉11区,,,,多ケ谷,亮,たがや,りょう,48,希望,,新,0,比例,飲食業再生支援会社長▽国学院大,http://www.asahi.com/senkyo/senkyo2017/koho/A12.html
千葉11区,,,,森,英介,もり,えいすけ,69,自民,公明,前,9,比例,党労政局長〈元〉衆院憲法審査会長・法相・川崎重工社員▽東北大,http://www.asahi.com/senkyo/senkyo2017/koho/A12.html
千葉11区,,,,椎名,史明,しいな,ふみあき,60,共産,,新,0,,党地区委員長〈元〉映画配給会社役員・民青同盟千葉県役員▽千葉大,http://www.asahi.com/senkyo/senkyo2017/koho/A12.html
千葉12区,,,,大西,航,おおにし,わたる,36,共産,,新,0,比例,党千葉県常任委員〈元〉民青中央委員・木更津市職員▽千葉大,http://www.asahi.com/senkyo/senkyo2017/koho/A12.html
千葉12区,,,,浜田,靖一,はまだ,やすかず,62,自民,公明,前,8,比例,党一億総活躍本部長〈元〉党国対委員長・防衛相・衆院議員秘書▽専修大,http://www.asahi.com/senkyo/senkyo2017/koho/A12.html
千葉12区,,,,樋高,剛,ひだか,たけし,51,希望,,元,3,比例,〈元〉自由党神奈川県代表・民主党副幹事長・環境政務官▽早大,http://www.asahi.com/senkyo/senkyo2017/koho/A12.html
千葉12区,,,,皆川,真一郎,みながわ,しんいちろう,63,社民,,新,0,比例,〈元〉千葉県立流山おおたかの森高校長・県立松戸南高校長▽金沢大,http://www.asahi.com/senkyo/senkyo2017/koho/A12.html
千葉13区,,,,宮川,伸,みやかわ,しん,47,立憲,,新,0,比例,〈元〉創薬ベンチャー会社役員・東大医科学研究所研究員▽東工大院,http://www.asahi.com/senkyo/senkyo2017/koho/A12.html
千葉13区,,,,斉藤,和子,さいとう,かずこ,43,共産,,前,1,比例,党准中央委員〈元〉党千葉県常任委員・党地区常任委員・高校講師▽日大,http://www.asahi.com/senkyo/senkyo2017/koho/A12.html
千葉13区,,,,白須賀,貴樹,しらすか,たかき,42,自民,公明,前,2,比例,党厚労部会長代理・歯科医師〈元〉幼稚園理事長・歯科院長▽東京歯大,http://www.asahi.com/senkyo/senkyo2017/koho/A12.html
千葉13区,,,,水野,智彦,みずの,ともひこ,61,希望,,元,1,比例,歯科医師〈元〉減税日本政調会長・勝浦青年会議所理事長▽城西歯大,http://www.asahi.com/senkyo/senkyo2017/koho/A12.html
東京1区,,,,松沢,香,まつざわ,かおる,39,希望,,新,0,比例,弁護士〈元〉国会福島原発事故調事務局課長▽慶大,http://www.asahi.com/senkyo/senkyo2017/koho/A13.html
東京1区,,,,原口,実季,はらぐち,みき,28,諸派,,新,0,,幸福実現党員・ＨＳ政経塾長代理▽東大,http://www.asahi.com/senkyo/senkyo2017/koho/A13.html
東京1区,,,,山田,美樹,やまだ,みき,43,自民,公明,前,2,比例,党女性局次長〈元〉エルメス日本法人社員・経産省職員▽米コロンビア大院,http://www.asahi.com/senkyo/senkyo2017/koho/A13.html
東京1区,,,,又吉,光雄,またよし,みつお,73,諸派,,新,0,,世界経済共同体党代表〈元〉学習塾経営・自動車販売会社員▽中大,http://www.asahi.com/senkyo/senkyo2017/koho/A13.html
東京1区,,,,海江田,万里,かいえだ,ばんり,68,立憲,,元,6,比例,〈元〉民主党代表・経産相・経財相・党政調会長・参院議員秘書▽慶大,http://www.asahi.com/senkyo/senkyo2017/koho/A13.html
東京1区,,,,犬丸,光加,いぬまる,みつか,57,諸派,,新,0,,犬丸勝子と共和党代表・医療介護会社長▽福岡大院,http://www.asahi.com/senkyo/senkyo2017/koho/A13.html
東京2区,,,,辻,清人,つじ,きよと,38,自民,公明,前,2,比例,党国際局次長〈元〉米国際問題研究員・リクルート社員▽米コロンビア大院,http://www.asahi.com/senkyo/senkyo2017/koho/A13.html
東京2区,,,,松尾,明弘,まつお,あきひろ,42,立憲,,新,0,比例,弁護士〈元〉ＩＴ関連会社役員・ＮＴＴ社員▽東大,http://www.asahi.com/senkyo/senkyo2017/koho/A13.html
東京2区,,,,鳩山,太郎,はとやま,たろう,43,希望,,新,0,比例,〈元〉総務相秘書官・都議▽早大,http://www.asahi.com/senkyo/senkyo2017/koho/A13.html
東京3区,,,,香西,克介,こうざい,かつすけ,41,共産,,新,0,,党地区委員長・党准中央委員〈元〉民青都委員長▽大森高,http://www.asahi.com/senkyo/senkyo2017/koho/A13.html
東京3区,,,,石原,宏高,いしはら,ひろたか,53,自民,公明,前,3,比例,党内閣第２部会長〈元〉内閣府副大臣・外務政務官・興銀行員▽慶大,http://www.asahi.com/senkyo/senkyo2017/koho/A13.html
東京3区,,,,松原,仁,まつばら,じん,61,希望,,前,6,比例,〈元〉民進党都会長・拉致問題相・都議・松下政経塾生▽早大,http://www.asahi.com/senkyo/senkyo2017/koho/A13.html
東京4区,,,,井戸,正枝,いど,まさえ,51,立憲,,元,1,比例,著述業・親子法改正研究ＮＰＯ代表理事〈元〉兵庫県議▽東京女大,http://www.asahi.com/senkyo/senkyo2017/koho/A13.html
東京4区,,,,平,将明,たいら,まさあき,50,自民,公明,前,4,比例,〈元〉内閣府副大臣・青果仲卸会社長・東京青年会議所理事長▽早大,http://www.asahi.com/senkyo/senkyo2017/koho/A13.html
東京4区,,,,難波,美智代,なんば,みちよ,43,希望,,新,0,比例,健康教育会社長・健康教育推進団体顧問▽神奈川県追浜高,http://www.asahi.com/senkyo/senkyo2017/koho/A13.html
東京4区,,,,青山,昂平,あおやま,こうへい,26,共産,,新,0,,党都青年学生部員・党区雇用と生活対策室長▽中大,http://www.asahi.com/senkyo/senkyo2017/koho/A13.html
東京5区,,,,手塚,仁雄,てづか,よしお,51,立憲,,元,3,比例,〈元〉民主党広報委員長・首相補佐官・党都会長代行・都議▽早大,http://www.asahi.com/senkyo/senkyo2017/koho/A13.html
東京5区,,,,福田,峰之,ふくだ,みねゆき,53,希望,,前,3,比例,〈元〉内閣府副大臣・横浜市議・衆院議員秘書▽立教大,http://www.asahi.com/senkyo/senkyo2017/koho/A13.html
東京5区,,,,若宮,健嗣,わかみや,けんじ,56,自民,公明,前,3,比例,党国防部会長〈元〉防衛副大臣・党国対副委員長・不動産賃貸会社長▽慶大,http://www.asahi.com/senkyo/senkyo2017/koho/A13.html
東京6区,,,,越智,隆雄,おち,たかお,53,自民,公明,前,3,比例,内閣府副大臣〈元〉党国対副委員長・衆院議員秘書・住友銀行員▽慶大,http://www.asahi.com/senkyo/senkyo2017/koho/A13.html
東京6区,,,,落合,貴之,おちあい,たかゆき,38,立憲,,前,1,比例,〈元〉参院議員秘書・衆院議員秘書・三井住友銀行員▽慶大,http://www.asahi.com/senkyo/senkyo2017/koho/A13.html
東京6区,,,,中岡,茉妃,なかおか,まき,26,諸派,,新,0,,幸福実現党員・幸福の科学職員〈元〉中学校教諭▽国士舘大,http://www.asahi.com/senkyo/senkyo2017/koho/A13.html
東京6区,,,,植松,恵美子,うえまつ,えみこ,49,希望,,新,0,比例,温泉施設運営会社長〈元〉参院予算委理事・民主党政調副会長▽神戸大,http://www.asahi.com/senkyo/senkyo2017/koho/A13.html
東京7区,,,,松本,文明,まつもと,ふみあき,68,自民,公明,前,3,比例,内閣府副大臣〈元〉党国対副委員長・党都議会幹事長・参院議員秘書▽明大,http://www.asahi.com/senkyo/senkyo2017/koho/A13.html
東京7区,,,,長妻,昭,ながつま,あきら,57,立憲,,前,6,比例,党代表代行〈元〉民進党都会長・厚労相・日経ビジネス記者▽慶大,http://www.asahi.com/senkyo/senkyo2017/koho/A13.html
東京7区,,,,荒木,章博,あらき,あきひろ,64,希望,,新,0,比例,医療法人社団常任監事〈元〉熊本県議・熊本市議・衆院議員秘書▽熊本工大,http://www.asahi.com/senkyo/senkyo2017/koho/A13.html
東京7区,,,,井上,郁磨,いのうえ,いくま,26,無所,,新,0,,ＩＴ会社長▽清風高,http://www.asahi.com/senkyo/senkyo2017/koho/A13.html
東京8区,,,,木内,孝胤,きうち,たかたね,51,希望,,前,2,比例,〈元〉民主党政調会長補佐・証券会社員・東京三菱銀行員▽慶大,http://www.asahi.com/senkyo/senkyo2017/koho/A13.html
東京8区,,,,円,より子,まどか,よりこ,70,無所,,新,0,,現代家族問題研究所代表〈元〉参院議員・民主党副代表▽津田塾大,http://www.asahi.com/senkyo/senkyo2017/koho/A13.html
東京8区,,,,斎藤,郁真,さいとう,いくま,29,諸派,,新,0,,全学連委員長・都政を革新する会会員▽法大中退,http://www.asahi.com/senkyo/senkyo2017/koho/A13.html
東京8区,,,,長内,史子,おさない,ふみこ,29,共産,,新,0,,民青都副委員長▽東京農大短大部,http://www.asahi.com/senkyo/senkyo2017/koho/A13.html
東京8区,,,,吉田,晴美,よしだ,はるみ,45,立憲,,新,0,比例,法大兼任講師〈元〉法相秘書官・証券会社員▽英バーミンガム大院,http://www.asahi.com/senkyo/senkyo2017/koho/A13.html
東京8区,,,,石原,伸晃,いしはら,のぶてる,60,自民,公明,前,9,比例,〈元〉経済再生相・党都会長・環境相・党幹事長・日本テレビ記者▽慶大,http://www.asahi.com/senkyo/senkyo2017/koho/A13.html
東京9区,,,,高松,智之,たかまつ,さとし,43,希望,,新,0,比例,〈元〉練馬区議・参院議員秘書・松下政経塾生▽東大院,http://www.asahi.com/senkyo/senkyo2017/koho/A13.html
東京9区,,,,原,純子,はら,じゅんこ,53,共産,,新,0,比例,党都常任委員・社会福祉士〈元〉参院議員秘書・医療法人職員▽日本福祉大,http://www.asahi.com/senkyo/senkyo2017/koho/A13.html
東京9区,,,,菅原,一秀,すがわら,いっしゅう,55,自民,公明,前,5,比例,党都会長代行〈元〉財務副大臣・都議・練馬区議・日商岩井社員▽早大,http://www.asahi.com/senkyo/senkyo2017/koho/A13.html
東京9区,,,,前田,吉成,まえだ,よしなり,62,無所,,新,0,,〈元〉警備員・土木作業員▽鹿児島県徳之島高,http://www.asahi.com/senkyo/senkyo2017/koho/A13.html
東京10区,,,,若狭,勝,わかさ,まさる,60,希望,,前,2,比例,弁護士〈元〉自民党法務副部会長・東京地検特捜部副部長▽中大,http://www.asahi.com/senkyo/senkyo2017/koho/A13.html
東京10区,,,,鈴木,庸介,すずき,ようすけ,41,立憲,,新,0,比例,〈元〉立教大兼任講師・ＮＨＫ記者▽米コロンビア大院,http://www.asahi.com/senkyo/senkyo2017/koho/A13.html
東京10区,,,,鈴木,隼人,すずき,はやと,40,自民,公明,前,1,比例,党青年局次長〈元〉経産省職員▽東大院,http://www.asahi.com/senkyo/senkyo2017/koho/A13.html
東京10区,,,,岸,良信,きし,よしのぶ,62,共産,,新,0,,党地区委員長・党都委員〈元〉民青都副委員長▽都立大,http://www.asahi.com/senkyo/senkyo2017/koho/A13.html
東京10区,,,,吉井,利光,よしい,としみつ,35,諸派,,新,0,,幸福実現党都代表・ＨＳ政経塾部長・幸福の科学職員▽慶大,http://www.asahi.com/senkyo/senkyo2017/koho/A13.html
東京10区,,,,小山,徹,こやま,とおる,42,無所,,新,0,,自動車部品製造会社員▽中部大院,http://www.asahi.com/senkyo/senkyo2017/koho/A13.html
東京11区,,,,宍戸,千絵,ししど,ちえ,39,希望,,新,0,比例,富士ゼロックス社員〈元〉独立行政法人職員▽米ジョージワシントン大院,http://www.asahi.com/senkyo/senkyo2017/koho/A13.html
東京11区,,,,前田,順一郎,まえだ,じゅんいちろう,42,立憲,,新,0,比例,公認会計士〈元〉国交省職員・あずさ監査法人社員・富士銀行員▽東大,http://www.asahi.com/senkyo/senkyo2017/koho/A13.html
東京11区,,,,下村,博文,しもむら,はくぶん,63,自民,公明,前,7,比例,〈元〉党幹事長代行・文科相・官房副長官・都議・学習塾経営業▽早大,http://www.asahi.com/senkyo/senkyo2017/koho/A13.html
東京11区,,,,小堤,東,こづつみ,あずま,28,共産,,新,0,,民青都副委員長〈元〉コンサルタント会社員▽中大,http://www.asahi.com/senkyo/senkyo2017/koho/A13.html
東京12区,,,,中村,勝,なかむら,まさる,66,諸派,,新,0,,議員報酬ゼロを実現する会代表・建設会社長〈元〉阪大事務職員▽立命大,http://www.asahi.com/senkyo/senkyo2017/koho/A13.html
東京12区,,,,池内,沙織,いけうち,さおり,35,共産,,前,1,比例,党准中央委員〈元〉党都委員・党都青年学生部員・民青都副委員長▽中大,http://www.asahi.com/senkyo/senkyo2017/koho/A13.html
東京12区,,,,太田,昭宏,おおた,あきひろ,72,公明,自民,前,7,,党全国議員団会議議長〈元〉国交相・党代表・公明新聞記者▽京大院,http://www.asahi.com/senkyo/senkyo2017/koho/A13.html
東京13区,,,,祖父江,元希,そぶえ,もとき,42,共産,,新,0,,党准中央委員・党地区副委員長〈元〉病院職員▽東京農工大院,http://www.asahi.com/senkyo/senkyo2017/koho/A13.html
東京13区,,,,鴨下,一郎,かもした,いちろう,68,自民,公明,前,8,比例,党都会長・医師〈元〉党国対委員長・環境相・厚労副大臣▽日大院,http://www.asahi.com/senkyo/senkyo2017/koho/A13.html
東京13区,,,,北條,智彦,きたじょう,ともひこ,34,立憲,,新,0,比例,〈元〉三井物産社員▽慶大,http://www.asahi.com/senkyo/senkyo2017/koho/A13.html
東京14区,,,,矢作,麻子,やはぎ,あさこ,39,希望,,新,0,比例,弁護士▽早大院,http://www.asahi.com/senkyo/senkyo2017/koho/A13.html
東京14区,,,,阿藤,和之,あとう,かずゆき,46,共産,,新,0,,党准中央委員・党都委員〈元〉党地区委員長・党都青年学生部員▽東大,http://www.asahi.com/senkyo/senkyo2017/koho/A13.html
東京14区,,,,松島,みどり,まつしま,みどり,61,自民,公明,前,5,比例,党司法制度調査会長〈元〉法相・経産副大臣・朝日新聞記者▽東大,http://www.asahi.com/senkyo/senkyo2017/koho/A13.html
東京14区,,,,清井,美穂,せいい,みほ,54,諸派,,新,0,,幸福実現党員〈元〉音楽教室経営・中学校教諭▽東京音大,http://www.asahi.com/senkyo/senkyo2017/koho/A13.html
東京14区,,,,大塚,紀久雄,おおつか,きくお,76,無所,,新,0,,貸事務所業〈元〉印刷紙器会社代表社員▽明学大,http://www.asahi.com/senkyo/senkyo2017/koho/A13.html
東京15区,,,,吉田,年男,よしだ,としお,69,共産,,新,0,,党地区委員長〈元〉機械設計会社員▽日大東北工高,http://www.asahi.com/senkyo/senkyo2017/koho/A13.html
東京15区,,,,柿沢,未途,かきざわ,みと,46,希望,,前,3,比例,〈元〉衆院予算委理事・維新の党政調会長・都議・ＮＨＫ記者▽東大,http://www.asahi.com/senkyo/senkyo2017/koho/A13.html
東京15区,,,,猪野,隆,いの,たかし,52,無所,,新,0,,〈元〉国税庁職員▽東大在学,http://www.asahi.com/senkyo/senkyo2017/koho/A13.html
東京15区,,,,秋元,司,あきもと,つかさ,46,自民,公明,前,2,比例,国交副大臣〈元〉衆院内閣委員長・党国交部会長・参院議員▽大東文化大,http://www.asahi.com/senkyo/senkyo2017/koho/A13.html
東京16区,,,,大西,英男,おおにし,ひでお,71,自民,公明,前,2,比例,党国交副部会長〈元〉党都副会長・都議・江戸川区議長▽国学院大,http://www.asahi.com/senkyo/senkyo2017/koho/A13.html
東京16区,,,,初鹿,明博,はつしか,あきひろ,48,立憲,,前,2,比例,障害者福祉施設運営法人代表〈元〉民進党国対副委員長・都議▽東大,http://www.asahi.com/senkyo/senkyo2017/koho/A13.html
東京16区,,,,田村,謙治,たむら,けんじ,49,希望,,元,3,比例,〈元〉民主党政調副会長・内閣府政務官・衆院議員秘書・財務省職員▽東大,http://www.asahi.com/senkyo/senkyo2017/koho/A13.html
東京17区,,,,新井,杉生,あらい,すぎお,58,共産,,新,0,,党地区委員長・原水協地区常任理事▽国際鍼灸専門学校,http://www.asahi.com/senkyo/senkyo2017/koho/A13.html
東京17区,,,,平沢,勝栄,ひらさわ,かつえい,72,自民,,前,7,比例,〈元〉党広報本部長・衆院外務委員長・内閣府副大臣・警察庁審議官▽東大,http://www.asahi.com/senkyo/senkyo2017/koho/A13.html
東京17区,,,,西田,主税,にしだ,ちから,55,希望,,新,0,比例,〈元〉環境省情報分析官・東北大院教授▽京大院,http://www.asahi.com/senkyo/senkyo2017/koho/A13.html
東京18区,,,,鴇田,敦,ときた,あつし,51,希望,,新,0,比例,〈元〉テレビ東京記者・浦安市行政改革推進委員▽早大,http://www.asahi.com/senkyo/senkyo2017/koho/A13.html
東京18区,,,,菅,直人,かん,なおと,71,立憲,,前,12,比例,党最高顧問・弁理士〈元〉首相・民主党代表・財務相・厚相▽東工大,http://www.asahi.com/senkyo/senkyo2017/koho/A13.html
東京18区,,,,土屋,正忠,つちや,まさただ,75,自民,公明,前,3,,〈元〉総務副大臣・武蔵野市長・都市長会長・市議・市職員▽早大,http://www.asahi.com/senkyo/senkyo2017/koho/A13.html
東京19区,,,,佐々木,里加,ささき,りか,50,希望,,新,0,比例,女子美大短大部非常勤講師〈元〉多摩美大院助手▽多摩美大院,http://www.asahi.com/senkyo/senkyo2017/koho/A13.html
東京19区,,,,杉下,茂雄,すぎした,しげお,68,共産,,新,0,,党地区常任委員〈元〉全厚生労組委員長・社会保険庁職員▽石川県門前高,http://www.asahi.com/senkyo/senkyo2017/koho/A13.html
東京19区,,,,松本,洋平,まつもと,ようへい,44,自民,公明,前,3,比例,党国対副委員長〈元〉内閣府副大臣・党青年局長・ＵＦＪ銀行員▽慶大,http://www.asahi.com/senkyo/senkyo2017/koho/A13.html
東京19区,,,,末松,義規,すえまつ,よしのり,60,立憲,,元,5,比例,〈元〉復興副大臣・首相補佐官・民主党国際局長・外務省職員▽一橋大,http://www.asahi.com/senkyo/senkyo2017/koho/A13.html
東京20区,,,,木原,誠二,きはら,せいじ,47,自民,公明,前,3,比例,党政調副会長〈元〉外務副大臣・党国対副委員長・財務省職員▽東大,http://www.asahi.com/senkyo/senkyo2017/koho/A13.html
東京20区,,,,鹿野,晃,かの,あきら,44,希望,,新,0,比例,医師〈元〉青梅市立総合病院救命救急センター医長▽藤田保健衛生大,http://www.asahi.com/senkyo/senkyo2017/koho/A13.html
東京20区,,,,宮本,徹,みやもと,とおる,45,共産,,前,1,比例,党中央委員〈元〉党政策委副責任者・党都副委員長▽東大,http://www.asahi.com/senkyo/senkyo2017/koho/A13.html
東京21区,,,,小糸,健介,こいと,けんすけ,35,社民,立憲,新,0,比例,牧師・党都子ども人権政策局長〈元〉幼稚園長▽同志社大院中退,http://www.asahi.com/senkyo/senkyo2017/koho/A13.html
東京21区,,,,長島,昭久,ながしま,あきひさ,55,希望,,前,5,比例,〈元〉防衛副大臣・首相補佐官・衆院議員秘書▽慶大院,http://www.asahi.com/senkyo/senkyo2017/koho/A13.html
東京21区,,,,天木,直人,あまき,なおと,70,諸派,,新,0,,新党憲法９条代表・外交評論家〈元〉レバノン大使▽京大中退,http://www.asahi.com/senkyo/senkyo2017/koho/A13.html
東京21区,,,,小田原,潔,おだわら,きよし,53,自民,公明,前,2,比例,〈元〉外務政務官・モルガンスタンレー証券社員・富士銀行員▽東大,http://www.asahi.com/senkyo/senkyo2017/koho/A13.html
東京22区,,,,山花,郁夫,やまはな,いくお,50,立憲,,元,3,比例,〈元〉法務副大臣・民主党副幹事長・資格試験予備校講師▽立命大,http://www.asahi.com/senkyo/senkyo2017/koho/A13.html
東京22区,,,,伊藤,達也,いとう,たつや,56,自民,公明,前,7,比例,〈元〉地方創生相補佐官・関西学院大教授・首相補佐官・金融相▽慶大,http://www.asahi.com/senkyo/senkyo2017/koho/A13.html
東京22区,,,,金ケ崎,絵美,かながさき,えみ,41,希望,,新,0,比例,弁護士▽東大院,http://www.asahi.com/senkyo/senkyo2017/koho/A13.html
東京22区,,,,阿部,真,あべ,まこと,43,共産,,新,0,,党地区委員長・党都委員〈元〉民青都副委員長▽早大,http://www.asahi.com/senkyo/senkyo2017/koho/A13.html
東京23区,,,,松村,亮佑,まつむら,りょうすけ,37,共産,,新,0,,党地区副委員長・党地区青年学生部長〈元〉民青都副委員長▽和光大,http://www.asahi.com/senkyo/senkyo2017/koho/A13.html
東京23区,,,,小倉,将信,おぐら,まさのぶ,36,自民,公明,前,2,比例,総務政務官〈元〉保育園副理事長・党国際局次長・日本銀行員▽東大,http://www.asahi.com/senkyo/senkyo2017/koho/A13.html
東京23区,,,,伊藤,俊輔,いとう,しゅんすけ,38,希望,,新,0,比例,国際航空貨物代理店会長▽中大,http://www.asahi.com/senkyo/senkyo2017/koho/A13.html
東京24区,,,,吉羽,美華,よしば,みか,37,希望,,新,0,比例,〈元〉新党大地支部長・民主党支部長・寝屋川市議▽関学大,http://www.asahi.com/senkyo/senkyo2017/koho/A13.html
東京24区,,,,萩生田,光一,はぎうだ,こういち,54,自民,公明,前,4,比例,党幹事長代行〈元〉内閣官房副長官・都議・八王子市議▽明大,http://www.asahi.com/senkyo/senkyo2017/koho/A13.html
東京24区,,,,飯田,美弥子,いいだ,みやこ,57,共産,,新,0,比例,弁護士・国民救援会総支部副会長▽早大,http://www.asahi.com/senkyo/senkyo2017/koho/A13.html
東京24区,,,,高橋,斉久,たかはし,なりひさ,44,立憲,,新,0,比例,弁護士〈元〉中大法科大学院実務講師・松下政経塾生▽京大,http://www.asahi.com/senkyo/senkyo2017/koho/A13.html
東京25区,,,,井上,宣,いのうえ,たかし,43,共産,,新,0,,党地区委員長〈元〉党地区青年学生部長・民青都委員▽大東文化大,http://www.asahi.com/senkyo/senkyo2017/koho/A13.html
東京25区,,,,山下,容子,やました,ようこ,58,立憲,,新,0,比例,フリーアナウンサー〈元〉都議・東京アナウンス学院講師▽千葉大,http://www.asahi.com/senkyo/senkyo2017/koho/A13.html
東京25区,,,,井上,信治,いのうえ,しんじ,48,自民,公明,前,5,比例,党副幹事長〈元〉衆院内閣委員長・環境副大臣・国交省職員▽東大,http://www.asahi.com/senkyo/senkyo2017/koho/A13.html
東京25区,,,,小沢,鋭仁,おざわ,さきひと,63,希望,,前,8,比例,〈元〉維新国対委員長・環境相・民主党幹事長代理・東京銀行員▽東大,http://www.asahi.com/senkyo/senkyo2017/koho/A13.html
神奈川1区,,,,松本,純,まつもと,じゅん,67,自民,公明,前,6,比例,党国会対策委員長代理〈元〉国家公安委員長・横浜市議▽東京薬大,http://www.asahi.com/senkyo/senkyo2017/koho/A14.html
神奈川1区,,,,長島,一由,ながしま,かずよし,50,希望,,元,1,比例,映画監督〈元〉逗子市長・鎌倉市議・フジテレビ記者▽東大院,http://www.asahi.com/senkyo/senkyo2017/koho/A14.html
神奈川1区,,,,篠原,豪,しのはら,ごう,42,立憲,,前,1,比例,〈元〉民進党政調副会長・維新の党国対副委員長・横浜市議▽早大院,http://www.asahi.com/senkyo/senkyo2017/koho/A14.html
神奈川2区,,,,高橋,野枝,たかはし,のえ,43,立憲,,新,0,比例,携帯電話会社員・慈善団体員▽立教大院,http://www.asahi.com/senkyo/senkyo2017/koho/A14.html
神奈川2区,,,,菅,義偉,すが,よしひで,68,自民,公明,前,7,比例,官房長官〈元〉党幹事長代行・総務相・経産政務官・横浜市議▽法大,http://www.asahi.com/senkyo/senkyo2017/koho/A14.html
神奈川2区,,,,大貫,清文,おおぬき,きよふみ,60,共産,,新,0,,党神奈川県委員〈元〉赤旗記者・学習塾講師▽都立大,http://www.asahi.com/senkyo/senkyo2017/koho/A14.html
神奈川2区,,,,橋本,久美,はしもと,くみ,48,希望,,新,0,比例,建築会社監査役〈元〉スクールカウンセラー▽東京学芸大院,http://www.asahi.com/senkyo/senkyo2017/koho/A14.html
神奈川3区,,,,壹岐,愛子,いき,あいこ,32,諸派,,新,0,,幸福実現党神奈川県女性部長〈元〉党県副代表・ＯＡ機器販売社員▽多摩大,http://www.asahi.com/senkyo/senkyo2017/koho/A14.html
神奈川3区,,,,勝又,恒一郎,かつまた,こういちろう,54,希望,,元,1,比例,大学非常勤講師〈元〉神奈川県議・松下政経塾生▽横浜国大院,http://www.asahi.com/senkyo/senkyo2017/koho/A14.html
神奈川3区,,,,小此木,八郎,おこのぎ,はちろう,52,自民,公明,前,7,比例,国家公安委員長・党神奈川県会長〈元〉経産副大臣▽玉川大,http://www.asahi.com/senkyo/senkyo2017/koho/A14.html
神奈川3区,,,,伊藤,久美子,いとう,くみこ,57,無所,立憲,新,0,,環境ＮＰＯ理事〈元〉神奈川県議・特許事務所員▽跡見学園短大,http://www.asahi.com/senkyo/senkyo2017/koho/A14.html
神奈川3区,,,,釘丸,進,くぎまる,すすむ,44,共産,,新,0,,党地区委員長〈元〉空調設備会社員▽東海大,http://www.asahi.com/senkyo/senkyo2017/koho/A14.html
神奈川4区,,,,山本,朋広,やまもと,ともひろ,42,自民,公明,前,3,比例,防衛兼内閣府副大臣〈元〉文科兼復興政務官・松下政経塾生▽京大院,http://www.asahi.com/senkyo/senkyo2017/koho/A14.html
神奈川4区,,,,早稲田,夕季,わせだ,ゆき,58,立憲,,新,0,比例,〈元〉神奈川県議・鎌倉市議・日本輸出入銀行員▽早大,http://www.asahi.com/senkyo/senkyo2017/koho/A14.html
神奈川4区,,,,浅尾,慶一郎,あさお,けいいちろう,53,無所,,前,3,,〈元〉みんなの党代表・参院議員・興銀行員▽米スタンフォード大院,http://www.asahi.com/senkyo/senkyo2017/koho/A14.html
神奈川4区,,,,風間,法子,かざま,のりこ,47,希望,,新,0,比例,〈元〉コンサル社員・松下政経塾生・シンクタンク社員▽横浜国大院,http://www.asahi.com/senkyo/senkyo2017/koho/A14.html
神奈川5区,,,,坂井,学,さかい,まなぶ,52,自民,公明,前,3,比例,総務副大臣兼内閣府副大臣〈元〉財務副大臣・衆院議員秘書▽東大,http://www.asahi.com/senkyo/senkyo2017/koho/A14.html
神奈川5区,,,,横山,征吾,よこやま,せいご,46,共産,,新,0,,党地区副委員長〈元〉精密機械会社員▽東京工業専門学校,http://www.asahi.com/senkyo/senkyo2017/koho/A14.html
神奈川5区,,,,吉岡,憲史,よしおか,けんじ,39,希望,,新,0,比例,投資コンサルタント会社役員〈元〉民放テレビ局記者▽英ラフバラ大院,http://www.asahi.com/senkyo/senkyo2017/koho/A14.html
神奈川6区,,,,串田,誠一,くしだ,せいいち,59,維新,,新,0,比例,弁護士〈元〉法大院教授▽法大,http://www.asahi.com/senkyo/senkyo2017/koho/A14.html
神奈川6区,,,,青柳,陽一郎,あおやぎ,よういちろう,48,立憲,,前,2,比例,〈元〉民進党国対副委員長・衆院議員秘書▽早大専門職院,http://www.asahi.com/senkyo/senkyo2017/koho/A14.html
神奈川6区,,,,上田,勇,うえだ,いさむ,59,公明,自民,前,7,,党神奈川県代表〈元〉大学非常勤講師・衆院経産委員長・財務副大臣▽東大,http://www.asahi.com/senkyo/senkyo2017/koho/A14.html
神奈川7区,,,,鈴木,馨祐,すずき,けいすけ,40,自民,公明,前,3,比例,党青年局長〈元〉党副幹事長・国交兼内閣府政務官・財務省職員▽東大,http://www.asahi.com/senkyo/senkyo2017/koho/A14.html
神奈川7区,,,,川野,案,かわの,あん,35,希望,維新,新,0,比例,法律事務所社員▽桜美林大,http://www.asahi.com/senkyo/senkyo2017/koho/A14.html
神奈川7区,,,,中谷,一馬,なかたに,かずま,34,立憲,,新,0,比例,〈元〉神奈川県議・衆院議員秘書・元ＩＴ会社役員▽呉竹鍼灸柔整専門学校,http://www.asahi.com/senkyo/senkyo2017/koho/A14.html
神奈川8区,,,,加藤,リカ,かとう,りか,45,共産,,新,0,,党地区常任委員〈元〉幼稚園教諭・小学校非常勤講師▽東京学芸大,http://www.asahi.com/senkyo/senkyo2017/koho/A14.html
神奈川8区,,,,大西,恒樹,おおにし,つねき,53,諸派,,新,0,,ＩＴ会社長・フェア党代表〈元〉飲食店経営・外資系銀行員▽上智大,http://www.asahi.com/senkyo/senkyo2017/koho/A14.html
神奈川8区,,,,江田,憲司,えだ,けんじ,61,無所,,前,5,,〈元〉民進党代表代行・維新の党代表・首相秘書官・通産相秘書官▽東大,http://www.asahi.com/senkyo/senkyo2017/koho/A14.html
神奈川8区,,,,三谷,英弘,みたに,ひでひろ,41,自民,公明,元,1,比例,弁護士〈元〉みんなの党倫理委員長・中大兼任講師▽東大,http://www.asahi.com/senkyo/senkyo2017/koho/A14.html
神奈川9区,,,,斉藤,温,さいとう,のどか,26,共産,,新,0,,翻訳業・党神奈川９区青年女性部長〈元〉在シンガポール日本語教師▽早大,http://www.asahi.com/senkyo/senkyo2017/koho/A14.html
神奈川9区,,,,中山,展宏,なかやま,のりひろ,49,自民,公明,前,2,比例,〈元〉衆院議員秘書・勧角証券社員▽青学大,http://www.asahi.com/senkyo/senkyo2017/koho/A14.html
神奈川9区,,,,笠,浩史,りゅう,ひろふみ,52,希望,,前,5,比例,〈元〉文科副大臣・文科政務官・民主党副幹事長・テレビ朝日記者▽慶大,http://www.asahi.com/senkyo/senkyo2017/koho/A14.html
神奈川10区,,,,市川,佳子,いちかわ,よしこ,53,希望,,新,0,比例,〈元〉神奈川県議・川崎市議・参院議員秘書▽慶大,http://www.asahi.com/senkyo/senkyo2017/koho/A14.html
神奈川10区,,,,畑野,君枝,はたの,きみえ,60,共産,,前,1,比例,党中央委員〈元〉参院議員・中学教諭▽横浜国大,http://www.asahi.com/senkyo/senkyo2017/koho/A14.html
神奈川10区,,,,田中,和徳,たなか,かずのり,68,自民,公明,前,7,比例,〈元〉環境副大臣・財務副大臣・神奈川県議・川崎市議▽法大,http://www.asahi.com/senkyo/senkyo2017/koho/A14.html
神奈川11区,,,,瀬戸,和弘,せと,かずひろ,65,共産,,新,0,,党地区副委員長・党神奈川県委員〈元〉赤旗出張所長▽北海道津別高,http://www.asahi.com/senkyo/senkyo2017/koho/A14.html
神奈川11区,,,,真白,リョウ,ましろ,りょう,41,希望,,新,0,比例,作曲家・楽曲制作会社長▽大阪音大,http://www.asahi.com/senkyo/senkyo2017/koho/A14.html
神奈川11区,,,,小泉,進次郎,こいずみ,しんじろう,36,自民,,前,3,,党副幹事長〈元〉党農林部会長・内閣府兼復興政務官▽米コロンビア大院,http://www.asahi.com/senkyo/senkyo2017/koho/A14.html
神奈川11区,,,,圷,孝行,あくつ,たかゆき,67,諸派,,新,0,,労働の解放をめざす労働者党代表委員〈元〉県立高教諭▽中央大,http://www.asahi.com/senkyo/senkyo2017/koho/A14.html
神奈川12区,,,,原,輝雄,はら,てるお,43,希望,,新,0,比例,〈元〉藤沢市議・市農業委員・衆院議員秘書・税理士事務所員▽中央大,http://www.asahi.com/senkyo/senkyo2017/koho/A14.html
神奈川12区,,,,星野,剛士,ほしの,つよし,54,自民,公明,前,2,比例,〈元〉経産政務官・経営コンサル会社役員・神奈川県議・産経記者▽日大,http://www.asahi.com/senkyo/senkyo2017/koho/A14.html
神奈川12区,,,,阿部,知子,あべ,ともこ,69,立憲,,前,6,比例,小児科医師〈元〉民進党副代表・社民党政審会長・千葉徳洲会病院長▽東大,http://www.asahi.com/senkyo/senkyo2017/koho/A14.html
神奈川13区,,,,甘利,明,あまり,あきら,68,自民,公明,前,11,比例,党総務〈元〉経済再生相・党政調会長・経産相・労相・衆院議員秘書▽慶大,http://www.asahi.com/senkyo/senkyo2017/koho/A14.html
神奈川13区,,,,太,栄志,ふとり,ひでし,40,希望,,新,0,比例,コンサル会社研究員〈元〉米シンクタンク研究員・衆院議員秘書▽中大院,http://www.asahi.com/senkyo/senkyo2017/koho/A14.html
神奈川13区,,,,岡崎,裕,おかざき,ゆたか,39,共産,,新,0,比例,党神奈川県常任委員〈元〉民青県副委員長・労組職員▽神奈川大中退,http://www.asahi.com/senkyo/senkyo2017/koho/A14.html
神奈川14区,,,,本村,賢太郎,もとむら,けんたろう,47,希望,,前,2,比例,〈元〉民進党神奈川県代表・県議・衆院議員秘書・建設会社員▽青学大,http://www.asahi.com/senkyo/senkyo2017/koho/A14.html
神奈川14区,,,,中野渡,旬,なかのわたり,じゅん,69,共産,,新,0,,党地区副委員長〈元〉化学会社員・アルプス電気社員▽茨城大院,http://www.asahi.com/senkyo/senkyo2017/koho/A14.html
神奈川14区,,,,赤間,二郎,あかま,じろう,49,自民,公明,前,3,比例,内閣府副大臣・保護司〈元〉総務政務官・党副幹事長・神奈川県議▽立教大,http://www.asahi.com/senkyo/senkyo2017/koho/A14.html
神奈川15区,,,,河野,太郎,こうの,たろう,54,自民,公明,前,7,比例,外相〈元〉行政改革担当相・国家公安委員長▽米ジョージタウン大,http://www.asahi.com/senkyo/senkyo2017/koho/A14.html
神奈川15区,,,,佐々木,克己,ささき,かつみ,62,社民,,新,0,比例,党神奈川県副代表〈元〉県立高校教諭・県高教組副委員長▽東大,http://www.asahi.com/senkyo/senkyo2017/koho/A14.html
神奈川15区,,,,乃木,涼介,のぎ,りょうすけ,53,希望,,新,0,比例,俳優▽同志社大,http://www.asahi.com/senkyo/senkyo2017/koho/A14.html
神奈川16区,,,,義家,弘介,よしいえ,ひろゆき,46,自民,公明,前,2,比例,党財務金融部会長〈元〉文科副大臣・参院議員・高校教諭▽明学大,http://www.asahi.com/senkyo/senkyo2017/koho/A14.html
神奈川16区,,,,後藤,祐一,ごとう,ゆういち,48,希望,,前,3,比例,〈元〉民進党神奈川県代表・コンサルティング会社員・経産省職員▽東大,http://www.asahi.com/senkyo/senkyo2017/koho/A14.html
神奈川16区,,,,池田,博英,いけだ,ひろひで,54,共産,,新,0,,党地区委員長〈元〉大学生協職員▽日大,http://www.asahi.com/senkyo/senkyo2017/koho/A14.html
神奈川17区,,,,横田,英司,よこた,えいじ,59,共産,,新,0,,党神奈川県委員〈元〉ソフト開発会社員▽静岡大,http://www.asahi.com/senkyo/senkyo2017/koho/A14.html
神奈川17区,,,,牧島,かれん,まきしま,かれん,40,自民,公明,前,2,比例,党財政金融証券団体委員長〈元〉内閣府政務官▽国際基督教大院,http://www.asahi.com/senkyo/senkyo2017/koho/A14.html
神奈川17区,,,,神山,洋介,かみやま,ようすけ,42,希望,,前,2,比例,〈元〉衆院内閣委員会理事・松下政経塾生・第一生命保険社員▽慶大,http://www.asahi.com/senkyo/senkyo2017/koho/A14.html
神奈川18区,,,,山際,大志郎,やまぎわ,だいしろう,49,自民,公明,前,4,比例,党川崎市会長・獣医師〈元〉経産副大臣・内閣府政務官▽東大院,http://www.asahi.com/senkyo/senkyo2017/koho/A14.html
神奈川18区,,,,三村,和也,みむら,かずや,42,希望,,元,1,比例,〈元〉民主党政調会長補佐・経産省職員▽東大,http://www.asahi.com/senkyo/senkyo2017/koho/A14.html
神奈川18区,,,,若林,靖久,わかばやし,やすひさ,32,共産,,新,0,比例,党准神奈川県委員〈元〉機械製造会社員▽神奈川県立産業技術短期大学校,http://www.asahi.com/senkyo/senkyo2017/koho/A14.html
新潟1区,,,,西村,智奈美,にしむら,ちなみ,50,立憲,共産/社民,前,4,比例,〈元〉厚労副大臣・外務政務官・新潟県議▽新潟大院,http://www.asahi.com/senkyo/senkyo2017/koho/A15.html
新潟1区,,,,石崎,徹,いしざき,とおる,33,自民,公明,前,2,比例,党国防部会長代理・党青年局次長〈元〉内閣官房職員・財務省職員▽慶大,http://www.asahi.com/senkyo/senkyo2017/koho/A15.html
新潟2区,,,,細田,健一,ほそだ,けんいち,53,自民,公明,前,2,比例,党農林部会副部会長〈元〉農水政務官・経産省職員▽米ハーバード大院,http://www.asahi.com/senkyo/senkyo2017/koho/A15.html
新潟2区,,,,鷲尾,英一郎,わしお,えいいちろう,40,無所,,前,4,,民進党新潟県代表・公認会計士・税理士〈元〉農水政務官▽東大,http://www.asahi.com/senkyo/senkyo2017/koho/A15.html
新潟2区,,,,五十嵐,健彦,いがらし,たけひこ,37,共産,,新,0,,党新潟県委員〈元〉民青県委員長・病院職員▽新潟大,http://www.asahi.com/senkyo/senkyo2017/koho/A15.html
新潟3区,,,,三村,誉一,みむら,よいち,71,無所,,新,0,,〈元〉日本海事協会職員・新発田農高職員▽明大,http://www.asahi.com/senkyo/senkyo2017/koho/A15.html
新潟3区,,,,斎藤,洋明,さいとう,ひろあき,40,自民,公明,前,2,比例,党水産部会長代理〈元〉内閣府職員・公正取引委員会職員▽神戸大院,http://www.asahi.com/senkyo/senkyo2017/koho/A15.html
新潟3区,,,,黒岩,宇洋,くろいわ,たかひろ,51,無所,共産/社民,前,2,,民進党副幹事長〈元〉法務政務官・参院沖縄北方問題特別委員長▽東大中退,http://www.asahi.com/senkyo/senkyo2017/koho/A15.html
新潟4区,,,,菊田,真紀子,きくた,まきこ,47,無所,共産/社民,前,5,,〈元〉民進財務局長・外務政務官・衆院議員秘書・加茂市議▽加茂高,http://www.asahi.com/senkyo/senkyo2017/koho/A15.html
新潟4区,,,,金子,恵美,かねこ,めぐみ,39,自民,公明,前,2,比例,党ネットメディア局次長〈元〉総務政務官・新潟県議・新潟市議▽早大,http://www.asahi.com/senkyo/senkyo2017/koho/A15.html
新潟5区,,,,泉田,裕彦,いずみだ,ひろひこ,55,自民,公明,新,0,比例,〈元〉新潟県知事・岐阜県新産業労働局長・通産省職員▽京大,http://www.asahi.com/senkyo/senkyo2017/koho/A15.html
新潟5区,,,,笠原,麗香,かさはら,れいか,25,諸派,,新,0,,幸福実現党５区支部長〈元〉学習塾校長▽独協大,http://www.asahi.com/senkyo/senkyo2017/koho/A15.html
新潟5区,,,,大平,悦子,おおだいら,えつこ,61,無所,共産/自由/社民,新,0,,〈元〉魚沼市長・魚沼市議・小出町議・町教育委員▽富士短大,http://www.asahi.com/senkyo/senkyo2017/koho/A15.html
新潟6区,,,,高鳥,修一,たかとり,しゅういち,57,自民,公明,前,3,比例,〈元〉内閣府副大臣・党厚労部会長・衆院議員秘書・国土計画社員▽早大,http://www.asahi.com/senkyo/senkyo2017/koho/A15.html
新潟6区,,,,梅谷,守,うめたに,まもる,43,無所,共産/社民,新,0,,若者支援ＮＰＯ理事〈元〉新潟県議・参院議員秘書・繊維商社員▽早大,http://www.asahi.com/senkyo/senkyo2017/koho/A15.html
富山1区,,,,田畑,裕明,たばた,ひろあき,44,自民,公明,前,2,比例,厚労政務官〈元〉富山県議・富山市議・富山第一銀行員▽独協大,http://www.asahi.com/senkyo/senkyo2017/koho/A16.html
富山1区,,,,吉田,豊史,よしだ,とよふみ,47,維新,希望,前,1,比例,飲食店経営〈元〉富山県議・自民党県青年局副局長▽早大,http://www.asahi.com/senkyo/senkyo2017/koho/A16.html
富山1区,,,,青山,了介,あおやま,りょうすけ,42,共産,,新,0,,党富山県委員・民青県委員長〈元〉県原水協理事・書店員▽秋田大中退,http://www.asahi.com/senkyo/senkyo2017/koho/A16.html
富山2区,,,,宮腰,光寛,みやこし,みつひろ,66,自民,公明,前,7,比例,首相補佐官・全国内水面漁連会長・党富山県会長〈元〉県議▽京大中退,http://www.asahi.com/senkyo/senkyo2017/koho/A16.html
富山2区,,,,山崎,彰,やまざき,あきら,67,社民,立憲,新,0,比例,富山県平和運動センター議長〈元〉農政事務所職員▽富山県立大谷技術短大,http://www.asahi.com/senkyo/senkyo2017/koho/A16.html
富山3区,,,,橘,慶一郎,たちばな,けいいちろう,56,自民,公明,前,3,比例,党副幹事長〈元〉復興副大臣・総務政務官・高岡市長▽東大,http://www.asahi.com/senkyo/senkyo2017/koho/A16.html
富山3区,,,,柴田,巧,しばた,たくみ,56,希望,,新,0,比例,〈元〉参院議員・結いの党幹事長代行・富山県議・衆院議員秘書▽早大院,http://www.asahi.com/senkyo/senkyo2017/koho/A16.html
富山3区,,,,坂本,洋史,さかもと,ひろし,47,共産,,新,0,比例,党地区委員長〈元〉党富山県青年学生部長・食品加工会社員▽金沢経大,http://www.asahi.com/senkyo/senkyo2017/koho/A16.html
石川1区,,,,馳,浩,はせ,ひろし,56,自民,公明,前,6,比例,党石川県会長〈元〉文科相・プロレスラー・参院議員・星稜高教諭▽専修大,http://www.asahi.com/senkyo/senkyo2017/koho/A17.html
石川1区,,,,黒崎,清則,くろさき,きよのり,69,共産,,新,0,,党地区副委員長・市民団体顧問〈元〉東京都職員▽羽咋工高,http://www.asahi.com/senkyo/senkyo2017/koho/A17.html
石川1区,,,,田中,美絵子,たなか,みえこ,41,希望,,元,1,比例,〈元〉民進石川副代表・衆院議員秘書・プリペイドカード会社員▽明大院,http://www.asahi.com/senkyo/senkyo2017/koho/A17.html
石川2区,,,,本田,正和,ほんだ,まさかず,68,共産,,新,0,,党地区委員長・党石川県委員〈元〉小松製作所社員▽新潟県立三条工業高,http://www.asahi.com/senkyo/senkyo2017/koho/A17.html
石川2区,,,,柴田,未来,しばた,みき,46,希望,,新,0,比例,弁護士〈元〉日弁連知的財産担当嘱託▽神戸大,http://www.asahi.com/senkyo/senkyo2017/koho/A17.html
石川2区,,,,佐々木,紀,ささき,はじめ,43,自民,公明,前,2,比例,党青年局長代理〈元〉ビル管理会社常務・小松青年会議所理事長▽東北大,http://www.asahi.com/senkyo/senkyo2017/koho/A17.html
石川2区,,,,宮元,智,みやもと,さとし,57,諸派,,新,0,,幸福実現党石川県代表代行〈元〉金沢大非常勤講師▽金沢大院,http://www.asahi.com/senkyo/senkyo2017/koho/A17.html
石川3区,,,,西田,昭二,にしだ,しょうじ,48,自民,公明,新,0,比例,社会福祉法人評議員〈元〉石川県議・七尾市議・衆院議員秘書▽愛知学院大,http://www.asahi.com/senkyo/senkyo2017/koho/A17.html
石川3区,,,,近藤,和也,こんどう,かずや,43,希望,,元,1,比例,〈元〉民進党石川県代表・民主党政調会長補佐・野村証券社員▽京大,http://www.asahi.com/senkyo/senkyo2017/koho/A17.html
石川3区,,,,鈴木,宏太,すずき,こうた,36,共産,,新,0,,党地区常任委員〈元〉薬局事務職員・団体職員▽金沢工大,http://www.asahi.com/senkyo/senkyo2017/koho/A17.html
福井1区,,,,金元,幸枝,かねもと,ゆきえ,59,共産,,新,0,,党福井県書記長・党県県民生活委員長〈元〉赤旗記者▽福井大,http://www.asahi.com/senkyo/senkyo2017/koho/A18.html
福井1区,,,,稲田,朋美,いなだ,ともみ,58,自民,公明,前,4,比例,弁護士〈元〉防衛相・党政調会長・行政改革担当相・党福井県会長▽早大,http://www.asahi.com/senkyo/senkyo2017/koho/A18.html
福井1区,,,,鈴木,宏治,すずき,こうじ,43,希望,,新,0,比例,〈元〉衆院議員秘書・維新の党福井県代表代行・県議▽阪大,http://www.asahi.com/senkyo/senkyo2017/koho/A18.html
福井2区,,,,高木,毅,たかぎ,つよし,61,自民,公明,前,6,比例,〈元〉復興相・国交副大臣・防衛政務官・建築資材会社長▽青学大,http://www.asahi.com/senkyo/senkyo2017/koho/A18.html
福井2区,,,,斉木,武志,さいき,たけし,43,希望,,元,1,比例,〈元〉民主党政調会長補佐・ＮＨＫアナウンサー▽東大,http://www.asahi.com/senkyo/senkyo2017/koho/A18.html
福井2区,,,,猿橋,巧,さるはし,たくみ,63,共産,,新,0,,党福井県委員・不動産会社員〈元〉おおい町議・石油会社員▽若狭農林高,http://www.asahi.com/senkyo/senkyo2017/koho/A18.html
山梨1区,,,,宮内,現,みやうち,げん,35,共産,,新,0,比例,党山梨県常任委員〈元〉民青中央委員・民青県委員長▽都留文科大,http://www.asahi.com/senkyo/senkyo2017/koho/A19.html
山梨1区,,,,西脇,愛,にしわき,あい,32,諸派,,新,0,,幸福実現党支部長・幸福の科学職員▽立教大,http://www.asahi.com/senkyo/senkyo2017/koho/A19.html
山梨1区,,,,中谷,真一,なかたに,しんいち,41,自民,公明,前,2,比例,党農林副部会長〈元〉参院議員秘書・陸上自衛官▽防衛大,http://www.asahi.com/senkyo/senkyo2017/koho/A19.html
山梨1区,,,,中島,克仁,なかじま,かつひと,50,無所,,前,2,,民進党山梨県代表・診療所院長〈元〉公立病院医師▽帝京大,http://www.asahi.com/senkyo/senkyo2017/koho/A19.html
山梨2区,,,,井桁,亮,いげた,まこと,48,希望,,新,0,比例,〈元〉津島市議・愛知県議・衆院議員秘書▽上智大,http://www.asahi.com/senkyo/senkyo2017/koho/A19.html
山梨2区,,,,長崎,幸太郎,ながさき,こうたろう,49,無所,,前,3,,〈元〉自民党組織局次長・財務省職員・山梨県企画部政策参事▽東大,http://www.asahi.com/senkyo/senkyo2017/koho/A19.html
山梨2区,,,,大久保,令子,おおくぼ,れいこ,67,共産,,新,0,,党地区委員長〈元〉党山梨県副委員長・党県常任委員▽都留文科大中退,http://www.asahi.com/senkyo/senkyo2017/koho/A19.html
山梨2区,,,,堀内,詔子,ほりうち,のりこ,51,無所,自民/公明,前,2,,自民党支部長・党国際局次長・私立美術館長〈元〉厚労政務官▽学習院大院,http://www.asahi.com/senkyo/senkyo2017/koho/A19.html
山梨2区,,,,小林,弘幸,こばやし,ひろゆき,45,立憲,,新,0,比例,コンサルティング会社役員〈元〉八王子市議・衆院議員秘書▽明大,http://www.asahi.com/senkyo/senkyo2017/koho/A19.html
長野1区,,,,小松,裕,こまつ,ゆたか,55,自民,公明,前,2,比例,医師・党国対副委員長〈元〉国立スポーツ科学センター研究員▽信州大,http://www.asahi.com/senkyo/senkyo2017/koho/A20.html
長野1区,,,,篠原,孝,しのはら,たかし,69,無所,社民,前,5,,民進党長野県副代表〈元〉農水副大臣・農水省農林水産政策研究所長▽京大,http://www.asahi.com/senkyo/senkyo2017/koho/A20.html
長野1区,,,,橋本,将之,はしもと,まさゆき,37,維新,,新,0,比例,党長野１区支部長・不動産会社長▽英グラスゴー大院,http://www.asahi.com/senkyo/senkyo2017/koho/A20.html
長野1区,,,,駒村,幸成,こまむら,ゆきなり,61,諸派,,新,0,,建設会社役員・長野県を日本一好景気にする会代表▽大正大,http://www.asahi.com/senkyo/senkyo2017/koho/A20.html
長野2区,,,,手塚,大輔,てづか,だいすけ,34,維新,,新,0,比例,党長野県総支部幹事長・飲食店経営〈元〉長野銀行員▽成蹊大,http://www.asahi.com/senkyo/senkyo2017/koho/A20.html
長野2区,,,,下条,みつ,しもじょう,みつ,61,希望,,元,3,比例,〈元〉民進党長野県副代表・防衛政務官・富士銀行員・厚相秘書官▽信州大,http://www.asahi.com/senkyo/senkyo2017/koho/A20.html
長野2区,,,,中川,博司,なかがわ,ひろじ,59,社民,,新,0,比例,党長野県幹事長〈元〉県議・自治労県本部青年部長・松本市職員▽専修大,http://www.asahi.com/senkyo/senkyo2017/koho/A20.html
長野2区,,,,務台,俊介,むたい,しゅんすけ,61,自民,公明,前,2,比例,〈元〉復興政務官・神奈川大教授・総務省大臣官房参事官▽東大,http://www.asahi.com/senkyo/senkyo2017/koho/A20.html
長野3区,,,,木内,均,きうち,ひとし,53,自民,公明,前,2,比例,党国交部会副部会長〈元〉長野県議・旧佐久市議・松下政経塾生▽法大,http://www.asahi.com/senkyo/senkyo2017/koho/A20.html
長野3区,,,,小金沢,由佳,こがねざわ,ゆか,34,共産,,新,0,,党准長野県委員・党３区若者相談室長〈元〉自然派化粧品会社員▽小海高,http://www.asahi.com/senkyo/senkyo2017/koho/A20.html
長野3区,,,,井出,庸生,いで,ようせい,39,希望,,前,2,比例,〈元〉民進党副幹事長・結いの党政調筆頭副会長・ＮＨＫ記者▽東大,http://www.asahi.com/senkyo/senkyo2017/koho/A20.html
長野3区,,,,及川,幸久,おいかわ,ゆきひさ,57,諸派,,新,0,,幸福実現党外務局長〈元〉投資顧問会社員▽国際基督教大院,http://www.asahi.com/senkyo/senkyo2017/koho/A20.html
長野4区,,,,寺島,義幸,てらしま,よしゆき,64,希望,,元,1,比例,〈元〉民進党長野県副代表・県議長・衆院議員秘書・オカモト社員▽成城大,http://www.asahi.com/senkyo/senkyo2017/koho/A20.html
長野4区,,,,毛利,栄子,もうり,えいこ,66,共産,,新,0,,党長野県委員・社福法人評議員〈元〉県議・岡谷市議・小学校教諭▽信州大,http://www.asahi.com/senkyo/senkyo2017/koho/A20.html
長野4区,,,,後藤,茂之,ごとう,しげゆき,61,自民,公明,前,5,比例,党政調副会長・党長野県会長〈元〉法務副大臣・大蔵省企画調整室長▽東大,http://www.asahi.com/senkyo/senkyo2017/koho/A20.html
長野5区,,,,曽我,逸郎,そが,いつろう,61,無所,共産/社民,新,0,,伊那谷市民連合代表〈元〉中川村長・中川観光開発社長・電通社員▽京大,http://www.asahi.com/senkyo/senkyo2017/koho/A20.html
長野5区,,,,中嶋,康介,なかじま,こうすけ,40,希望,,新,0,比例,電力小売会社経営〈元〉衆院議員秘書▽立命館大,http://www.asahi.com/senkyo/senkyo2017/koho/A20.html
長野5区,,,,宮下,一郎,みやした,いちろう,59,自民,公明,前,4,比例,〈元〉財務副大臣・財務政務官・衆院議員秘書・住友銀行員▽東大,http://www.asahi.com/senkyo/senkyo2017/koho/A20.html
岐阜1区,,,,野原,典子,のはら,のりこ,60,諸派,,新,0,,幸福実現党員・医療法人理事〈元〉ＮＨＫ契約社員▽南山大,http://www.asahi.com/senkyo/senkyo2017/koho/A21.html
岐阜1区,,,,吉田,里江,よしだ,りえ,51,無所,,新,0,,海外人材育成会社長〈元〉民進党岐阜県副代表▽英ウェールズ大院,http://www.asahi.com/senkyo/senkyo2017/koho/A21.html
岐阜1区,,,,野田,聖子,のだ,せいこ,57,自民,公明,前,8,比例,総務相〈元〉党総務会長・消費者行政相・郵政相・岐阜県議▽上智大,http://www.asahi.com/senkyo/senkyo2017/koho/A21.html
岐阜1区,,,,服部,泰輔,はっとり,たいすけ,36,無所,,新,0,,〈元〉羽島市民病院医師▽岐阜大院,http://www.asahi.com/senkyo/senkyo2017/koho/A21.html
岐阜2区,,,,森桜,房義,もりざくら,ふさよし,60,共産,,新,0,,党地区委員長・党岐阜県委員〈元〉建築会社員▽大垣工高,http://www.asahi.com/senkyo/senkyo2017/koho/A21.html
岐阜2区,,,,棚橋,泰文,たなはし,やすふみ,54,自民,公明,前,7,比例,弁護士〈元〉党幹事長代理・党国際局長・科技相・通産省職員▽東大,http://www.asahi.com/senkyo/senkyo2017/koho/A21.html
岐阜3区,,,,武藤,容治,むとう,ようじ,62,自民,公明,前,3,比例,経産副大臣〈元〉外務副大臣・建材卸売会社会長・酒造会社会長▽慶大,http://www.asahi.com/senkyo/senkyo2017/koho/A21.html
岐阜3区,,,,井上,諭,いのうえ,さとし,50,共産,,新,0,,党岐阜県常任委員〈元〉ミシン販売会社員▽岐阜大工業短大部,http://www.asahi.com/senkyo/senkyo2017/koho/A21.html
岐阜3区,,,,阪口,直人,さかぐち,なおと,54,希望,,元,2,比例,民主化支援ＮＰＯ理事〈元〉衆院議員秘書・国連ボランティア▽埼玉大院,http://www.asahi.com/senkyo/senkyo2017/koho/A21.html
岐阜4区,,,,今井,雅人,いまい,まさと,55,希望,,前,3,比例,為替情報配信会社会長・経済アナリスト〈元〉民進党県代表▽上智大,http://www.asahi.com/senkyo/senkyo2017/koho/A21.html
岐阜4区,,,,籠山,恵美子,こみやま,えみこ,63,共産,,新,0,,党地区副委員長〈元〉飛驒市議・古川町議▽福島県磐城女子高,http://www.asahi.com/senkyo/senkyo2017/koho/A21.html
岐阜4区,,,,金子,俊平,かねこ,しゅんぺい,39,自民,公明,新,0,比例,〈元〉衆院議員秘書・高山青年会議所理事長・国交相秘書官▽慶大,http://www.asahi.com/senkyo/senkyo2017/koho/A21.html
岐阜5区,,,,阿知波,吉信,あちは,よしのぶ,54,希望,,元,1,比例,〈元〉民進党岐阜県副代表・総務省情報流通高度化推進室長▽早大,http://www.asahi.com/senkyo/senkyo2017/koho/A21.html
岐阜5区,,,,小関,祥子,おぜき,しょうこ,64,共産,,新,0,,党岐阜県地区委員長・新日本婦人の会県本部委員〈元〉土岐市議▽土岐商高,http://www.asahi.com/senkyo/senkyo2017/koho/A21.html
岐阜5区,,,,古屋,圭司,ふるや,けいじ,64,自民,公明,前,9,比例,〈元〉国家公安委員長・拉致問題相・防災相・大正海上火災社員▽成蹊大,http://www.asahi.com/senkyo/senkyo2017/koho/A21.html
静岡1区,,,,上川,陽子,かみかわ,ようこ,64,自民,公明,前,5,比例,法相〈元〉少子化相・公文書管理相・三菱総研研究員▽米ハーバード大院,http://www.asahi.com/senkyo/senkyo2017/koho/A22.html
静岡1区,,,,青山,雅幸,あおやま,まさゆき,55,立憲,社民,新,0,比例,弁護士・国民サイド代表〈元〉静岡県弁護士会副会長▽東北大,http://www.asahi.com/senkyo/senkyo2017/koho/A22.html
静岡1区,,,,小池,政就,こいけ,まさなり,43,希望,,元,1,比例,〈元〉日本維新の会静岡県代表・日大准教授・東大院特任助教▽東大院,http://www.asahi.com/senkyo/senkyo2017/koho/A22.html
静岡1区,,,,鈴木,千佳,すずき,ちか,46,共産,,新,0,,党静岡県常任委員〈元〉県厚生連労組書記▽静岡大法経短大部,http://www.asahi.com/senkyo/senkyo2017/koho/A22.html
静岡2区,,,,井林,辰憲,いばやし,たつのり,41,自民,公明,前,2,比例,〈元〉環境政務官・国交省職員▽京大院,http://www.asahi.com/senkyo/senkyo2017/koho/A22.html
静岡2区,,,,松尾,勉,まつお,つとむ,33,希望,,新,0,比例,〈元〉衆院議員秘書・環境省職員▽東大,http://www.asahi.com/senkyo/senkyo2017/koho/A22.html
静岡2区,,,,四ツ谷,恵,よつや,めぐみ,65,共産,,新,0,,党地区副委員長〈元〉家具製造会社員▽埼玉県川越女子高,http://www.asahi.com/senkyo/senkyo2017/koho/A22.html
静岡3区,,,,鈴木,望,すずき,のぞむ,68,希望,,元,1,比例,〈元〉磐田市長・厚生省指導課長▽一橋大,http://www.asahi.com/senkyo/senkyo2017/koho/A22.html
静岡3区,,,,宮沢,博行,みやざわ,ひろゆき,42,自民,公明,前,2,比例,〈元〉防衛政務官・磐田市議・学習塾講師・貿易会社員▽東大,http://www.asahi.com/senkyo/senkyo2017/koho/A22.html
静岡3区,,,,小山,展弘,こやま,のぶひろ,41,無所,,前,2,,〈元〉民進党政調副会長・松下政経塾生・農林中央金庫職員▽早大院,http://www.asahi.com/senkyo/senkyo2017/koho/A22.html
静岡4区,,,,松原,聡,まつばら,さとし,55,共産,,新,0,,党静岡県常任委員〈元〉赤旗記者・民主青年同盟静岡県副委員長▽静岡大,http://www.asahi.com/senkyo/senkyo2017/koho/A22.html
静岡4区,,,,田中,健,たなか,けん,40,希望,,新,0,比例,〈元〉都議・衆院議員秘書・みずほ銀行員▽青学大,http://www.asahi.com/senkyo/senkyo2017/koho/A22.html
静岡4区,,,,望月,義夫,もちづき,よしお,70,自民,公明,前,7,比例,〈元〉環境相・原子力防災相・国交副大臣・環境政務官・外務政務官▽中大,http://www.asahi.com/senkyo/senkyo2017/koho/A22.html
静岡5区,,,,吉川,赳,よしかわ,たける,35,自民,公明,元,1,比例,〈元〉委託給食事業会社員・参院議員秘書・老人保健施設員▽日大院,http://www.asahi.com/senkyo/senkyo2017/koho/A22.html
静岡5区,,,,井口,昌彦,いぐち,まさひこ,63,共産,,新,0,,党静岡県委員・党地区副委員長〈元〉生命保険会社員▽東洋大,http://www.asahi.com/senkyo/senkyo2017/koho/A22.html
静岡5区,,,,細野,豪志,ほその,ごうし,46,希望,,前,6,,〈元〉民主党幹事長・環境相・原発相・首相補佐官・三和総研研究員▽京大,http://www.asahi.com/senkyo/senkyo2017/koho/A22.html
静岡6区,,,,内田,豊,うちだ,ゆたか,63,共産,,新,0,,党地区委員長〈元〉大仁町議・伊豆の国市体協事務局長▽田方農高,http://www.asahi.com/senkyo/senkyo2017/koho/A22.html
静岡6区,,,,勝俣,孝明,かつまた,たかあき,41,自民,公明,前,2,比例,党青年局次長〈元〉スルガ銀行員・企業経営研究所研究員▽慶大院,http://www.asahi.com/senkyo/senkyo2017/koho/A22.html
静岡6区,,,,渡辺,周,わたなべ,しゅう,55,希望,,前,7,比例,〈元〉民進党副代表・防衛副大臣・静岡県議・読売新聞記者▽早大,http://www.asahi.com/senkyo/senkyo2017/koho/A22.html
静岡7区,,,,城内,実,きうち,みのる,52,自民,公明,前,4,比例,党経産部会長〈元〉衆院拉致特別委員長・外務副大臣・外務省職員▽東大,http://www.asahi.com/senkyo/senkyo2017/koho/A22.html
静岡7区,,,,日吉,雄太,ひよし,ゆうた,49,立憲,,新,0,比例,公認会計士〈元〉自由党静岡県代表・トーマツ職員▽一橋大,http://www.asahi.com/senkyo/senkyo2017/koho/A22.html
静岡7区,,,,野沢,正司,のざわ,まさじ,68,共産,,新,0,,党地区常任委員〈元〉機械商社員▽静岡大,http://www.asahi.com/senkyo/senkyo2017/koho/A22.html
静岡7区,,,,福村,隆,ふくむら,たかし,54,希望,,新,0,比例,〈元〉米系融資会社長・日本生命社員▽米マサチューセッツ工大院,http://www.asahi.com/senkyo/senkyo2017/koho/A22.html
静岡8区,,,,源馬,謙太郎,げんま,けんたろう,44,希望,,新,0,比例,〈元〉維新の党静岡県幹事長・県議▽米アメリカン大院,http://www.asahi.com/senkyo/senkyo2017/koho/A22.html
静岡8区,,,,塩谷,立,しおのや,りゅう,67,自民,公明,前,8,比例,党選挙対策委員長〈元〉党静岡県会長・党総務会長・文科相▽慶大,http://www.asahi.com/senkyo/senkyo2017/koho/A22.html
静岡8区,,,,嶋田,初江,しまだ,はつえ,69,共産,,新,0,,党地区副委員長・保護司〈元〉浜松市議・保育士▽東京高等保育学校,http://www.asahi.com/senkyo/senkyo2017/koho/A22.html
愛知1区,,,,吉田,統彦,よしだ,つねひこ,42,立憲,,元,1,比例,医師・愛知医科大客員教授・名大医学部非常勤講師▽名大院,http://www.asahi.com/senkyo/senkyo2017/koho/A23.html
愛知1区,,,,佐藤,夕子,さとう,ゆうこ,54,希望,,元,1,比例,減税日本副代表〈元〉名古屋市議・愛知県議▽金城学院大短大部,http://www.asahi.com/senkyo/senkyo2017/koho/A23.html
愛知1区,,,,熊田,裕通,くまだ,ひろみち,53,自民,公明,前,2,比例,〈元〉防衛政務官・愛知県議・衆院議員秘書▽神奈川大,http://www.asahi.com/senkyo/senkyo2017/koho/A23.html
愛知2区,,,,古川,元久,ふるかわ,もとひさ,51,希望,,前,7,比例,〈元〉民進党税調会長・国家戦略担当相・大蔵省職員▽東大,http://www.asahi.com/senkyo/senkyo2017/koho/A23.html
愛知2区,,,,田畑,毅,たばた,つよし,45,自民,公明,前,2,比例,党青年局次長・行政書士事務所代表〈元〉日本銀行員▽早大,http://www.asahi.com/senkyo/senkyo2017/koho/A23.html
愛知2区,,,,酒井,健太朗,さかい,けんたろう,31,共産,,新,0,,党地区常任委員・民青地区委員長▽名大院中退,http://www.asahi.com/senkyo/senkyo2017/koho/A23.html
愛知3区,,,,近藤,昭一,こんどう,しょういち,59,立憲,,前,7,比例,〈元〉民進党副代表・環境副大臣・衆院総務委員長・中日新聞社員▽上智大,http://www.asahi.com/senkyo/senkyo2017/koho/A23.html
愛知3区,,,,余語,冴耶香,よご,さやか,39,希望,,新,0,比例,減税日本政策委員長〈元〉名古屋市議▽南山大専門職院,http://www.asahi.com/senkyo/senkyo2017/koho/A23.html
愛知3区,,,,池田,佳隆,いけだ,よしたか,51,自民,公明,前,2,比例,党文科部会長代理〈元〉薬品会社長・日本青年会議所会頭▽慶大院,http://www.asahi.com/senkyo/senkyo2017/koho/A23.html
愛知4区,,,,西田,敏子,にしだ,としこ,63,共産,,新,0,,党愛知県委員〈元〉女性団体県委員・神戸製鋼所社員▽大阪市住吉商高,http://www.asahi.com/senkyo/senkyo2017/koho/A23.html
愛知4区,,,,牧,義夫,まき,よしお,59,希望,,前,5,比例,〈元〉厚労副大臣・民主党愛知県代表・党副幹事長▽上智大中退,http://www.asahi.com/senkyo/senkyo2017/koho/A23.html
愛知4区,,,,工藤,彰三,くどう,しょうぞう,52,自民,公明,前,2,比例,広告会社役員〈元〉名古屋市議・衆院議員秘書▽中大,http://www.asahi.com/senkyo/senkyo2017/koho/A23.html
愛知5区,,,,野々部,尚昭,ののべ,なおあき,47,希望,,新,0,比例,〈元〉稲沢市議・全国若手市議会議員の会会長▽広島修道大院,http://www.asahi.com/senkyo/senkyo2017/koho/A23.html
愛知5区,,,,赤松,広隆,あかまつ,ひろたか,69,立憲,,前,9,比例,〈元〉衆院副議長・民主党副代表・農水相・社会党書記長▽早大,http://www.asahi.com/senkyo/senkyo2017/koho/A23.html
愛知5区,,,,神田,憲次,かんだ,けんじ,54,自民,公明,前,2,比例,税理士・党財務金融部会長代理▽愛知学院大院,http://www.asahi.com/senkyo/senkyo2017/koho/A23.html
愛知6区,,,,森本,和義,もりもと,かずよし,51,希望,,元,1,比例,経営コンサルタント業〈元〉衆院議員秘書・東海銀行員▽東大,http://www.asahi.com/senkyo/senkyo2017/koho/A23.html
愛知6区,,,,丹羽,秀樹,にわ,ひでき,44,自民,公明,前,4,比例,文科副大臣〈元〉党副幹事長・文科政務官・衆院議員秘書▽玉川大,http://www.asahi.com/senkyo/senkyo2017/koho/A23.html
愛知6区,,,,平山,良平,ひらやま,りょうへい,69,社民,,新,0,比例,党愛知県副代表〈元〉中学校教諭▽愛知教大,http://www.asahi.com/senkyo/senkyo2017/koho/A23.html
愛知6区,,,,田上,光徳,たがみ,みつのり,66,共産,,新,0,,党地区副委員長〈元〉自治労連愛知県副委員長▽名城大中退,http://www.asahi.com/senkyo/senkyo2017/koho/A23.html
愛知7区,,,,山尾,志桜里,やまお,しおり,43,無所,,前,2,,〈元〉民進党政調会長・民主党幹事長補佐・名古屋地検岡崎支部検事▽東大,http://www.asahi.com/senkyo/senkyo2017/koho/A23.html
愛知7区,,,,鈴木,淳司,すずき,じゅんじ,59,自民,公明,前,4,比例,〈元〉経産副大臣・総務政務官・瀬戸市議・松下政経塾生▽早大,http://www.asahi.com/senkyo/senkyo2017/koho/A23.html
愛知8区,,,,長友,忠弘,ながとも,ただひろ,58,共産,,新,0,,党地区委員長・党愛知県委員〈元〉民青県常任委員▽宮崎工高,http://www.asahi.com/senkyo/senkyo2017/koho/A23.html
愛知8区,,,,伴野,豊,ばんの,ゆたか,56,無所,,前,5,,〈元〉国交副大臣・外務副大臣・民主党国際局長・ＪＲ東海社員▽名工大院,http://www.asahi.com/senkyo/senkyo2017/koho/A23.html
愛知8区,,,,伊藤,忠彦,いとう,ただひこ,53,自民,公明,前,3,比例,環境兼内閣府副大臣〈元〉総務兼内閣府政務官・愛知県議・電通社員▽早大,http://www.asahi.com/senkyo/senkyo2017/koho/A23.html
愛知9区,,,,長坂,康正,ながさか,やすまさ,60,自民,公明,前,2,比例,内閣府政務官〈元〉愛知県議・党県幹事長・衆院議員秘書▽青学大,http://www.asahi.com/senkyo/senkyo2017/koho/A23.html
愛知9区,,,,渡辺,裕,わたなべ,ひろし,37,共産,,新,0,,党地区副委員長〈元〉民青愛知県副委員長・建設会社員▽東海工業専門学校,http://www.asahi.com/senkyo/senkyo2017/koho/A23.html
愛知9区,,,,岡本,充功,おかもと,みつのり,46,希望,,前,4,比例,医師〈元〉民主党政調副会長・厚労政務官・党副幹事長▽名大院,http://www.asahi.com/senkyo/senkyo2017/koho/A23.html
愛知10区,,,,杉本,和巳,すぎもと,かずみ,57,維新,,元,2,比例,党愛知県代表代行〈元〉みんなの党役員・銀行員▽米ハーバード大院,http://www.asahi.com/senkyo/senkyo2017/koho/A23.html
愛知10区,,,,板倉,正文,いたくら,まさふみ,59,共産,,新,0,,党愛知県委員・党地区委員長〈元〉一宮市議・病院職員▽日本福祉大,http://www.asahi.com/senkyo/senkyo2017/koho/A23.html
愛知10区,,,,江崎,鉄磨,えさき,てつま,74,自民,公明,前,6,,沖縄北方相〈元〉党副幹事長・国交副大臣・衆院議員秘書▽立教大,http://www.asahi.com/senkyo/senkyo2017/koho/A23.html
愛知10区,,,,安井,美沙子,やすい,みさこ,52,希望,,新,0,比例,〈元〉参院議員・大阪府特別参与・東京財団研究員▽一橋大専門職院,http://www.asahi.com/senkyo/senkyo2017/koho/A23.html
愛知11区,,,,本多,信弘,ほんだ,のぶひろ,41,共産,,新,0,,党区政策委員長〈元〉党名古屋市議団事務局員・民青新聞記者▽中京大,http://www.asahi.com/senkyo/senkyo2017/koho/A23.html
愛知11区,,,,古本,伸一郎,ふるもと,しんいちろう,52,希望,,前,5,比例,トヨタ労組顧問〈元〉民主党副幹事長・党組織委員長・財務政務官▽立命大,http://www.asahi.com/senkyo/senkyo2017/koho/A23.html
愛知11区,,,,八木,哲也,やぎ,てつや,70,自民,公明,前,2,比例,党経産副部会長〈元〉豊田市議長・自動車部品製造会社員▽中大,http://www.asahi.com/senkyo/senkyo2017/koho/A23.html
愛知12区,,,,重徳,和彦,しげとく,かずひこ,46,無所,,前,2,,民進党政調副会長〈元〉衆院災害対策特別委員会理事・総務省職員▽東大,http://www.asahi.com/senkyo/senkyo2017/koho/A23.html
愛知12区,,,,宮地,勲,みやち,いさお,63,共産,,新,0,,〈元〉運送会社員・民主商工会事務局員▽高浜高,http://www.asahi.com/senkyo/senkyo2017/koho/A23.html
愛知12区,,,,青山,周平,あおやま,しゅうへい,40,自民,公明,前,2,比例,党青年局次長〈元〉幼稚園長・ジェイアール東海高島屋社員▽法大,http://www.asahi.com/senkyo/senkyo2017/koho/A23.html
愛知13区,,,,大西,健介,おおにし,けんすけ,46,希望,,前,3,比例,〈元〉衆院議員秘書・参院職員▽京大,http://www.asahi.com/senkyo/senkyo2017/koho/A23.html
愛知13区,,,,大見,正,おおみ,せい,59,自民,,前,2,比例,党労働関係団体委員長〈元〉愛知県議・安城市議・衆院議員秘書▽関西外大,http://www.asahi.com/senkyo/senkyo2017/koho/A23.html
愛知13区,,,,下島,良一,しもじま,りょういち,71,共産,,新,0,,農業・党地区委員・食肉加工販売会社役員〈元〉碧南市農業委員・市議,http://www.asahi.com/senkyo/senkyo2017/koho/A23.html
愛知14区,,,,金原,信之,きんぱら,のぶゆき,57,共産,,新,0,,党地区常任委員・党新城市委員長〈元〉ＩＴ関連業▽東海大,http://www.asahi.com/senkyo/senkyo2017/koho/A23.html
愛知14区,,,,今枝,宗一郎,いまえだ,そういちろう,33,自民,公明,前,2,比例,財務政務官〈元〉党国交部会長代理・新城市夜間診療所嘱託医▽名大,http://www.asahi.com/senkyo/senkyo2017/koho/A23.html
愛知14区,,,,田中,克典,たなか,かつのり,43,希望,,新,0,比例,〈元〉衆院議員秘書・参院議員秘書・設備機械製造販売会社員▽関西学院大,http://www.asahi.com/senkyo/senkyo2017/koho/A23.html
愛知15区,,,,根本,幸典,ねもと,ゆきのり,52,自民,公明,前,2,比例,党農林副部会長〈元〉国交政務官・豊橋市議・リクルート社員▽一橋大,http://www.asahi.com/senkyo/senkyo2017/koho/A23.html
愛知15区,,,,関,健一郎,せき,けんいちろう,39,希望,,新,0,比例,〈元〉ＮＨＫ記者▽慶大,http://www.asahi.com/senkyo/senkyo2017/koho/A23.html
愛知15区,,,,野沢,康幸,のざわ,やすゆき,29,共産,,新,0,,民青愛知県常任委員・党地区委員〈元〉金属加工会社員▽新城高,http://www.asahi.com/senkyo/senkyo2017/koho/A23.html
三重1区,,,,松田,直久,まつだ,なおひさ,63,無所,,前,1,,民進党三重県代表代行〈元〉津市長・県議・衆院議員秘書▽大阪産大,http://www.asahi.com/senkyo/senkyo2017/koho/A24.html
三重1区,,,,田村,憲久,たむら,のりひさ,52,自民,公明,前,7,比例,党政調会長代理〈元〉厚労相・総務副大臣・衆院議員秘書▽千葉大,http://www.asahi.com/senkyo/senkyo2017/koho/A24.html
三重2区,,,,中川,正春,なかがわ,まさはる,67,無所,,前,7,,〈元〉民主党幹事長代行・防災相・文科相・三重県議▽米ジョージタウン大,http://www.asahi.com/senkyo/senkyo2017/koho/A24.html
三重2区,,,,川崎,二郎,かわさき,じろう,69,自民,公明,前,11,比例,党情報通信戦略調査会長〈元〉党国対委員長・厚労相・運輸相▽慶大,http://www.asahi.com/senkyo/senkyo2017/koho/A24.html
三重3区,,,,坂本,麻貴,さかもと,まき,33,諸派,,新,0,,幸福実現党員▽名古屋芸大院,http://www.asahi.com/senkyo/senkyo2017/koho/A24.html
三重3区,,,,岡田,克也,おかだ,かつや,64,無所,,前,9,,民進常任顧問〈元〉党代表・民主党代表・副総理・外相・通産省職員▽東大,http://www.asahi.com/senkyo/senkyo2017/koho/A24.html
三重3区,,,,野村,真弘,のむら,まさひろ,61,共産,,新,0,,党地区委員〈元〉コープみえ専務理事▽三重大,http://www.asahi.com/senkyo/senkyo2017/koho/A24.html
三重3区,,,,島田,佳和,しまだ,よしかず,47,自民,公明,前,2,比例,〈元〉飲料会社員・音楽会社員・映像制作会社員▽米ユタ州立大中退,http://www.asahi.com/senkyo/senkyo2017/koho/A24.html
三重4区,,,,三ツ矢,憲生,みつや,のりお,66,自民,公明,前,5,,党政調会長代理〈元〉外務副大臣・財務政務官・国交省監理部長▽東大,http://www.asahi.com/senkyo/senkyo2017/koho/A24.html
三重4区,,,,谷中,三好,たになか,みよし,57,共産,,新,0,,党地区委員長・党三重県常任委員〈元〉民青県委員長▽京産大,http://www.asahi.com/senkyo/senkyo2017/koho/A24.html
三重4区,,,,藤田,大助,ふじた,だいすけ,41,希望,,元,1,比例,地域活性化団体代表理事〈元〉民進党三重県副代表・不動産会社役員▽法大,http://www.asahi.com/senkyo/senkyo2017/koho/A24.html
滋賀1区,,,,小坂,淑子,こさか,よしこ,77,社民,,新,0,比例,党滋賀県代表・県退職教職員協議会事務局長〈元〉小学校教諭▽滋賀大,http://www.asahi.com/senkyo/senkyo2017/koho/A25.html
滋賀1区,,,,大岡,敏孝,おおおか,としたか,45,自民,公明,前,2,比例,中小企業診断士〈元〉財務政務官・静岡県議・浜松市議・スズキ社員▽早大,http://www.asahi.com/senkyo/senkyo2017/koho/A25.html
滋賀1区,,,,嘉田,由紀子,かだ,ゆきこ,67,無所,,新,0,,〈元〉びわこ成蹊スポーツ大学長・滋賀県知事・京都精華大教授▽京大院,http://www.asahi.com/senkyo/senkyo2017/koho/A25.html
滋賀2区,,,,田島,一成,たじま,いっせい,55,希望,,前,4,比例,〈元〉民進党政調会長代理・党滋賀県代表・環境副大臣・県議▽同志社大院,http://www.asahi.com/senkyo/senkyo2017/koho/A25.html
滋賀2区,,,,上野,賢一郎,うえの,けんいちろう,52,自民,公明,前,3,比例,財務副大臣・党滋賀県会長〈元〉国交政務官・総務省職員▽京大,http://www.asahi.com/senkyo/senkyo2017/koho/A25.html
滋賀2区,,,,荒川,雅司,あらかわ,まさし,42,諸派,,新,0,,幸福の科学滋賀本部巡回支部長〈元〉幸福実現党滋賀県副代表▽福井大,http://www.asahi.com/senkyo/senkyo2017/koho/A25.html
滋賀2区,,,,対月,慈照,たいげつ,じしょう,64,無所,,新,0,,僧侶・市民の会しが事務局長〈元〉高校教諭▽大阪府立大,http://www.asahi.com/senkyo/senkyo2017/koho/A25.html
滋賀3区,,,,小川,泰江,おがわ,やすえ,54,希望,,新,0,比例,〈元〉民進党滋賀県副代表・守山市議・未来政治塾事務局長▽岡山大,http://www.asahi.com/senkyo/senkyo2017/koho/A25.html
滋賀3区,,,,石堂,淳士,いしどう,あつし,43,共産,,新,0,,党滋賀県委員・党地区委員長〈元〉ダイハツディーゼル社員▽守山北高中退,http://www.asahi.com/senkyo/senkyo2017/koho/A25.html
滋賀3区,,,,武村,展英,たけむら,のぶひで,45,自民,公明,前,2,比例,公認会計士〈元〉内閣府政務官・新日本監査法人職員・衆院議員秘書▽慶大,http://www.asahi.com/senkyo/senkyo2017/koho/A25.html
滋賀4区,,,,西沢,耕一,にしざわ,こういち,39,共産,,新,0,,党滋賀県委員〈元〉民青県委員長・電器店パート▽花園大,http://www.asahi.com/senkyo/senkyo2017/koho/A25.html
滋賀4区,,,,小寺,裕雄,こてら,ひろお,57,自民,公明,新,0,比例,コンビニ店経営会社役員〈元〉滋賀県副議長・青年会議所理事長▽同志社大,http://www.asahi.com/senkyo/senkyo2017/koho/A25.html
滋賀4区,,,,徳永,久志,とくなが,ひさし,54,希望,,新,0,比例,〈元〉民進党滋賀県副代表・参院拉致問題特別委員長・外務政務官▽早大,http://www.asahi.com/senkyo/senkyo2017/koho/A25.html
京都1区,,,,伊吹,文明,いぶき,ぶんめい,79,自民,公明,前,11,,〈元〉衆院議長・財務相・党幹事長・文科相・労相・大蔵省課長▽京大,http://www.asahi.com/senkyo/senkyo2017/koho/A26.html
京都1区,,,,穀田,恵二,こくた,けいじ,70,共産,,前,8,比例,党国対委員長・党常任幹部会委員〈元〉京都市議・党地区常任委員▽立命大,http://www.asahi.com/senkyo/senkyo2017/koho/A26.html
京都1区,,,,嶋村,聖子,しまむら,せいこ,40,希望,,新,0,比例,フリーアナウンサー▽米ハワイ大,http://www.asahi.com/senkyo/senkyo2017/koho/A26.html
京都2区,,,,地坂,拓晃,ちさか,たくあき,44,共産,,新,0,比例,党京都府常任委員・党府青年学生部長〈元〉党地区委員長▽京都精華大,http://www.asahi.com/senkyo/senkyo2017/koho/A26.html
京都2区,,,,繁本,護,しげもと,まもる,44,自民,公明,新,0,比例,〈元〉衆院議員秘書・国交省職員・釧路市港湾空港部長▽神戸大院,http://www.asahi.com/senkyo/senkyo2017/koho/A26.html
京都2区,,,,前原,誠司,まえはら,せいじ,55,無所,,前,8,,民進党代表〈元〉国家戦略相・外相・国交相・民主党代表・京都府議▽京大,http://www.asahi.com/senkyo/senkyo2017/koho/A26.html
京都3区,,,,泉,健太,いずみ,けんた,43,希望,,前,6,比例,〈元〉民進党京都府会長・内閣府政務官・参院議員秘書▽立命大,http://www.asahi.com/senkyo/senkyo2017/koho/A26.html
京都3区,,,,金森,亨,かなもり,とおる,61,共産,,新,0,,党京都府書記長〈元〉党府常任委員・党地区委員長▽佛教大,http://www.asahi.com/senkyo/senkyo2017/koho/A26.html
京都3区,,,,森,夏枝,もり,なつえ,36,維新,,新,0,比例,党京都府女性局長〈元〉党職員・スポーツ指導員・維新政治塾生▽鹿屋体大,http://www.asahi.com/senkyo/senkyo2017/koho/A26.html
京都3区,,,,木村,弥生,きむら,やよい,52,自民,公明,前,1,比例,〈元〉日本看護協会政策秘書室長・慶応大病院看護師・衆院議員秘書▽慶大,http://www.asahi.com/senkyo/senkyo2017/koho/A26.html
京都3区,,,,小田切,新一郎,おだぎり,しんいちろう,71,無所,,新,0,,〈元〉京都府立医大職員・ビル管理会社員,http://www.asahi.com/senkyo/senkyo2017/koho/A26.html
京都4区,,,,吉田,幸一,よしだ,こういち,43,共産,,新,0,,党京都府委員・党地区副委員長〈元〉党地区青年学生部長▽立命大,http://www.asahi.com/senkyo/senkyo2017/koho/A26.html
京都4区,,,,北神,圭朗,きたがみ,けいろう,50,希望,,前,3,比例,〈元〉首相補佐官・経産政務官・大蔵省職員▽京大,http://www.asahi.com/senkyo/senkyo2017/koho/A26.html
京都4区,,,,縁田,有紀,えんだ,ゆき,27,諸派,,新,0,,幸福実現党員〈元〉保育士▽華頂短大,http://www.asahi.com/senkyo/senkyo2017/koho/A26.html
京都4区,,,,田中,英之,たなか,ひでゆき,47,自民,公明,前,2,比例,党副幹事長・保育園理事長〈元〉京都市議・京都外大職員▽京都外大,http://www.asahi.com/senkyo/senkyo2017/koho/A26.html
京都5区,,,,井上,一徳,いのうえ,かずのり,55,希望,,新,0,比例,〈元〉防衛省大臣官房審議官・沖縄防衛局長▽横浜国大,http://www.asahi.com/senkyo/senkyo2017/koho/A26.html
京都5区,,,,中山,泰,なかやま,やすし,57,無所,,新,0,,〈元〉京丹後市長・沖縄開発庁長官秘書官▽京大,http://www.asahi.com/senkyo/senkyo2017/koho/A26.html
京都5区,,,,山内,健,やまうち,けん,49,共産,,新,0,,党地区委員長・党京都府委員〈元〉党准中央委員▽同志社大,http://www.asahi.com/senkyo/senkyo2017/koho/A26.html
京都5区,,,,鈴木,麻理子,すずき,まりこ,33,無所,,新,0,,〈元〉経営コンサルタント▽米アイダホ大,http://www.asahi.com/senkyo/senkyo2017/koho/A26.html
京都5区,,,,本田,太郎,ほんだ,たろう,43,自民,公明,新,0,比例,弁護士〈元〉京都府議・マネックス証券社員▽東大,http://www.asahi.com/senkyo/senkyo2017/koho/A26.html
京都6区,,,,山井,和則,やまのい,かずのり,55,希望,,前,6,比例,〈元〉民進党国会対策委員長・厚労政務官・大学講師▽京大院,http://www.asahi.com/senkyo/senkyo2017/koho/A26.html
京都6区,,,,上條,亮一,かみじょう,りょういち,31,共産,,新,0,,党京都府委員・党区国政委員長・日本科学者会議会員▽阪大院,http://www.asahi.com/senkyo/senkyo2017/koho/A26.html
京都6区,,,,安藤,裕,あんどう,ひろし,52,自民,公明,前,2,比例,税理士・党内閣部会長代理〈元〉税理士事務所長・相模鉄道社員▽慶大,http://www.asahi.com/senkyo/senkyo2017/koho/A26.html
大阪1区,,,,井上,英孝,いのうえ,ひでたか,45,維新,,前,2,比例,党組織局長〈元〉大阪市議・市議秘書▽近畿大,http://www.asahi.com/senkyo/senkyo2017/koho/A27.html
大阪1区,,,,大西,宏幸,おおにし,ひろゆき,50,自民,公明,前,1,比例,〈元〉大阪市議・建設会社役員・市議秘書▽芦屋大,http://www.asahi.com/senkyo/senkyo2017/koho/A27.html
大阪1区,,,,小泉,修平,こいずみ,しゅうへい,70,諸派,,新,0,,経営コンサル業・政治団体代表〈元〉大阪産大特任教授▽阪大院,http://www.asahi.com/senkyo/senkyo2017/koho/A27.html
大阪1区,,,,村上,賀厚,むらかみ,のりあつ,58,立憲,,新,0,比例,経営コンサル業〈元〉情報通信社員・車輸入会社員▽米エール大経営大学院,http://www.asahi.com/senkyo/senkyo2017/koho/A27.html
大阪1区,,,,柴山,昇,しばやま,のぼる,63,共産,,新,0,,党地区委員長〈元〉医療生協役員・関西中小工業協議会事務局次長▽豊中高,http://www.asahi.com/senkyo/senkyo2017/koho/A27.html
大阪2区,,,,尾辻,かな子,おつじ,かなこ,42,立憲,,新,0,比例,ＬＧＢＴ情報啓発団体代表〈元〉参院議員・大阪府議▽同志社大,http://www.asahi.com/senkyo/senkyo2017/koho/A27.html
大阪2区,,,,椎木,保,しいき,たもつ,51,維新,,前,2,比例,党国対副委員長〈元〉茨城県鹿嶋市職員・高校教諭・山一証券社員▽東海大,http://www.asahi.com/senkyo/senkyo2017/koho/A27.html
大阪2区,,,,左藤,章,さとう,あきら,66,自民,公明,前,4,比例,党国対副委員長〈元〉防衛副大臣・衆院議員秘書・法相秘書官▽福井大,http://www.asahi.com/senkyo/senkyo2017/koho/A27.html
大阪3区,,,,渡部,結,わたなべ,ゆい,36,共産,,新,0,比例,党准中央委員・党大阪府常任委員▽大阪外大,http://www.asahi.com/senkyo/senkyo2017/koho/A27.html
大阪3区,,,,佐藤,茂樹,さとう,しげき,58,公明,自民,前,8,,党政調会長代理・党大阪府代表〈元〉厚労副大臣・国交政務官▽京大,http://www.asahi.com/senkyo/senkyo2017/koho/A27.html
大阪3区,,,,中条,栄太郎,ちゅうじょう,えいたろう,48,無所,,新,0,,不動産管理業・不動産仲介業▽大阪市大,http://www.asahi.com/senkyo/senkyo2017/koho/A27.html
大阪4区,,,,中山,泰秀,なかやま,やすひで,47,自民,公明,前,4,比例,党大阪府会長〈元〉外務副大臣・学校法人理事・電通社員▽早大院,http://www.asahi.com/senkyo/senkyo2017/koho/A27.html
大阪4区,,,,清水,忠史,しみず,ただし,49,共産,,前,1,比例,党准中央委員〈元〉大阪市議・赤旗出張所長・タレント▽大阪経大中退,http://www.asahi.com/senkyo/senkyo2017/koho/A27.html
大阪4区,,,,美延,映夫,みのべ,てるお,56,維新,,新,0,比例,〈元〉大阪市監査委員・市議長・服卸会社役員▽神戸学院大,http://www.asahi.com/senkyo/senkyo2017/koho/A27.html
大阪5区,,,,数森,圭吾,かずもり,けいご,38,諸派,,新,0,,幸福実現党大阪府副代表〈元〉ＪＦＥ商事社員▽早大,http://www.asahi.com/senkyo/senkyo2017/koho/A27.html
大阪5区,,,,国重,徹,くにしげ,とおる,42,公明,自民,前,2,,弁護士・税理士・党国対副委員長・党大阪府副代表▽創価大,http://www.asahi.com/senkyo/senkyo2017/koho/A27.html
大阪5区,,,,長尾,秀樹,ながお,ひでき,65,立憲,,新,0,比例,〈元〉大阪市議・大阪府大阪市特別区設置協議会委員・市職員▽京大,http://www.asahi.com/senkyo/senkyo2017/koho/A27.html
大阪5区,,,,北山,良三,きたやま,りょうぞう,65,共産,,新,0,,淀川勤労者厚生協会理事〈元〉大阪市議・病院事務長▽日本福祉大,http://www.asahi.com/senkyo/senkyo2017/koho/A27.html
大阪6区,,,,村上,史好,むらかみ,ふみよし,65,立憲,,元,2,比例,〈元〉大阪市議・参院議員秘書・衆院議員秘書▽京都産大,http://www.asahi.com/senkyo/senkyo2017/koho/A27.html
大阪6区,,,,伊佐,進一,いさ,しんいち,42,公明,自民,前,2,,党国際局次長〈元〉文科省職員・在中国日本大使館１等書記官▽東大,http://www.asahi.com/senkyo/senkyo2017/koho/A27.html
大阪7区,,,,奥下,剛光,おくした,たけみつ,42,維新,,新,0,比例,建設会社役員〈元〉大阪市長特別秘書・大阪府知事秘書▽専修大,http://www.asahi.com/senkyo/senkyo2017/koho/A27.html
大阪7区,,,,渡嘉敷,奈緒美,とかしき,なおみ,55,自民,公明,前,3,比例,環境副大臣〈元〉厚労副大臣・党副幹事長・杉並区議・資生堂社員▽昭和大,http://www.asahi.com/senkyo/senkyo2017/koho/A27.html
大阪7区,,,,村口,久美子,むらぐち,くみこ,45,共産,,新,0,,〈元〉新日本婦人の会大阪府本部職員・病院職員▽京都精華大,http://www.asahi.com/senkyo/senkyo2017/koho/A27.html
大阪8区,,,,松井,博史,まつい,ひろふみ,49,立憲,,新,0,比例,ＮＰＯ法人理事〈元〉民進党大阪府常任幹事・衆院議員秘書▽阪大,http://www.asahi.com/senkyo/senkyo2017/koho/A27.html
大阪8区,,,,大塚,高司,おおつか,たかし,53,自民,公明,前,3,比例,党国対副委員長〈元〉国交政務官・参院議員秘書▽追手門学院大,http://www.asahi.com/senkyo/senkyo2017/koho/A27.html
大阪8区,,,,木下,智彦,きのした,ともひこ,48,維新,,前,2,比例,党青年局長・党国会議員団国対副委員長〈元〉三井物産社員▽慶大,http://www.asahi.com/senkyo/senkyo2017/koho/A27.html
大阪8区,,,,新居,真,あらい,まこと,57,共産,,新,0,,党地区副委員長〈元〉豊中市議・全教豊中教組書記長・中学教諭▽広島大院,http://www.asahi.com/senkyo/senkyo2017/koho/A27.html
大阪9区,,,,服部,良一,はっとり,りょういち,67,社民,立憲,元,1,比例,党大阪府代表・党常任幹事〈元〉参院議員秘書・重機製造会社員▽京大中退,http://www.asahi.com/senkyo/senkyo2017/koho/A27.html
大阪9区,,,,足立,康史,あだち,やすし,52,維新,,前,2,比例,党国会議員団政調副会長〈元〉経産省大臣官房参事官▽京大院,http://www.asahi.com/senkyo/senkyo2017/koho/A27.html
大阪9区,,,,原田,憲治,はらだ,けんじ,69,自民,公明,前,3,比例,党副幹事長・社福法人理事〈元〉総務副大臣・防衛政務官・大阪府議▽日大,http://www.asahi.com/senkyo/senkyo2017/koho/A27.html
大阪10区,,,,辻元,清美,つじもと,きよみ,57,立憲,,前,6,比例,〈元〉民進党幹事長代行・国交副大臣・国際交流ＮＧＯスタッフ▽早大,http://www.asahi.com/senkyo/senkyo2017/koho/A27.html
大阪10区,,,,大隈,和英,おおくま,かずひで,48,自民,公明,前,1,比例,医師〈元〉大阪警察病院外科医員▽京大院,http://www.asahi.com/senkyo/senkyo2017/koho/A27.html
大阪10区,,,,松浪,健太,まつなみ,けんた,46,維新,,前,5,比例,〈元〉衆院決算行政監視委員長・内閣府政務官・産経新聞記者▽早大,http://www.asahi.com/senkyo/senkyo2017/koho/A27.html
大阪11区,,,,平野,博文,ひらの,ひろふみ,68,無所,,前,6,,民進党副代表〈元〉文科相・官房長官・パナソニック社員▽中大,http://www.asahi.com/senkyo/senkyo2017/koho/A27.html
大阪11区,,,,伊東,信久,いとう,のぶひさ,53,維新,,前,2,比例,党国際局長・党国対副委員長・クリニック院長▽大阪市大院,http://www.asahi.com/senkyo/senkyo2017/koho/A27.html
大阪11区,,,,佐藤,ゆかり,さとう,ゆかり,56,自民,公明,前,2,比例,〈元〉参院議員・経産政務官・外資証券社員▽米ニューヨーク大院,http://www.asahi.com/senkyo/senkyo2017/koho/A27.html
大阪12区,,,,藤田,文武,ふじた,ふみたけ,36,維新,,新,0,比例,運動関連会社長〈元〉高校非常勤講師▽筑波大,http://www.asahi.com/senkyo/senkyo2017/koho/A27.html
大阪12区,,,,松尾,正利,まつお,まさのり,58,共産,,新,0,,党地区委員長・党区国政対策委員長〈元〉ゴム会社員▽長崎県大村工高,http://www.asahi.com/senkyo/senkyo2017/koho/A27.html
大阪12区,,,,北川,知克,きたがわ,ともかつ,65,自民,,前,5,比例,党副幹事長〈元〉環境副大臣・党国対副委員長・環境政務官▽関西大,http://www.asahi.com/senkyo/senkyo2017/koho/A27.html
大阪13区,,,,西野,弘一,にしの,こういち,48,無所,,元,1,,〈元〉次世代の党幹事長代理・大阪府議・衆院議員秘書▽中大,http://www.asahi.com/senkyo/senkyo2017/koho/A27.html
大阪13区,,,,宗清,皇一,むねきよ,こういち,47,自民,公明,前,1,比例,党財務金融副部会長〈元〉大阪府議・衆院議員秘書▽龍谷大,http://www.asahi.com/senkyo/senkyo2017/koho/A27.html
大阪13区,,,,長岡,嘉一,ながおか,よしかず,48,共産,,新,0,,党地区委員・市民運動団体事務局長〈元〉東大阪市議▽大阪教大,http://www.asahi.com/senkyo/senkyo2017/koho/A27.html
大阪13区,,,,青野,剛暁,あおの,よしあき,43,維新,,新,0,比例,大阪維新の会副代表〈元〉大阪府議・東大阪市議▽近畿大,http://www.asahi.com/senkyo/senkyo2017/koho/A27.html
大阪13区,,,,姜,英紀,かん,ひでき,45,立憲,,新,0,比例,〈元〉ロイター通信記者・ＮＨＫディレクター▽立命大専門職院,http://www.asahi.com/senkyo/senkyo2017/koho/A27.html
大阪14区,,,,小松,久,こまつ,ひさし,60,共産,,新,0,,党地区副委員長〈元〉大阪府議・府立高校教職員組合役員▽早大,http://www.asahi.com/senkyo/senkyo2017/koho/A27.html
大阪14区,,,,谷畑,孝,たにはた,たかし,70,維新,,前,7,比例,党両院議員総会長〈元〉自民党政調副会長・厚労副大臣・参院議員▽関西大,http://www.asahi.com/senkyo/senkyo2017/koho/A27.html
大阪14区,,,,長尾,敬,ながお,たかし,54,自民,,前,2,比例,〈元〉衆院外務委理事・民主党大阪府副幹事長・明治生命社員▽立命大,http://www.asahi.com/senkyo/senkyo2017/koho/A27.html
大阪15区,,,,竹本,直一,たけもと,なおかず,76,自民,公明,前,7,,〈元〉党大阪府会長・財務副大臣・厚労政務官・建設省河川総務課長▽京大,http://www.asahi.com/senkyo/senkyo2017/koho/A27.html
大阪15区,,,,為,仁史,ため,きみひと,68,共産,,新,0,,党地区委員〈元〉富田林民主商工会事務局長▽大阪工大中退,http://www.asahi.com/senkyo/senkyo2017/koho/A27.html
大阪15区,,,,浦野,靖人,うらの,やすと,44,維新,,前,2,比例,社会福祉法人理事〈元〉大阪府議・保育士▽聖和大,http://www.asahi.com/senkyo/senkyo2017/koho/A27.html
大阪16区,,,,森山,浩行,もりやま,ひろゆき,46,立憲,,元,1,比例,〈元〉大阪府議・堺市議・関西テレビ記者▽明大,http://www.asahi.com/senkyo/senkyo2017/koho/A27.html
大阪16区,,,,北側,一雄,きたがわ,かずお,64,公明,自民,前,8,,党副代表・弁護士・税理士〈元〉党幹事長・国交相・党政調会長▽創価大,http://www.asahi.com/senkyo/senkyo2017/koho/A27.html
大阪17区,,,,岡下,昌平,おかした,しょうへい,42,自民,公明,前,1,比例,党青年局次長〈元〉大阪府議・衆院議員秘書▽日大,http://www.asahi.com/senkyo/senkyo2017/koho/A27.html
大阪17区,,,,馬場,伸幸,ばば,のぶゆき,52,維新,,前,2,比例,党幹事長・大阪維新の会副代表〈元〉党国対委員長・堺市議長▽鳳高,http://www.asahi.com/senkyo/senkyo2017/koho/A27.html
大阪17区,,,,藤本,幸子,ふじもと,さちこ,42,共産,,新,0,,はりきゅう師・党地区常任委員〈元〉タクシー運転手▽近大短大部,http://www.asahi.com/senkyo/senkyo2017/koho/A27.html
大阪18区,,,,遠藤,敬,えんどう,たかし,49,維新,,前,2,比例,党国対委員長・教育団体役員〈元〉堺高石青年会議所理事長▽大阪産大付高,http://www.asahi.com/senkyo/senkyo2017/koho/A27.html
大阪18区,,,,矢野,忠重,やの,ただしげ,67,共産,,新,0,,党地区副委員長〈元〉住之江民主商工会事務局員・機械会社員▽佐野工高,http://www.asahi.com/senkyo/senkyo2017/koho/A27.html
大阪18区,,,,神谷,昇,かみたに,のぼる,68,自民,公明,前,1,比例,〈元〉泉大津市長・大阪府議・市議▽泉大津高,http://www.asahi.com/senkyo/senkyo2017/koho/A27.html
大阪19区,,,,谷川,とむ,たにがわ,とむ,41,自民,公明,前,1,比例,党青年局次長・僧侶〈元〉参院議員秘書・俳優▽阪大院,http://www.asahi.com/senkyo/senkyo2017/koho/A27.html
大阪19区,,,,丸山,穂高,まるやま,ほだか,33,維新,,前,2,比例,党国会議員団政調副会長〈元〉松下政経塾生・経産省職員▽東大,http://www.asahi.com/senkyo/senkyo2017/koho/A27.html
大阪19区,,,,北村,みき,きたむら,みき,51,共産,,新,0,,党地区女性児童部長〈元〉中学校教諭▽千葉大院,http://www.asahi.com/senkyo/senkyo2017/koho/A27.html
兵庫1区,,,,力重,智之,りきしげ,ともゆき,39,共産,,新,0,,党兵庫県常任委員〈元〉民青県委員長・製本会社員▽大商学園高,http://www.asahi.com/senkyo/senkyo2017/koho/A28.html
兵庫1区,,,,梅村,聡,うめむら,さとし,42,維新,,新,0,比例,医師・医療法人理事長〈元〉民主党大阪府代表代行・厚労政務官▽阪大,http://www.asahi.com/senkyo/senkyo2017/koho/A28.html
兵庫1区,,,,盛山,正仁,もりやま,まさひと,63,自民,公明,前,3,比例,〈元〉法務副大臣・法務政務官・国交省情報管理部長▽神戸大院,http://www.asahi.com/senkyo/senkyo2017/koho/A28.html
兵庫1区,,,,井坂,信彦,いさか,のぶひこ,43,希望,,前,2,比例,行政書士〈元〉民進党兵庫県代表・神戸市議・ＩＴ会社員▽京大,http://www.asahi.com/senkyo/senkyo2017/koho/A28.html
兵庫2区,,,,舩川,治郎,ふなかわ,じろう,50,無所,,新,0,,民進党兵庫県副代表・飲食会社長〈元〉リクルート社員▽早大,http://www.asahi.com/senkyo/senkyo2017/koho/A28.html
兵庫2区,,,,赤羽,一嘉,あかば,かずよし,59,公明,自民,前,7,,党政調会長代理・党兵庫県代表〈元〉経産副大臣・三井物産社員▽慶大,http://www.asahi.com/senkyo/senkyo2017/koho/A28.html
兵庫2区,,,,平松,順子,ひらまつ,じゅんこ,68,共産,,新,0,比例,党兵庫県常任委員〈元〉法律事務所職員▽神戸大,http://www.asahi.com/senkyo/senkyo2017/koho/A28.html
兵庫3区,,,,冨士谷,香恵子,ふじたに,かえこ,65,共産,,新,0,,党地区委員〈元〉兵庫県商工団体連合会常任理事▽三重県神戸高,http://www.asahi.com/senkyo/senkyo2017/koho/A28.html
兵庫3区,,,,松木,秀一郎,まつき,しゅういちろう,33,維新,,新,0,比例,〈元〉衆院議員秘書・ＳＭＢＣ日興証券会社員▽大阪市立大,http://www.asahi.com/senkyo/senkyo2017/koho/A28.html
兵庫3区,,,,関,芳弘,せき,よしひろ,52,自民,公明,前,3,比例,党副幹事長〈元〉環境副大臣・経産政務官・三井住友銀行員▽関学大,http://www.asahi.com/senkyo/senkyo2017/koho/A28.html
兵庫3区,,,,横畑,和幸,よこはた,かずゆき,45,希望,,新,0,比例,障害者就労支援ＮＰＯ顧問〈元〉民進党兵庫県副代表・神戸市議▽関学大,http://www.asahi.com/senkyo/senkyo2017/koho/A28.html
兵庫4区,,,,藤井,比早之,ふじい,ひさゆき,46,自民,公明,前,2,比例,〈元〉国交政務官・彦根市副市長・内閣府職員・総務省消防庁職員▽東大,http://www.asahi.com/senkyo/senkyo2017/koho/A28.html
兵庫4区,,,,佐藤,泰樹,さとう,やすき,46,無所,,新,0,,民進党兵庫県副代表〈元〉住友商事社員・証券会社員▽米ハーバード大院,http://www.asahi.com/senkyo/senkyo2017/koho/A28.html
兵庫4区,,,,野口,威光,のぐち,たけみつ,43,希望,,新,0,比例,副住職〈元〉衆院議員秘書▽早大,http://www.asahi.com/senkyo/senkyo2017/koho/A28.html
兵庫4区,,,,大椙,鉄夫,おおすぎ,てつお,69,共産,,新,0,,党地区委員長・党兵庫県委員〈元〉農機用刃物製造会社員▽岡山大,http://www.asahi.com/senkyo/senkyo2017/koho/A28.html
兵庫5区,,,,西中,孝男,にしなか,たかお,68,共産,,新,0,,党地区副委員長〈元〉三田市議・中学校ＰＴＡ会長▽有馬高,http://www.asahi.com/senkyo/senkyo2017/koho/A28.html
兵庫5区,,,,梶原,康弘,かじわら,やすひろ,61,希望,,元,2,比例,電気機械器具製造会社長〈元〉民進党兵庫県副代表・農水政務官▽早大,http://www.asahi.com/senkyo/senkyo2017/koho/A28.html
兵庫5区,,,,谷,公一,たに,こういち,65,自民,公明,前,5,比例,党兵庫県会長・県治山林道協会代表理事〈元〉復興副大臣▽明大,http://www.asahi.com/senkyo/senkyo2017/koho/A28.html
兵庫6区,,,,幾村,奈応子,いくむら,なおこ,37,希望,,新,0,比例,環境コンサルタント会社顧問〈元〉衆院議員秘書▽鹿児島国際大中退,http://www.asahi.com/senkyo/senkyo2017/koho/A28.html
兵庫6区,,,,桜井,周,さくらい,しゅう,47,立憲,,新,0,比例,弁理士〈元〉伊丹市議・国際協力銀行職員▽京大院,http://www.asahi.com/senkyo/senkyo2017/koho/A28.html
兵庫6区,,,,市村,浩一郎,いちむら,こういちろう,53,維新,,元,3,比例,公益財団法人理事長〈元〉国交政務官・民主党国対副委員長▽一橋大,http://www.asahi.com/senkyo/senkyo2017/koho/A28.html
兵庫6区,,,,大串,正樹,おおぐし,まさき,51,自民,公明,前,2,比例,経産政務官〈元〉西武文理大准教授・石川島播磨重工業社員▽東北大院,http://www.asahi.com/senkyo/senkyo2017/koho/A28.html
兵庫7区,,,,上田,幸子,うえだ,さちこ,69,共産,,新,0,,党地区副委員長〈元〉西宮市議・化学会社員▽市立西宮高,http://www.asahi.com/senkyo/senkyo2017/koho/A28.html
兵庫7区,,,,畠中,光成,はたなか,みつなり,45,希望,,元,1,比例,〈元〉民進党兵庫県副代表・松下政経塾生・明治生命社員▽関学大,http://www.asahi.com/senkyo/senkyo2017/koho/A28.html
兵庫7区,,,,三木,圭恵,みき,けえ,51,維新,,元,1,比例,党兵庫県副代表〈元〉たちあがれ日本県支部長・三田市議▽関西大,http://www.asahi.com/senkyo/senkyo2017/koho/A28.html
兵庫7区,,,,山田,賢司,やまだ,けんじ,51,自民,公明,前,2,比例,党文科副部会長〈元〉外資系信託銀行員・三井住友銀行員▽神戸大,http://www.asahi.com/senkyo/senkyo2017/koho/A28.html
兵庫8区,,,,堀内,照文,ほりうち,てるふみ,44,共産,,前,1,比例,党准中央委員〈元〉党兵庫県副委員長・党県職員・民青県委員▽神戸大,http://www.asahi.com/senkyo/senkyo2017/koho/A28.html
兵庫8区,,,,中野,洋昌,なかの,ひろまさ,39,公明,自民,前,2,,党国会対策副委員長・党青年副委員長〈元〉国交省職員▽東大,http://www.asahi.com/senkyo/senkyo2017/koho/A28.html
兵庫9区,,,,西村,康稔,にしむら,やすとし,55,自民,公明,前,5,比例,官房副長官〈元〉党総裁特別補佐・内閣府副大臣・通産省職員▽東大,http://www.asahi.com/senkyo/senkyo2017/koho/A28.html
兵庫9区,,,,菊地,憲之,きくち,のりゆき,61,無所,共産/社民,新,0,,新社会党兵庫県書記長・労組支部事務局長〈元〉自治労県執行委員▽神戸大,http://www.asahi.com/senkyo/senkyo2017/koho/A28.html
兵庫9区,,,,川戸,康嗣,かわと,やすし,42,希望,,新,0,比例,医療コンサル業・社会人球団代表〈元〉医療機器販売社員▽関学大専門職院,http://www.asahi.com/senkyo/senkyo2017/koho/A28.html
兵庫10区,,,,渡海,紀三朗,とかい,きさぶろう,69,自民,公明,前,8,比例,〈元〉首相補佐官・文科相・党兵庫県会長▽早大,http://www.asahi.com/senkyo/senkyo2017/koho/A28.html
兵庫10区,,,,金田,峰生,かねだ,みねお,52,共産,,新,0,,党兵庫県常任委員〈元〉参院議員秘書・県議▽日本福祉大,http://www.asahi.com/senkyo/senkyo2017/koho/A28.html
兵庫10区,,,,柘植,厚人,つげ,あつひと,45,希望,,新,0,比例,党幹事・就職支援会社取締役・行政書士▽上智大専門職院,http://www.asahi.com/senkyo/senkyo2017/koho/A28.html
兵庫11区,,,,長安,豊,ながやす,たかし,49,希望,,元,3,比例,党幹事〈元〉民進党大阪府常任幹事・国交副大臣・三井物産社員▽東大,http://www.asahi.com/senkyo/senkyo2017/koho/A28.html
兵庫11区,,,,松本,剛明,まつもと,たけあき,58,自民,公明,前,6,比例,〈元〉民主党税調会長・外相・衆院議院運営委員長・日本興業銀行員▽東大,http://www.asahi.com/senkyo/senkyo2017/koho/A28.html
兵庫11区,,,,稲村,知,いなむら,さとる,57,共産,,新,0,,党地区委員〈元〉イトーヨーカドー契約社員▽兵庫工高,http://www.asahi.com/senkyo/senkyo2017/koho/A28.html
兵庫12区,,,,池畑,浩太朗,いけはた,こうたろう,43,希望,,新,0,比例,農業ＮＰＯ代表理事〈元〉兵庫県議・衆院議員秘書▽岡山県立農業大学校,http://www.asahi.com/senkyo/senkyo2017/koho/A28.html
兵庫12区,,,,山口,壮,やまぐち,つよし,63,自民,公明,前,5,比例,〈元〉外務副大臣・内閣府副大臣・外務省国際科学協力室長▽東大,http://www.asahi.com/senkyo/senkyo2017/koho/A28.html
兵庫12区,,,,堀,譲,ほり,ゆずる,67,共産,,新,0,,党地区常任委員〈元〉たつの市議・知的障害者福祉施設長▽中京大,http://www.asahi.com/senkyo/senkyo2017/koho/A28.html
奈良1区,,,,井上,良子,いのうえ,よしこ,53,共産,,新,0,比例,党奈良県常任委員〈元〉赤旗記者・民青県委員長▽大阪デザイナー専門学校,http://www.asahi.com/senkyo/senkyo2017/koho/A29.html
奈良1区,,,,小林,茂樹,こばやし,しげき,53,自民,,元,1,比例,不動産会社会長〈元〉奈良県議・奈良青年会議所理事長▽慶大,http://www.asahi.com/senkyo/senkyo2017/koho/A29.html
奈良1区,,,,吉野,忠男,よしの,ただお,58,維新,,新,0,比例,大阪経大教授・税理士〈元〉たくぎん総合研究所社員▽北大院,http://www.asahi.com/senkyo/senkyo2017/koho/A29.html
奈良1区,,,,馬淵,澄夫,まぶち,すみお,57,希望,,前,5,比例,〈元〉首相補佐官・国交相・三井建設社員▽横浜国大,http://www.asahi.com/senkyo/senkyo2017/koho/A29.html
奈良2区,,,,松本,昌之,まつもと,まさゆき,34,希望,,新,0,比例,弁護士・東京奈良県人会理事▽東大専門職院,http://www.asahi.com/senkyo/senkyo2017/koho/A29.html
奈良2区,,,,霜鳥,純一,しもとり,じゅんいち,56,共産,,新,0,,党奈良県委員・天理民主商工会事務局長▽奈良大,http://www.asahi.com/senkyo/senkyo2017/koho/A29.html
奈良2区,,,,高市,早苗,たかいち,さなえ,56,自民,公明,前,7,比例,〈元〉総務相・党政調会長・経産副大臣・少子化相・近畿大教授▽神戸大,http://www.asahi.com/senkyo/senkyo2017/koho/A29.html
奈良3区,,,,田野瀬,太道,たのせ,たいどう,43,自民,公明,前,2,比例,党国会対策副委員長・党青年局次長〈元〉文科政務官▽早大,http://www.asahi.com/senkyo/senkyo2017/koho/A29.html
奈良3区,,,,所,進,ところ,すすむ,38,共産,,新,0,,病院職員・党奈良県青年学生対策部員▽佛教大,http://www.asahi.com/senkyo/senkyo2017/koho/A29.html
奈良3区,,,,前川,清成,まえかわ,きよしげ,54,希望,,新,0,比例,弁護士〈元〉参院議員・内閣府副大臣・龍谷大理事▽関西大,http://www.asahi.com/senkyo/senkyo2017/koho/A29.html
和歌山1区,,,,原,矢寸久,はら,やすひさ,66,共産,,新,0,比例,党和歌山県副委員長〈元〉党県書記長・週刊白浜記者▽立命大中退,http://www.asahi.com/senkyo/senkyo2017/koho/A30.html
和歌山1区,,,,岸本,周平,きしもと,しゅうへい,61,希望,,前,3,比例,〈元〉経産政務官・トヨタ自動車部長・財務省国庫課長▽東大,http://www.asahi.com/senkyo/senkyo2017/koho/A30.html
和歌山1区,,,,門,博文,かど,ひろふみ,52,自民,公明,前,2,比例,党法務部会長代理〈元〉党国交副部会長・観光会社長▽和歌山大,http://www.asahi.com/senkyo/senkyo2017/koho/A30.html
和歌山2区,,,,下村,雅洋,しもむら,まさひろ,62,共産,,新,0,,党和歌山県常任委員〈元〉党地区委員長・民青県委員長▽和歌山大,http://www.asahi.com/senkyo/senkyo2017/koho/A30.html
和歌山2区,,,,栄,隆則,さかえ,たかのり,53,維新,,新,0,比例,美容品卸会社長・党和歌山県常任幹事▽和歌山大経済短大部,http://www.asahi.com/senkyo/senkyo2017/koho/A30.html
和歌山2区,,,,石田,真敏,いしだ,まさとし,65,自民,公明,前,6,比例,〈元〉党副幹事長・財務副大臣・旧海南市長・和歌山県議▽早大,http://www.asahi.com/senkyo/senkyo2017/koho/A30.html
和歌山2区,,,,坂田,隆徳,さかた,たかのり,38,希望,,新,0,比例,〈元〉鉄鋼商社役員・衆院議員秘書▽関学大,http://www.asahi.com/senkyo/senkyo2017/koho/A30.html
和歌山3区,,,,楠本,文郎,くすもと,ふみろう,63,共産,,新,0,,党和歌山県委員・党地区副委員長〈元〉御坊市議・小学校教諭▽和歌山大,http://www.asahi.com/senkyo/senkyo2017/koho/A30.html
和歌山3区,,,,二階,俊博,にかい,としひろ,78,自民,公明,前,11,,党幹事長〈元〉党総務会長・経産相・運輸相・和歌山県議▽中大,http://www.asahi.com/senkyo/senkyo2017/koho/A30.html
鳥取1区,,,,塚田,成幸,つかだ,なるゆき,53,共産,,新,0,,党地区委員長〈元〉党鳥取県常任委員・民青県委員長・医療生協職員▽法大,http://www.asahi.com/senkyo/senkyo2017/koho/A31.html
鳥取1区,,,,石破,茂,いしば,しげる,60,自民,公明,前,10,比例,党鳥取県会長〈元〉地方創生相・党幹事長・農水相・防衛相▽慶大,http://www.asahi.com/senkyo/senkyo2017/koho/A31.html
鳥取2区,,,,福住,英行,ふくずみ,ひでゆき,41,共産,,新,0,,党鳥取県常任委員〈元〉党地区委員長・党県職員・赤旗記者▽千葉大,http://www.asahi.com/senkyo/senkyo2017/koho/A31.html
鳥取2区,,,,湯原,俊二,ゆはら,しゅんじ,54,希望,,元,1,比例,〈元〉民進党鳥取県副代表・民主党県代表・県議・旧米子市議▽早大,http://www.asahi.com/senkyo/senkyo2017/koho/A31.html
鳥取2区,,,,赤沢,亮正,あかざわ,りょうせい,56,自民,公明,前,4,比例,党総務副会長〈元〉内閣府副大臣・日本郵政公社部長・国交省職員▽東大,http://www.asahi.com/senkyo/senkyo2017/koho/A31.html
島根1区,,,,細田,博之,ほそだ,ひろゆき,73,自民,公明,前,9,,〈元〉党総務会長・党幹事長・官房長官・通産省物価対策課長▽東大,http://www.asahi.com/senkyo/senkyo2017/koho/A32.html
島根1区,,,,亀井,亜紀子,かめい,あきこ,52,立憲,社民,新,0,比例,〈元〉民進党島根県副代表・参院議員・国民新党政調会長▽学習院大,http://www.asahi.com/senkyo/senkyo2017/koho/A32.html
島根2区,,,,福原,宗男,ふくはら,むねお,70,社民,,新,0,比例,党島根県代表・農業〈元〉益田市議・市経済部次長▽益田産業高,http://www.asahi.com/senkyo/senkyo2017/koho/A32.html
島根2区,,,,竹下,亘,たけした,わたる,70,自民,公明,前,6,比例,党総務会長・党島根県会長〈元〉復興相・衆院議員秘書・ＮＨＫ記者▽慶大,http://www.asahi.com/senkyo/senkyo2017/koho/A32.html
島根2区,,,,向瀬,慎一,むこせ,しんいち,46,共産,,新,0,,党地区委員長・党島根県委員〈元〉民青県委員長▽山形大院,http://www.asahi.com/senkyo/senkyo2017/koho/A32.html
岡山1区,,,,逢沢,一郎,あいさわ,いちろう,63,自民,公明,前,10,比例,〈元〉衆院政倫審会長・党総裁特別補佐・党国対委員長・外務副大臣▽慶大,http://www.asahi.com/senkyo/senkyo2017/koho/A33.html
岡山1区,,,,高井,崇志,たかい,たかし,48,立憲,,前,2,比例,ＩＴ会社役員〈元〉民進党政調副会長・総務省職員▽東大,http://www.asahi.com/senkyo/senkyo2017/koho/A33.html
岡山1区,,,,蜂谷,弘美,はちや,ひろみ,61,希望,,新,0,比例,〈元〉岡山県議・自民党県女性局長・内装デザイナー▽共立女大,http://www.asahi.com/senkyo/senkyo2017/koho/A33.html
岡山2区,,,,山下,貴司,やました,たかし,52,自民,公明,前,2,比例,法務政務官・弁護士〈元〉法務省職員・検事・在米大使館１等書記官▽東大,http://www.asahi.com/senkyo/senkyo2017/koho/A33.html
岡山2区,,,,垣内,京美,かきうち,きょうみ,51,共産,,新,0,比例,党岡山県書記長〈元〉党地区委員長・岡山民報記者▽岡山大,http://www.asahi.com/senkyo/senkyo2017/koho/A33.html
岡山2区,,,,田部,雄治,たなべ,ゆうじ,41,諸派,,新,0,,幸福実現党岡山県代表〈元〉キーエンス社員▽京大院,http://www.asahi.com/senkyo/senkyo2017/koho/A33.html
岡山2区,,,,津村,啓介,つむら,けいすけ,45,希望,,前,5,比例,〈元〉民進党国対委員長代理・内閣府政務官・日本銀行員▽東大,http://www.asahi.com/senkyo/senkyo2017/koho/A33.html
岡山3区,,,,尾崎,宏子,おざき,ひろこ,61,共産,,新,0,,党地区副委員長〈元〉新日本婦人の会岡山県副会長▽ノートルダム清心女大,http://www.asahi.com/senkyo/senkyo2017/koho/A33.html
岡山3区,,,,内山,晃,うちやま,あきら,63,希望,,元,3,比例,社会保険労務士〈元〉総務政務官・民主党国対副委員長▽専修大,http://www.asahi.com/senkyo/senkyo2017/koho/A33.html
岡山3区,,,,平沼,正二郎,ひらぬま,しょうじろう,37,無所,,新,0,,ＩＴ会社役員〈元〉ソニーマーケティング社員▽学習院大,http://www.asahi.com/senkyo/senkyo2017/koho/A33.html
岡山3区,,,,阿部,俊子,あべ,としこ,58,無所,自民,前,4,,自民党副幹事長〈元〉農水副大臣・看護協会副会長▽米イリノイ州立大院,http://www.asahi.com/senkyo/senkyo2017/koho/A33.html
岡山4区,,,,橋本,岳,はしもと,がく,43,自民,公明,前,3,比例,党岡山県会長・党厚労部会長〈元〉厚労副大臣・三菱総研研究員▽慶大院,http://www.asahi.com/senkyo/senkyo2017/koho/A33.html
岡山4区,,,,柚木,道義,ゆのき,みちよし,45,希望,,前,4,比例,〈元〉民進岡山代表・党国対副委員長・財務政務官・書籍販売社員▽岡山大,http://www.asahi.com/senkyo/senkyo2017/koho/A33.html
岡山4区,,,,平林,明成,ひらばやし,あきなり,62,共産,,新,0,,党地区委員〈元〉倉敷医療生協職員・歯科医院職員▽愛知大,http://www.asahi.com/senkyo/senkyo2017/koho/A33.html
岡山5区,,,,美見,芳明,みいみ,よしあき,60,共産,,新,0,,党岡山県委員・党地区委員長▽姫路工大,http://www.asahi.com/senkyo/senkyo2017/koho/A33.html
岡山5区,,,,樽井,良和,たるい,よしかず,50,希望,,元,1,比例,婚活イベント会社長〈元〉参院議員・衆院議員秘書▽同志社大中退,http://www.asahi.com/senkyo/senkyo2017/koho/A33.html
岡山5区,,,,加藤,勝信,かとう,かつのぶ,61,自民,公明,前,5,比例,厚労相〈元〉１億総活躍相・官房副長官・党岡山県会長▽東大,http://www.asahi.com/senkyo/senkyo2017/koho/A33.html
広島1区,,,,岸田,文雄,きしだ,ふみお,60,自民,公明,前,8,比例,党政調会長〈元〉外相・党国対委員長・沖縄北方相・文科副大臣▽早大,http://www.asahi.com/senkyo/senkyo2017/koho/A34.html
広島1区,,,,大西,理,おおにし,おさむ,51,共産,,新,0,,党地区委員長〈元〉党広島県常任委員・県民医連事務局員▽大阪経法大中退,http://www.asahi.com/senkyo/senkyo2017/koho/A34.html
広島2区,,,,平口,洋,ひらぐち,ひろし,69,自民,公明,前,3,比例,〈元〉党副幹事長・環境副大臣・法務政務官・秋田県警本部長▽東大,http://www.asahi.com/senkyo/senkyo2017/koho/A34.html
広島2区,,,,水野,善丈,みずの,よしひろ,26,諸派,,新,0,,幸福実現党広島県代表▽愛媛大,http://www.asahi.com/senkyo/senkyo2017/koho/A34.html
広島2区,,,,灰岡,香奈,はいおか,かな,34,維新,,新,0,比例,広島修道大同窓会評議員〈元〉山口県和木町議▽広島修道大,http://www.asahi.com/senkyo/senkyo2017/koho/A34.html
広島2区,,,,藤本,聡志,ふじもと,さとし,63,共産,,新,0,,党広島県委員〈元〉民青県常任委員▽東京農工大,http://www.asahi.com/senkyo/senkyo2017/koho/A34.html
広島2区,,,,松本,大輔,まつもと,だいすけ,46,希望,,元,3,比例,〈元〉文科副大臣・民主党国対副委員長・防衛政務官▽東大,http://www.asahi.com/senkyo/senkyo2017/koho/A34.html
広島3区,,,,塩村,文夏,しおむら,あやか,39,無所,,新,0,,民進党広島県副代表・放送作家〈元〉都議・ライター▽共立女短大,http://www.asahi.com/senkyo/senkyo2017/koho/A34.html
広島3区,,,,河井,克行,かわい,かつゆき,54,自民,公明,前,6,比例,党総裁外交特別補佐〈元〉首相補佐官・党副幹事長・法務副大臣▽慶大,http://www.asahi.com/senkyo/senkyo2017/koho/A34.html
広島3区,,,,野村,昌央,のむら,まさてる,35,諸派,,新,0,,幸福実現党広島県政調会長▽広島国際大,http://www.asahi.com/senkyo/senkyo2017/koho/A34.html
広島3区,,,,今枝,仁,いまえだ,じん,47,維新,,新,0,比例,弁護士〈元〉広島被害者支援センター監事・東京地検検事▽上智大,http://www.asahi.com/senkyo/senkyo2017/koho/A34.html
広島3区,,,,玉田,憲勲,たまだ,のりたか,60,無所,,新,0,,医師・医療法人理事長・介護支援専門員▽佐賀医大,http://www.asahi.com/senkyo/senkyo2017/koho/A34.html
広島3区,,,,西本,昭彦,にしもと,あきひこ,72,無所,,新,0,,〈元〉農業・重工業会社員,http://www.asahi.com/senkyo/senkyo2017/koho/A34.html
広島4区,,,,中石,仁,なかいし,ひとし,54,共産,,新,0,,党広島県委員・党地区常任委員〈元〉広島電鉄社員▽音戸高,http://www.asahi.com/senkyo/senkyo2017/koho/A34.html
広島4区,,,,空本,誠喜,そらもと,せいき,53,維新,,元,1,比例,技術指導会社長〈元〉東芝社員・東大工学部特別研究員▽東大院,http://www.asahi.com/senkyo/senkyo2017/koho/A34.html
広島4区,,,,新谷,正義,しんたに,まさよし,42,自民,公明,前,2,比例,医療法人理事長・党厚生関係団体委員長〈元〉鹿島神宮前病院長▽東大,http://www.asahi.com/senkyo/senkyo2017/koho/A34.html
広島4区,,,,落合,洋司,おちあい,ようじ,53,無所,,新,0,,弁護士〈元〉東京地検検事▽早大,http://www.asahi.com/senkyo/senkyo2017/koho/A34.html
広島4区,,,,恵飛須,圭二,えびす,けいじ,34,無所,,新,0,,〈元〉松下政経塾生・パナソニック社員▽慶大,http://www.asahi.com/senkyo/senkyo2017/koho/A34.html
広島4区,,,,上野,寛治,うえの,かんじ,35,希望,,新,0,比例,介護会社員〈元〉復興庁宮城復興局職員・電機会社員▽英エディンバラ大院,http://www.asahi.com/senkyo/senkyo2017/koho/A34.html
広島5区,,,,尾崎,光,おざき,ひかる,64,共産,,新,0,,党地区委員長〈元〉府中町議・食品小売会社員▽愛媛県壬生川工高中退,http://www.asahi.com/senkyo/senkyo2017/koho/A34.html
広島5区,,,,寺田,稔,てらだ,みのる,59,自民,公明,前,4,比例,〈元〉党国防部会長・内閣府副大臣・復興副大臣・財務省主計官▽東大,http://www.asahi.com/senkyo/senkyo2017/koho/A34.html
広島5区,,,,橋本,琴絵,はしもと,ことえ,28,希望,,新,0,比例,党役員▽九大,http://www.asahi.com/senkyo/senkyo2017/koho/A34.html
広島6区,,,,小島,敏文,こじま,としふみ,67,自民,公明,前,2,比例,党農林部会長代理〈元〉広島県副議長・衆院議員秘書▽大東文化大,http://www.asahi.com/senkyo/senkyo2017/koho/A34.html
広島6区,,,,寺田,明充,てらだ,あきみつ,66,共産,,新,0,,党地区常任委員〈元〉党地区委員長・家電販売店役員▽長崎県立国際経済大,http://www.asahi.com/senkyo/senkyo2017/koho/A34.html
広島6区,,,,佐藤,公治,さとう,こうじ,58,希望,,元,2,比例,〈元〉自由党広島県代表・参院議員・民主党県代表▽慶大,http://www.asahi.com/senkyo/senkyo2017/koho/A34.html
広島7区,,,,佐藤,広典,さとう,ひろのり,41,希望,,新,0,比例,〈元〉民進党広島県副代表・都議・松下政経塾生▽慶大,http://www.asahi.com/senkyo/senkyo2017/koho/A34.html
広島7区,,,,小林,史明,こばやし,ふみあき,34,自民,公明,前,2,比例,総務政務官・内閣府政務官〈元〉ＮＴＴドコモ社員▽上智大,http://www.asahi.com/senkyo/senkyo2017/koho/A34.html
広島7区,,,,重村,幸司,しげむら,こうじ,66,共産,,新,0,,党広島県委員〈元〉国労西日本本部副委員長▽熊本第一工高,http://www.asahi.com/senkyo/senkyo2017/koho/A34.html
山口1区,,,,五島,博,ごとう,ひろし,61,共産,,新,0,,党山口県委員・党地区委員長〈元〉民青中央常任委員▽山口大,http://www.asahi.com/senkyo/senkyo2017/koho/A35.html
山口1区,,,,高村,正大,こうむら,まさひろ,46,自民,公明,新,0,比例,〈元〉衆院議員秘書・電通社員▽慶大,http://www.asahi.com/senkyo/senkyo2017/koho/A35.html
山口1区,,,,大内,一也,おおうち,かずや,44,希望,,新,0,比例,人材育成会社長・党幹事〈元〉教育支援会社員・ＮＴＴ西日本社員▽山口大,http://www.asahi.com/senkyo/senkyo2017/koho/A35.html
山口1区,,,,河井,美和子,かわい,みわこ,55,諸派,,新,0,,幸福実現党山口県代表〈元〉明治安田生命保険社員▽明星大,http://www.asahi.com/senkyo/senkyo2017/koho/A35.html
山口2区,,,,松田,一志,まつだ,かずし,60,共産,,新,0,,党山口県委員・党地区副委員長〈元〉岩国民商事務局長▽福岡大,http://www.asahi.com/senkyo/senkyo2017/koho/A35.html
山口2区,,,,岸,信夫,きし,のぶお,58,自民,公明,前,2,比例,党山口県会長〈元〉外務副大臣・参院議員・住友商事社員▽慶大,http://www.asahi.com/senkyo/senkyo2017/koho/A35.html
山口3区,,,,河村,建夫,かわむら,たけお,74,自民,公明,前,9,,党地方創生実行統合本部長〈元〉官房長官・文科相・山口県議▽慶大,http://www.asahi.com/senkyo/senkyo2017/koho/A35.html
山口3区,,,,坂本,史子,さかもと,ふみこ,62,立憲,社民,新,0,比例,〈元〉目黒区議・医薬品製造会社員・通信機会社員▽熊本大,http://www.asahi.com/senkyo/senkyo2017/koho/A35.html
山口4区,,,,安倍,晋三,あべ,しんぞう,63,自民,公明,前,8,,首相・党総裁〈元〉官房長官・党幹事長・外相秘書官▽成蹊大,http://www.asahi.com/senkyo/senkyo2017/koho/A35.html
山口4区,,,,藤田,時雄,ふじた,ときお,63,希望,,新,0,比例,党幹事〈元〉芸能プロ社員▽九大,http://www.asahi.com/senkyo/senkyo2017/koho/A35.html
山口4区,,,,西岡,広伸,にしおか,ひろのぶ,54,共産,,新,0,,党山口県委員・党地区副委員長〈元〉ＪＲ西日本職員▽科学技術学園高,http://www.asahi.com/senkyo/senkyo2017/koho/A35.html
山口4区,,,,黒川,敦彦,くろかわ,あつひこ,39,無所,,新,0,,市民団体代表〈元〉農業・投資会社長・ＩＴ会社長▽阪大,http://www.asahi.com/senkyo/senkyo2017/koho/A35.html
山口4区,,,,郡,昭浩,こおり,あきひろ,56,無所,,新,0,,〈元〉塾講師アルバイト▽早大,http://www.asahi.com/senkyo/senkyo2017/koho/A35.html
徳島1区,,,,山本,千代子,やまもと,ちよこ,68,共産,,新,0,,党徳島県委員〈元〉臨床検査技師▽徳島大医学部付属衛生検査技師学校,http://www.asahi.com/senkyo/senkyo2017/koho/A36.html
徳島1区,,,,後藤田,正純,ごとうだ,まさずみ,48,自民,公明,前,6,比例,〈元〉党副幹事長・内閣府副大臣・党徳島県会長・三菱商事社員▽慶大,http://www.asahi.com/senkyo/senkyo2017/koho/A36.html
徳島1区,,,,仁木,博文,にき,ひろぶみ,51,希望,,元,1,比例,医師〈元〉民進党徳島県代表・衆院消費者問題特別委理事▽徳島大院,http://www.asahi.com/senkyo/senkyo2017/koho/A36.html
徳島2区,,,,久保,孝之,くぼ,たかゆき,54,共産,,新,0,,党地区委員長〈元〉党徳島県書記長・民青県委員長▽徳島大,http://www.asahi.com/senkyo/senkyo2017/koho/A36.html
徳島2区,,,,山口,俊一,やまぐち,しゅんいち,67,自民,公明,前,9,比例,党徳島県会長〈元〉沖縄北方科学技術相・首相補佐官・県議▽青学大,http://www.asahi.com/senkyo/senkyo2017/koho/A36.html
徳島2区,,,,福山,正敏,ふくやま,まさとし,46,諸派,,新,0,,幸福実現党徳島県代表代行〈元〉クボタ社員▽名工大,http://www.asahi.com/senkyo/senkyo2017/koho/A36.html
