選挙区候補者：北海道,,,,,,,,,,,http://www.asahi.com/senkyo/senkyo2016/koho/B01.html
選挙区候補者：北海道,,柿木　克弘,48,自民,新,〈元〉道議,,,http://www7.plala.or.jp/kakiki/,/senkyo/senkyo2016/carta/BZZZZZ1JM.htm,http://www.asahi.com/senkyo/senkyo2016/koho/B01.html
選挙区候補者：北海道,,鉢呂　吉雄,68,民進,新,〈元〉経産相,,https://www.facebook.com/hachiroyoshio,http://www.tsukuru.org/,/senkyo/senkyo2016/carta/BZZZZZ03V.htm,http://www.asahi.com/senkyo/senkyo2016/koho/B01.html
選挙区候補者：北海道,,長谷川　岳,45,自民,現,〈元〉総務政務官,https://twitter.com/gaku_hasegawa,https://ja-jp.facebook.com/hasegawagaku,http://www.hasegawagaku.jp/,/senkyo/senkyo2016/carta/B000013Y9.htm,http://www.asahi.com/senkyo/senkyo2016/koho/B01.html
選挙区候補者：北海道,,水越　寛陽,36,無所属,新,僧侶,,,,/senkyo/senkyo2016/carta/B000021O0.htm,http://www.asahi.com/senkyo/senkyo2016/koho/B01.html
選挙区候補者：北海道,,佐藤　和夫,69,こころ,新,〈元〉陸上自衛官,,https://www.facebook.com/kazuetu,,/senkyo/senkyo2016/carta/B000021VB.htm,http://www.asahi.com/senkyo/senkyo2016/koho/B01.html
選挙区候補者：北海道,,徳永　エリ,54,民進,現,党道代表代行,https://twitter.com/eri_line,https://www.facebook.com/eri.tokunaga.79,http://www.tokunaga-eri.jp/,/senkyo/senkyo2016/carta/B00001BOC.htm,http://www.asahi.com/senkyo/senkyo2016/koho/B01.html
選挙区候補者：北海道,,森　英士,38,共産,新,〈元〉赤旗記者,https://twitter.com/tsunetomori,https://ja-jp.facebook.com/tsuneto.mori,http://moritsuneto.com/,/senkyo/senkyo2016/carta/B00001NHS.htm,http://www.asahi.com/senkyo/senkyo2016/koho/B01.html
選挙区候補者：北海道,,森山　佳則,49,諸派,新,幸福実現党員,https://twitter.com/YosshiiMoriyama,https://www.facebook.com/yoshinori.moriyama.7509?fref=hovercard,https://sites.google.com/site/kofukumoriyama/home,/senkyo/senkyo2016/carta/B000019WO.htm,http://www.asahi.com/senkyo/senkyo2016/koho/B01.html
選挙区候補者：北海道,,中村　治,63,諸派,新,支持なし役員,,,,/senkyo/senkyo2016/carta/B000021NZ.htm,http://www.asahi.com/senkyo/senkyo2016/koho/B01.html
選挙区候補者：北海道,,飯田　佳宏,43,無所属,新,〈元〉衆院議員秘書,https://twitter.com/goma0322,https://www.facebook.com/yoshihiroiida2016/?fref=nf,http://www.iida-yoshihiro.com/,/senkyo/senkyo2016/carta/BZZZZZ4QK.htm,http://www.asahi.com/senkyo/senkyo2016/koho/B01.html
選挙区候補者：青森,,,,,,,,,,,http://www.asahi.com/senkyo/senkyo2016/koho/B02.html
選挙区候補者：青森,,山崎　力,69,自民,現,〈元〉総務副大臣,,https://www.facebook.com/aomori.yamazaki?fref=ts,http://www.yamachannel.gr.jp/,/senkyo/senkyo2016/carta/BZZZZZ0W1.htm,http://www.asahi.com/senkyo/senkyo2016/koho/B02.html
選挙区候補者：青森,,三国　佑貴,31,諸派,新,幸福実現党員,,,http://ameblo.jp/mikuniyuki/,/senkyo/senkyo2016/carta/B000021KL.htm,http://www.asahi.com/senkyo/senkyo2016/koho/B02.html
選挙区候補者：青森,,田名部　匡代,47,民進,新,〈元〉農水政務官,,https://www.facebook.com/masayo.tanabu,http://www.masayo.gr.jp,/senkyo/senkyo2016/carta/BZZZZZ04W.htm,http://www.asahi.com/senkyo/senkyo2016/koho/B02.html
選挙区候補者：岩手,,,,,,,,,,,http://www.asahi.com/senkyo/senkyo2016/koho/B03.html
選挙区候補者：岩手,,石川　幹子,51,諸派,新,幸福実現党員,,http://ameblo.jp/mikikomay,https://ja-jp.facebook.com/people/石川幹子/100005122571380,/senkyo/senkyo2016/carta/B000021DT.htm,http://www.asahi.com/senkyo/senkyo2016/koho/B03.html
選挙区候補者：岩手,,田中　真一,49,自民,新,〈元〉参院議員秘書,https://twitter.com/forzatanashin,https://www.facebook.com/田中真一-1047257555316058/,http://shinichi-tanaka.jp/,/senkyo/senkyo2016/carta/B00001PEB.htm,http://www.asahi.com/senkyo/senkyo2016/koho/B03.html
選挙区候補者：岩手,,木戸口　英司,52,無所属,新,〈元〉県議,https://twitter.com/ekidoguchi,,,/senkyo/senkyo2016/carta/BZZZZZ1OH.htm,http://www.asahi.com/senkyo/senkyo2016/koho/B03.html
選挙区候補者：宮城,,,,,,,,,,,http://www.asahi.com/senkyo/senkyo2016/koho/B04.html
選挙区候補者：宮城,,熊谷　大,41,自民,現,党青年局次長,https://twitter.com/kumagai_yutaka,https://www.facebook.com/YutakaKumagaiOfficial,,/senkyo/senkyo2016/carta/B00001CA4.htm,http://www.asahi.com/senkyo/senkyo2016/koho/B04.html
選挙区候補者：宮城,,桜井　充,60,民進,現,医師,https://twitter.com/DrSakurai,https://www.facebook.com/drsakuraimitsuru,http://www.dr-sakurai.jp,/senkyo/senkyo2016/carta/BZZZZZ0WJ.htm,http://www.asahi.com/senkyo/senkyo2016/koho/B04.html
選挙区候補者：宮城,,油井　哲史,36,諸派,新,幸福実現党員,,https://www.facebook.com/tetsushi.yui,http://ameblo.jp/tetsushiyui/,/senkyo/senkyo2016/carta/B00001RT3.htm,http://www.asahi.com/senkyo/senkyo2016/koho/B04.html
選挙区候補者：秋田,,,,,,,,,,,http://www.asahi.com/senkyo/senkyo2016/koho/B05.html
選挙区候補者：秋田,,西野　晃,39,諸派,新,幸福実現党員,,https://www.facebook.com/nishino.akira7777,,/senkyo/senkyo2016/carta/B000019WS.htm,http://www.asahi.com/senkyo/senkyo2016/koho/B05.html
選挙区候補者：秋田,,松浦　大悟,46,民進,前,〈元〉アナウンサー,https://twitter.com/GOGOdai5,http://www.facebook.com/dai5.matsuura,http://www.dai5.jp/,/senkyo/senkyo2016/carta/B000011L5.htm,http://www.asahi.com/senkyo/senkyo2016/koho/B05.html
選挙区候補者：秋田,,石井　浩郎,52,自民,現,〈元〉プロ野球選手,,,http://www.ishii-hiroo.jp,/senkyo/senkyo2016/carta/B00001CDY.htm,http://www.asahi.com/senkyo/senkyo2016/koho/B05.html
選挙区候補者：山形,,,,,,,,,,,http://www.asahi.com/senkyo/senkyo2016/koho/B06.html
選挙区候補者：山形,,月野　薫,61,自民,新,〈元〉食品会社長,,http://www.facebook.com/tsukino.kaoru,http://tsukino-kaoru.com,/senkyo/senkyo2016/carta/B000021GP.htm,http://www.asahi.com/senkyo/senkyo2016/koho/B06.html
選挙区候補者：山形,,城取　良太,39,諸派,新,幸福実現党員,https://twitter.com/ryotashirotori,http://www.facebook.com/ryota.shirotori,http://ameblo.jp/shirotori-ryota/,/senkyo/senkyo2016/carta/B000019RD.htm,http://www.asahi.com/senkyo/senkyo2016/koho/B06.html
選挙区候補者：山形,,舟山　康江,50,無所属,前,〈元〉農水省職員,,http://www.facebook.com/yasue.funayama?fref=ts,http://www.y-funayama.jp/,/senkyo/senkyo2016/carta/BZZZZZ0X2.htm,http://www.asahi.com/senkyo/senkyo2016/koho/B06.html
選挙区候補者：福島,,,,,,,,,,,http://www.asahi.com/senkyo/senkyo2016/koho/B07.html
選挙区候補者：福島,,岩城　光英,66,自民,現,法相,,http://www.facebook.com/iwaki-mitsuhide,http://www.iwaki-mitsuhide.jp/,/senkyo/senkyo2016/carta/BZZZZZ0XA.htm,http://www.asahi.com/senkyo/senkyo2016/koho/B07.html
選挙区候補者：福島,,矢内　筆勝,54,諸派,新,幸福実現党役員,https://twitter.com/yanaihissho,https://www.facebook.com/yanaifm,http://yanai-hissho.hr-party.jp/,/senkyo/senkyo2016/carta/B00001AQ0.htm,http://www.asahi.com/senkyo/senkyo2016/koho/B07.html
選挙区候補者：福島,,増子　輝彦,68,民進,現,〈元〉経産副大臣,,https://www.facebook.com/mashikoteruhiko,http://teruhiko-mashiko.com,/senkyo/senkyo2016/carta/BZZZZZ06R.htm,http://www.asahi.com/senkyo/senkyo2016/koho/B07.html
選挙区候補者：茨城,,,,,,,,,,,http://www.asahi.com/senkyo/senkyo2016/koho/B08.html
選挙区候補者：茨城,,石原　順子,55,無所属,新,ワイン醸造家,https://twitter.com/IbarakiJunjun,https://www.facebook.com/ishiharajunko2016/,http://www.ishiharajunko.jp/,/senkyo/senkyo2016/carta/B00001PNH.htm,http://www.asahi.com/senkyo/senkyo2016/koho/B08.html
選挙区候補者：茨城,,中村　幸樹,52,諸派,新,幸福実現党員,https://twitter.com/nkouki777,https://www.facebook.com/nakamurakouki.hr,http://nakamurakouki777.blog109.fc2.com,/senkyo/senkyo2016/carta/B000019QN.htm,http://www.asahi.com/senkyo/senkyo2016/koho/B08.html
選挙区候補者：茨城,,岡田　広,69,自民,現,〈元〉水戸市長,,,http://www.okada-hiroshi.com,/senkyo/senkyo2016/carta/BZZZZZ0XJ.htm,http://www.asahi.com/senkyo/senkyo2016/koho/B08.html
選挙区候補者：茨城,,郡司　彰,66,民進,現,〈元〉農水相,,,http://www.gunji-akira.com,/senkyo/senkyo2016/carta/BZZZZZ0XI.htm,http://www.asahi.com/senkyo/senkyo2016/koho/B08.html
選挙区候補者：茨城,,小林　恭子,65,共産,新,党県常任委員,https://twitter.com/kobayashikyouko,http://www.facebook.com/kobayashi.kyouko,http://blog.goo.ne.jp//kobayashi-kyouko/,/senkyo/senkyo2016/carta/B00001NBR.htm,http://www.asahi.com/senkyo/senkyo2016/koho/B08.html
選挙区候補者：茨城,,武藤　優子,51,お維新,新,保険代理店役員,https://twitter.com/55yuko55ibaraki,http://www.facebook.com/yuko.muto.ibaraki/,,/senkyo/senkyo2016/carta/B00001O59.htm,http://www.asahi.com/senkyo/senkyo2016/koho/B08.html
選挙区候補者：栃木,,,,,,,,,,,http://www.asahi.com/senkyo/senkyo2016/koho/B09.html
選挙区候補者：栃木,,上野　通子,58,自民,現,党政調副会長,,https://www.facebook.com/michinet.tochigi,http://ueno-michiko.jp/,/senkyo/senkyo2016/carta/BZZZZZ219.htm,http://www.asahi.com/senkyo/senkyo2016/koho/B09.html
選挙区候補者：栃木,,田野辺　隆男,56,無所属,新,〈元〉ＮＨＫ職員,https://twitter.com/tanobetakao,https://facebook.com/tanobetakao,http://www.tanobe.jp,/senkyo/senkyo2016/carta/B000021ID.htm,http://www.asahi.com/senkyo/senkyo2016/koho/B09.html
選挙区候補者：栃木,,三觜　明美,54,諸派,新,幸福実現党員,https://twitter.com/AkemiMitsubachi,https://www.facebook.com/akemimitsubachi,,/senkyo/senkyo2016/carta/B00001RTX.htm,http://www.asahi.com/senkyo/senkyo2016/koho/B09.html
選挙区候補者：群馬,,,,,,,,,,,http://www.asahi.com/senkyo/senkyo2016/koho/B10.html
選挙区候補者：群馬,,堀越　啓仁,36,民進,新,作業療法士,https://twitter.com/nin7kei,https://www.facebook.com/nini7kei,http://keinin.jp,/senkyo/senkyo2016/carta/B000021FK.htm,http://www.asahi.com/senkyo/senkyo2016/koho/B10.html
選挙区候補者：群馬,,安永　陽,68,諸派,新,幸福実現党員,https://twitter.com/3337ngiv,https://www.facebook.com/akira.yasunaga.5,http://ameblo.jp/yasunagaakira/,/senkyo/senkyo2016/carta/B000019PQ.htm,http://www.asahi.com/senkyo/senkyo2016/koho/B10.html
選挙区候補者：群馬,,中曽根　弘文,70,自民,現,〈元〉外相,,https://www.facebook.com/hirofumi.nakasone.f/,http://www.hiro-nakasone.com/,/senkyo/senkyo2016/carta/BZZZZZ0Y0.htm,http://www.asahi.com/senkyo/senkyo2016/koho/B10.html
選挙区候補者：埼玉,,,,,,,,,,,http://www.asahi.com/senkyo/senkyo2016/koho/B11.html
選挙区候補者：埼玉,,伊藤　岳,56,共産,新,党県常任委員,https://twitter.com/gaku_ito,https://www.facebook.com/gaku.ito.jcp,,/senkyo/senkyo2016/carta/BZZZZZ08L.htm,http://www.asahi.com/senkyo/senkyo2016/koho/B11.html
選挙区候補者：埼玉,,大野　元裕,52,民進,現,〈元〉防衛政務官,https://twitter.com/oonomotohiro,https://www.facebook.com/oonomotohiro,http://ameblo.jp/oonomotohiro/,/senkyo/senkyo2016/carta/B00001CBR.htm,http://www.asahi.com/senkyo/senkyo2016/koho/B11.html
選挙区候補者：埼玉,,西田　実仁,53,公明,現,党参院幹事長,https://twitter.com/m_nishida,https://www.facebook.com/makoto.nishida.page/,http://www.nishida-makoto.jp/,/senkyo/senkyo2016/carta/BZZZZZ0YE.htm,http://www.asahi.com/senkyo/senkyo2016/koho/B11.html
選挙区候補者：埼玉,,小島　一郎,45,諸派,新,幸福実現党役員,https://twitter.com/kojimaichiro,https://www.facebook.com/kojima.ichiro,http://kojima-ichiro.net/,/senkyo/senkyo2016/carta/B000019QU.htm,http://www.asahi.com/senkyo/senkyo2016/koho/B11.html
選挙区候補者：埼玉,,関口　昌一,63,自民,現,〈元〉総務副大臣,https://twitter.com/sekiguchi0229,http://www.facebook.com/sekiguchimasakazu1104,http://sekiguchi-masakazu.com,/senkyo/senkyo2016/carta/BZZZZZ0YC.htm,http://www.asahi.com/senkyo/senkyo2016/koho/B11.html
選挙区候補者：埼玉,,佐々木　知子,47,こころ,新,〈元〉会社員,,,,/senkyo/senkyo2016/carta/B000021TU.htm,http://www.asahi.com/senkyo/senkyo2016/koho/B11.html
選挙区候補者：埼玉,,沢田　良,36,お維新,新,飲食会社役員,https://twitter.com/saitama_ishin,,http://sawadaryo.com,/senkyo/senkyo2016/carta/B000021QX.htm,http://www.asahi.com/senkyo/senkyo2016/koho/B11.html
選挙区候補者：千葉,,,,,,,,,,,http://www.asahi.com/senkyo/senkyo2016/koho/B12.html
選挙区候補者：千葉,,浅野　史子,45,共産,新,党県女性部長,https://twitter.com/asafum814,http://www.facebook.com/fumiko.asano.18,http://asa-fumi.jugem.jp,/senkyo/senkyo2016/carta/BZZZZZ0YL.htm,http://www.asahi.com/senkyo/senkyo2016/koho/B12.html
選挙区候補者：千葉,,元栄　太一郎,40,自民,新,弁護士,https://twitter.com/taichiromotoe,https://www.facebook.com/motoetaichiro/,http://motoetaichiro.jp/,/senkyo/senkyo2016/carta/B000021D3.htm,http://www.asahi.com/senkyo/senkyo2016/koho/B12.html
選挙区候補者：千葉,,小西　洋之,44,民進,現,〈元〉総務省職員,https://twitter.com/konishihiroyuki,https://www.facebook.com/sangiin.hiroyukikonishi/,http://konishi-hiroyuki.jp/,/senkyo/senkyo2016/carta/B00001CDO.htm,http://www.asahi.com/senkyo/senkyo2016/koho/B12.html
選挙区候補者：千葉,,猪口　邦子,64,自民,現,〈元〉少子化担当相,https://twitter.com/kunikoinoguchi,https://www.facebook.com/inoguchikuniko/,http://www.kunikoinoguchi.jp/,/senkyo/senkyo2016/carta/B000004OZ.htm,http://www.asahi.com/senkyo/senkyo2016/koho/B12.html
選挙区候補者：千葉,,古川　裕三,34,諸派,新,幸福実現党員,https://twitter.com/yuzofurukawa,,http://ameblo.jp/yuzo0617/,/senkyo/senkyo2016/carta/B000019PX.htm,http://www.asahi.com/senkyo/senkyo2016/koho/B12.html
選挙区候補者：千葉,,高橋　正夫,85,無所属,新,〈元〉小学校長,,,,/senkyo/senkyo2016/carta/B000021WK.htm,http://www.asahi.com/senkyo/senkyo2016/koho/B12.html
選挙区候補者：千葉,,水野　賢一,49,民進,現,〈元〉みんな幹事長,https://twitter.com/mizunokenichi,https://www.facebook.com/mizunokenichi1966,http://mizunokenichi.com/blog/,/senkyo/senkyo2016/carta/BZZZZZ0AP.htm,http://www.asahi.com/senkyo/senkyo2016/koho/B12.html
選挙区候補者：千葉,,香取　成知,65,こころ,新,電子機器会社長,,,,/senkyo/senkyo2016/carta/B000021U9.htm,http://www.asahi.com/senkyo/senkyo2016/koho/B12.html
選挙区候補者：東京,,,,,,,,,,,http://www.asahi.com/senkyo/senkyo2016/koho/B13.html
選挙区候補者：東京,,高樹　沙耶,52,改革,新,女優,,http://www.facebook.com/ikue.masudo,http://furyu-awa.jugem.jp/,/senkyo/senkyo2016/carta/B000021V8.htm,http://www.asahi.com/senkyo/senkyo2016/koho/B13.html
選挙区候補者：東京,,鈴木　麻理子,31,こころ,新,経営コンサル業,https://twitter.com/marikokoro556,https://www.facebook.com/marikokoro556,,/senkyo/senkyo2016/carta/B000021U2.htm,http://www.asahi.com/senkyo/senkyo2016/koho/B13.html
選挙区候補者：東京,,田中　康夫,60,お維新,元,〈元〉長野県知事,https://twitter.com/loveyassy,https://www.facebook.com/yassy.tanaka.1,http://tanakayasuo.me/,/senkyo/senkyo2016/carta/B00000BI5.htm,http://www.asahi.com/senkyo/senkyo2016/koho/B13.html
選挙区候補者：東京,,横堀　喜久,80,無所属,新,がん啓発団体長,,,,/senkyo/senkyo2016/carta/B000021X4.htm,http://www.asahi.com/senkyo/senkyo2016/koho/B13.html
選挙区候補者：東京,,増山　麗奈,39,社民,新,映画監督,https://twitter.com/renaart,,http://www.masuyamarena.com,/senkyo/senkyo2016/carta/B000021EQ.htm,http://www.asahi.com/senkyo/senkyo2016/koho/B13.html
選挙区候補者：東京,,岩坂　行雄,69,無所属,新,〈元〉ビル管理社員,,,,/senkyo/senkyo2016/carta/B000021WD.htm,http://www.asahi.com/senkyo/senkyo2016/koho/B13.html
選挙区候補者：東京,,トクマ,49,諸派,新,幸福実現党局長,https://twitter.com/tokma555,https://www.facebook.com/tokma.jp,http://tokma.jp/,/senkyo/senkyo2016/carta/B00001NXF.htm,http://www.asahi.com/senkyo/senkyo2016/koho/B13.html
選挙区候補者：東京,,三宅　洋平,37,無所属,新,音楽家,https://twitter.com/MIYAKE_YOHEI,https://www.facebook.com/yohei.miyake123,http://ameblo.jp/miyake-yohei/,/senkyo/senkyo2016/carta/B00001PO7.htm,http://www.asahi.com/senkyo/senkyo2016/koho/B13.html
選挙区候補者：東京,,又吉　光雄,72,諸派,新,政治団体代表,,,http://www.matayoshi.org/,/senkyo/senkyo2016/carta/BZZZZZ0ZA.htm,http://www.asahi.com/senkyo/senkyo2016/koho/B13.html
選挙区候補者：東京,,山添　拓,31,共産,新,弁護士,https://twitter.com/pioneertaku84,https://www.facebook.com/山添-拓-475006202668512/,http://www.yamazoetaku.com/blog,/senkyo/senkyo2016/carta/B000021FE.htm,http://www.asahi.com/senkyo/senkyo2016/koho/B13.html
選挙区候補者：東京,,竹谷　とし子,46,公明,現,公認会計士,https://twitter.com/t_takeya,https://www.facebook.com/takeyatoshiko/,https://takeya-toshiko.jp/,/senkyo/senkyo2016/carta/B00001C9M.htm,http://www.asahi.com/senkyo/senkyo2016/koho/B13.html
選挙区候補者：東京,,鈴木　達夫,75,無所属,新,弁護士,https://twitter.com/suzutatsu_ikiru,https://www.facebook.com/tatsuo.suzuki.520,http://suzutatsu.main.jp/,/senkyo/senkyo2016/carta/B00001QJU.htm,http://www.asahi.com/senkyo/senkyo2016/koho/B13.html
選挙区候補者：東京,,佐藤　香,48,無所属,新,女性団体代表,https://twitter.com/satokaoritomo2,https://www.facebook.com/KaoriChangeFromTokyo/,http://satokaori.jp,/senkyo/senkyo2016/carta/B000021RW.htm,http://www.asahi.com/senkyo/senkyo2016/koho/B13.html
選挙区候補者：東京,,中川　雅治,69,自民,現,党総務会長代理,https://twitter.com/nakagawa_tokyo,https://www.facebook.com/nakagawa.masaharu.tokyo/,http://www.nakagawa-masaharu.jp/,/senkyo/senkyo2016/carta/BZZZZZ0Z9.htm,http://www.asahi.com/senkyo/senkyo2016/koho/B13.html
選挙区候補者：東京,,鈴木　信行,50,諸派,新,政治団体代表,https://twitter.com/ishinsya,https://www.facebook.com/suzuki.nobuyuki.0805,http://ameblo.jp/ishinsya/,/senkyo/senkyo2016/carta/B000011M0.htm,http://www.asahi.com/senkyo/senkyo2016/koho/B13.html
選挙区候補者：東京,,小川　敏夫,68,民進,現,〈元〉法相,https://twitter.com/OgawaToshioMP,https://www.facebook.com/小川敏夫-716328245145629/,http://www.ogawatoshio.com/,/senkyo/senkyo2016/carta/BZZZZZ0Z3.htm,http://www.asahi.com/senkyo/senkyo2016/koho/B13.html
選挙区候補者：東京,,朝日　健太郎,40,自民,新,〈元〉バレー選手,https://twitter.com/kentaroasahi,https://www.facebook.com/kentaro.asahi.3,https://asahi.tokyo.jp/,/senkyo/senkyo2016/carta/B000021W4.htm,http://www.asahi.com/senkyo/senkyo2016/koho/B13.html
選挙区候補者：東京,,柳沢　秀敏,67,無所属,新,医師,,,http://www.yanagisawa-clinic.com/,/senkyo/senkyo2016/carta/B000021TA.htm,http://www.asahi.com/senkyo/senkyo2016/koho/B13.html
選挙区候補者：東京,,小林　興起,72,諸派,新,怒りの声支部長,,https://www.facebook.com/koki.kobayashi,https://kobachan.jp,/senkyo/senkyo2016/carta/BZZZZZ0C3.htm,http://www.asahi.com/senkyo/senkyo2016/koho/B13.html
選挙区候補者：東京,,原田　君明,39,無所属,新,政策コンサル業,,,,/senkyo/senkyo2016/carta/B000021U6.htm,http://www.asahi.com/senkyo/senkyo2016/koho/B13.html
選挙区候補者：東京,,蓮舫,48,民進,現,党代表代行,https://twitter.com/renho_sha,https://www.facebook.com/renho.sha,http://renho.jp/,/senkyo/senkyo2016/carta/BZZZZZ0Z7.htm,http://www.asahi.com/senkyo/senkyo2016/koho/B13.html
選挙区候補者：東京,,横粂　勝仁,34,無所属,新,〈元〉衆院議員,https://twitter.com/yokokume,https://www.facebook.com/katsuhito.yokokume,http://yokokume.org,/senkyo/senkyo2016/carta/B000016FU.htm,http://www.asahi.com/senkyo/senkyo2016/koho/B13.html
選挙区候補者：東京,,大槻　文彦,49,諸派,新,支持なし役員,,,,/senkyo/senkyo2016/carta/B00001WVN.htm,http://www.asahi.com/senkyo/senkyo2016/koho/B13.html
選挙区候補者：東京,,佐藤　均,45,諸派,新,支持なし役員,,,,/senkyo/senkyo2016/carta/B000021UM.htm,http://www.asahi.com/senkyo/senkyo2016/koho/B13.html
選挙区候補者：東京,,鮫島　良司,61,諸派,新,支持なし役員,,,,/senkyo/senkyo2016/carta/B000021UL.htm,http://www.asahi.com/senkyo/senkyo2016/koho/B13.html
選挙区候補者：東京,,深江　孝,54,諸派,新,支持なし役員,,,,/senkyo/senkyo2016/carta/B000021UN.htm,http://www.asahi.com/senkyo/senkyo2016/koho/B13.html
選挙区候補者：東京,,浜田　和幸,63,無所属,現,〈元〉外務政務官,https://twitter.com/hamada_kazuyuki,https://www.facebook.com/Dr.hamadakazuyuki,http://www.hamadakazuyuki.com,/senkyo/senkyo2016/carta/B00001CD0.htm,http://www.asahi.com/senkyo/senkyo2016/koho/B13.html
選挙区候補者：東京,,藤代　洋行,42,諸派,新,政治団体代表,,,http://challenged-nippon.jp/,/senkyo/senkyo2016/carta/B000021VW.htm,http://www.asahi.com/senkyo/senkyo2016/koho/B13.html
選挙区候補者：東京,,ひめじ　けんじ,64,諸派,新,政治団体代表,,,http://chikyuheiwatou.jp,/senkyo/senkyo2016/carta/B00001CLZ.htm,http://www.asahi.com/senkyo/senkyo2016/koho/B13.html
選挙区候補者：東京,,川上　晃司,31,無所属,新,無職,,,,/senkyo/senkyo2016/carta/B000021X2.htm,http://www.asahi.com/senkyo/senkyo2016/koho/B13.html
選挙区候補者：東京,,犬丸　勝子,61,諸派,新,政治団体代表,https://twitter.com/inumaru19,,http://seigida.blog.fc2.com/,/senkyo/senkyo2016/carta/B00001O4S.htm,http://www.asahi.com/senkyo/senkyo2016/koho/B13.html
選挙区候補者：神奈川,,,,,,,,,,,http://www.asahi.com/senkyo/senkyo2016/koho/B14.html
選挙区候補者：神奈川,,浅賀　由香,36,共産,新,〈元〉運輸会社役員,https://twitter.com/asakayuka,https://www.facebook.com/jcpasaka,http://asakayuka.net/,/senkyo/senkyo2016/carta/B00001NTD.htm,http://www.asahi.com/senkyo/senkyo2016/koho/B14.html
選挙区候補者：神奈川,,真山　勇一,72,民進,前,〈元〉キャスター,https://twitter.com/mayamamia,https://www.facebook.com/yuichi.mayama.9,http://mayamayuichi.jp/,/senkyo/senkyo2016/carta/B00000ZN2.htm,http://www.asahi.com/senkyo/senkyo2016/koho/B14.html
選挙区候補者：神奈川,,片野　英司,45,諸派,新,支持なし党員,,,,/senkyo/senkyo2016/carta/B000021QZ.htm,http://www.asahi.com/senkyo/senkyo2016/koho/B14.html
選挙区候補者：神奈川,,三浦　信祐,41,公明,新,〈元〉防衛大准教授,https://twitter.com/miura_nobuhiro,https://www.facebook.com/miura.nob,https://miura-nobuhiro.com/,/senkyo/senkyo2016/carta/B000021F6.htm,http://www.asahi.com/senkyo/senkyo2016/koho/B14.html
選挙区候補者：神奈川,,三原　じゅん子,51,自民,現,〈元〉女優,https://twitter.com/miharajunco,https://www.facebook.com/junco.mihara,https://www.miharajunco.org,/senkyo/senkyo2016/carta/B00001CH9.htm,http://www.asahi.com/senkyo/senkyo2016/koho/B14.html
選挙区候補者：神奈川,,壹岐　愛子,30,諸派,新,幸福実現党員,https://twitter.com/ikiaiko,https://www.facebook.com/iki.aiko,http://ameblo.jp/ikiaiko/,/senkyo/senkyo2016/carta/B00001RT5.htm,http://www.asahi.com/senkyo/senkyo2016/koho/B14.html
選挙区候補者：神奈川,,丹羽　大,39,お維新,新,〈元〉広告会社員,https://twitter.com/niwadainiwa,https://www.facebook.com/niwadainiwa,http://niwadai.jp/,/senkyo/senkyo2016/carta/B000021CM.htm,http://www.asahi.com/senkyo/senkyo2016/koho/B14.html
選挙区候補者：神奈川,,金子　洋一,54,民進,現,〈元〉内閣府職員,https://twitter.com/Y_Kaneko,https://www.facebook.com/yoichi.kaneko,http://www.guts-kaneko.com/,/senkyo/senkyo2016/carta/BZZZZZ0KN.htm,http://www.asahi.com/senkyo/senkyo2016/koho/B14.html
選挙区候補者：神奈川,,森　英夫,44,社民,新,看護師,https://twitter.com/hideo_2015,https://www.facebook.com/morihideo2016,http://moriyokohama.web.fc2.com,/senkyo/senkyo2016/carta/B00001TP7.htm,http://www.asahi.com/senkyo/senkyo2016/koho/B14.html
選挙区候補者：神奈川,,清水　太一,34,こころ,新,清掃会社員,,,,/senkyo/senkyo2016/carta/B000021UU.htm,http://www.asahi.com/senkyo/senkyo2016/koho/B14.html
選挙区候補者：神奈川,,中西　健治,52,無所属,現,〈元〉証券会社役員,https://twitter.com/kenji_nakanishi,https://www.facebook.com/Nakanishi.Kenji.giin/,http://www.nakanishikenji.jp/,/senkyo/senkyo2016/carta/B00001A6I.htm,http://www.asahi.com/senkyo/senkyo2016/koho/B14.html
選挙区候補者：神奈川,,佐藤　政則,48,無所属,新,〈元〉介護施設職員,,,http://satoma-office.jp,/senkyo/senkyo2016/carta/B000021RV.htm,http://www.asahi.com/senkyo/senkyo2016/koho/B14.html
選挙区候補者：新潟,,,,,,,,,,,http://www.asahi.com/senkyo/senkyo2016/koho/B15.html
選挙区候補者：新潟,,中原　八一,57,自民,現,〈元〉国交政務官,,,,/senkyo/senkyo2016/carta/BZZZZZ2P8.htm,http://www.asahi.com/senkyo/senkyo2016/koho/B15.html
選挙区候補者：新潟,,横井　基至,35,諸派,新,幸福実現党員,https://twitter.com/motoyukiyokoi,http://www.facebook.com/motoyuki.yokoi,http://ameblo.jp/motoyukiyokoi,/senkyo/senkyo2016/carta/B00001NZT.htm,http://www.asahi.com/senkyo/senkyo2016/koho/B15.html
選挙区候補者：新潟,,森　ゆうこ,60,無所属,前,生活の党県代表,https://twitter.com/moriyukogiin,https://www.facebook.com/yuko.mori.75873,http://www.mori-yuko.com/,/senkyo/senkyo2016/carta/BZZZZZ0ZO.htm,http://www.asahi.com/senkyo/senkyo2016/koho/B15.html
選挙区候補者：富山,,,,,,,,,,,http://www.asahi.com/senkyo/senkyo2016/koho/B16.html
選挙区候補者：富山,,野上　浩太郎,49,自民,現,〈元〉国交副大臣,,https://www.facebook.com/nogamikotaro.net,http://www.kotaro.net,/senkyo/senkyo2016/carta/BZZZZZ0ZY.htm,http://www.asahi.com/senkyo/senkyo2016/koho/B16.html
選挙区候補者：富山,,道用　悦子,50,無所属,新,市民団体世話人,https://twitter.com/doyo2016,https://www.facebook.com/douyouetsuko/,,/senkyo/senkyo2016/carta/B000021LW.htm,http://www.asahi.com/senkyo/senkyo2016/koho/B16.html
選挙区候補者：富山,,吉田　かをる,61,諸派,新,幸福実現党員,https://twitter.com/kawoyosida,https://www.facebook.com/kaworu.yoshida.9,http://ameblo.jp/yoshida-kaworu,/senkyo/senkyo2016/carta/B000019K6.htm,http://www.asahi.com/senkyo/senkyo2016/koho/B16.html
選挙区候補者：石川,,,,,,,,,,,http://www.asahi.com/senkyo/senkyo2016/koho/B17.html
選挙区候補者：石川,,宮元　智,56,諸派,新,幸福実現党員,https://twitter.com/satoshimiyamoto,https://www.facebook.com/satoshi.miyamoto.52,http://miyamoto-satoshi.com/,/senkyo/senkyo2016/carta/B000019VQ.htm,http://www.asahi.com/senkyo/senkyo2016/koho/B17.html
選挙区候補者：石川,,柴田　未来,45,無所属,新,弁護士,https://twitter.com/shibatamikiinfo,https://www.facebook.com/shibatamiki.official/,https://www.shibatamiki.com/,/senkyo/senkyo2016/carta/B000021BB.htm,http://www.asahi.com/senkyo/senkyo2016/koho/B17.html
選挙区候補者：石川,,岡田　直樹,54,自民,現,財務副大臣,,,http://okada-naoki.net,/senkyo/senkyo2016/carta/BZZZZZ109.htm,http://www.asahi.com/senkyo/senkyo2016/koho/B17.html
選挙区候補者：福井,,,,,,,,,,,http://www.asahi.com/senkyo/senkyo2016/koho/B18.html
選挙区候補者：福井,,白川　康之,59,諸派,新,幸福実現党員,,,http://shirakawa-yasuyuki.org,/senkyo/senkyo2016/carta/B00001PK6.htm,http://www.asahi.com/senkyo/senkyo2016/koho/B18.html
選挙区候補者：福井,,横山　龍寛,51,無所属,新,連合福井役員,,https://m.facebook.com/tatsuhiro.yokoyama.94,http://fukui-yokoyama.main.jp,/senkyo/senkyo2016/carta/B000021E1.htm,http://www.asahi.com/senkyo/senkyo2016/koho/B18.html
選挙区候補者：福井,,山崎　正昭,74,自民,現,参院議長,,,http://www.m-yamazaki.com/,/senkyo/senkyo2016/carta/BZZZZZ10D.htm,http://www.asahi.com/senkyo/senkyo2016/koho/B18.html
選挙区候補者：山梨,,,,,,,,,,,http://www.asahi.com/senkyo/senkyo2016/koho/B19.html
選挙区候補者：山梨,,宮沢　由佳,53,民進,新,社福法人理事長,https://twitter.com/chibikkorijicho,https://www.facebook.com/yuka.miyazawa.10,http://yuka-net.com/,/senkyo/senkyo2016/carta/B000021EP.htm,http://www.asahi.com/senkyo/senkyo2016/koho/B19.html
選挙区候補者：山梨,,高野　剛,68,自民,新,〈元〉県議長,https://twitter.com/takano_tsuyoshi,https://www.facebook.com/高野-つよし-1135417833155890/,http://takano-tsuyoshi.jp/,/senkyo/senkyo2016/carta/BZZZZZ2X3.htm,http://www.asahi.com/senkyo/senkyo2016/koho/B19.html
選挙区候補者：山梨,,米長　晴信,50,無所属,前,〈元〉テレビ局記者,https://twitter.com/harunobu_yone,https://www.facebook.com/harunobu.yonenaga,http://www.harunobu.net,/senkyo/senkyo2016/carta/B000011MJ.htm,http://www.asahi.com/senkyo/senkyo2016/koho/B19.html
選挙区候補者：山梨,,西脇　愛,31,諸派,新,幸福実現党員,https://twitter.com/AiNishiwaki,https://www.facebook.com/ai.nishiwaki.hrp,http://ameblo.jp/ai-nishiwaki/,/senkyo/senkyo2016/carta/B000021FL.htm,http://www.asahi.com/senkyo/senkyo2016/koho/B19.html
選挙区候補者：長野,,,,,,,,,,,http://www.asahi.com/senkyo/senkyo2016/koho/B20.html
選挙区候補者：長野,,杉尾　秀哉,58,民進,新,〈元〉キャスター,https://twitter.com/hideya_sugio,https://www.facebook.com/sugiohideya/,http://sugio.club/,/senkyo/senkyo2016/carta/B000021F7.htm,http://www.asahi.com/senkyo/senkyo2016/koho/B20.html
選挙区候補者：長野,,及川　幸久,56,諸派,新,幸福実現党役員,,,,/senkyo/senkyo2016/carta/B00001O06.htm,http://www.asahi.com/senkyo/senkyo2016/koho/B20.html
選挙区候補者：長野,,若林　健太,52,自民,現,〈元〉外務政務官,,https://www.facebook.com/wakabayashikenta/,http://www.wakabayashikenta.com/,/senkyo/senkyo2016/carta/B00001CBE.htm,http://www.asahi.com/senkyo/senkyo2016/koho/B20.html
選挙区候補者：岐阜,,,,,,,,,,,http://www.asahi.com/senkyo/senkyo2016/koho/B21.html
選挙区候補者：岐阜,,加納　有輝彦,55,諸派,新,幸福実現党員,https://twitter.com/asebora,http://www.facebook.com/yukihiko.kanoh,http://ameblo.jp/papadad/,/senkyo/senkyo2016/carta/B000019JU.htm,http://www.asahi.com/senkyo/senkyo2016/koho/B21.html
選挙区候補者：岐阜,,小見山　幸治,53,民進,現,党県代表,https://twitter.com/KomiyamaSangiin,https://www.facebook.com/KomiyamaSangiin/,http://www.komiyama.to/,/senkyo/senkyo2016/carta/B00001BV2.htm,http://www.asahi.com/senkyo/senkyo2016/koho/B21.html
選挙区候補者：岐阜,,渡辺　猛之,48,自民,現,全国商工連顧問,,https://www.facebook.com/takeyuki0418/,http://www.watanabetakeyuki.jp/index.html,/senkyo/senkyo2016/carta/BZZZZZ331.htm,http://www.asahi.com/senkyo/senkyo2016/koho/B21.html
選挙区候補者：静岡,,,,,,,,,,,http://www.asahi.com/senkyo/senkyo2016/koho/B22.html
選挙区候補者：静岡,,江頭　俊満,53,諸派,新,幸福実現党員,https://twitter.com/egasiratosimitu,http://www.facebook.com/tosimitu.egasira,http://egashira-t.com/index.html,/senkyo/senkyo2016/carta/B000019UG.htm,http://www.asahi.com/senkyo/senkyo2016/koho/B22.html
選挙区候補者：静岡,,平山　佐知子,45,民進,新,アナウンサー,https://twitter.com/hirayamasachiko,https://www.facebook.com/hirayamasachiko,http://hirayamasachiko.com,/senkyo/senkyo2016/carta/B000021FM.htm,http://www.asahi.com/senkyo/senkyo2016/koho/B22.html
選挙区候補者：静岡,,鈴木　千佳,45,共産,新,党県常任委員,https://twitter.com/chikachika_gogo,https://www.facebook.com/chikachikagogo/,http://ameblo.jp/chikachika-gogo/,/senkyo/senkyo2016/carta/B00001FZJ.htm,http://www.asahi.com/senkyo/senkyo2016/koho/B22.html
選挙区候補者：静岡,,岩井　茂樹,48,自民,現,〈元〉経産政務官,,https://www.facebook.com/shigeki.iwai.108,http://www.iwais.com/,/senkyo/senkyo2016/carta/B000004FZ.htm,http://www.asahi.com/senkyo/senkyo2016/koho/B22.html
選挙区候補者：静岡,,大嶽　創太郎,33,無所属,新,ジャーナリスト,,,,/senkyo/senkyo2016/carta/B000021X9.htm,http://www.asahi.com/senkyo/senkyo2016/koho/B22.html
選挙区候補者：愛知,,,,,,,,,,,http://www.asahi.com/senkyo/senkyo2016/koho/B23.html
選挙区候補者：愛知,,中根　裕美,42,諸派,新,幸福実現党員,https://twitter.com/NakaneHiromi,https://www.facebook.com/nakane.hiromi,http://nakanehiromi.blog.fc2.com,/senkyo/senkyo2016/carta/B000019LI.htm,http://www.asahi.com/senkyo/senkyo2016/koho/B23.html
選挙区候補者：愛知,,井桁　亮,46,こころ,新,〈元〉県議,,https://ja-jp.facebook.com/people/亮井桁/100008624951808,http://www.igetamakoto-nihon.com/,/senkyo/senkyo2016/carta/B000004SW.htm,http://www.asahi.com/senkyo/senkyo2016/koho/B23.html
選挙区候補者：愛知,,里見　隆治,48,公明,新,〈元〉厚労省参事官,https://twitter.com/satomi_ryuji,https://www.facebook.com/satomi.komei,http://satomi-ryuji.com/,/senkyo/senkyo2016/carta/B000021FF.htm,http://www.asahi.com/senkyo/senkyo2016/koho/B23.html
選挙区候補者：愛知,,奥田　香代,51,諸派,新,減税日本支部長,https://twitter.com/dogbell_okuda,http://www.facebook.com/ka.yo.okuda.1,http://team-okuda.dog,/senkyo/senkyo2016/carta/B000021QY.htm,http://www.asahi.com/senkyo/senkyo2016/koho/B23.html
選挙区候補者：愛知,,須山　初美,37,共産,新,党県常任委員,https://twitter.com/suyama_hatsumi,https://www.fb.com/696058817192117/,http://suyama-hatsumi.jp/,/senkyo/senkyo2016/carta/B00001SHU.htm,http://www.asahi.com/senkyo/senkyo2016/koho/B23.html
選挙区候補者：愛知,,平山　良平,68,社民,新,〈元〉中学校教諭,,https://www.facebook.com/profile.php?id=100012430770284,http://h-ryouhei.jp,/senkyo/senkyo2016/carta/B000011L9.htm,http://www.asahi.com/senkyo/senkyo2016/koho/B23.html
選挙区候補者：愛知,,伊藤　孝恵,41,民進,新,広告制作会社員,https://twitter.com/itotakae0630,https://www.facebook.com/profile.php?id=100011347223104,http://itoutakae.info/,/senkyo/senkyo2016/carta/B000021EJ.htm,http://www.asahi.com/senkyo/senkyo2016/koho/B23.html
選挙区候補者：愛知,,藤川　政人,56,自民,現,〈元〉総務政務官,https://twitter.com/FujikawaSangiin,https://www.facebook.com/fujikawa.masahito.office,//fujikawa-masahito.com/,/senkyo/senkyo2016/carta/BZZZZZ39U.htm,http://www.asahi.com/senkyo/senkyo2016/koho/B23.html
選挙区候補者：愛知,,斎藤　嘉隆,53,民進,現,〈元〉県教組委員長,https://twitter.com/saito_yoshitaka,https://www.facebook.com/profile.php?id=100004563074047&fref=ts,http://saitoyoshitaka.com/,/senkyo/senkyo2016/carta/B00001CBS.htm,http://www.asahi.com/senkyo/senkyo2016/koho/B23.html
選挙区候補者：三重,,,,,,,,,,,http://www.asahi.com/senkyo/senkyo2016/koho/B24.html
選挙区候補者：三重,,芝　博一,66,民進,現,〈元〉官房副長官,,,http://www.shiba-hirokazu.com/,/senkyo/senkyo2016/carta/BZZZZZ126.htm,http://www.asahi.com/senkyo/senkyo2016/koho/B24.html
選挙区候補者：三重,,野原　典子,59,諸派,新,幸福実現党員,,https://www.facebook.com/norico.nohara,,/senkyo/senkyo2016/carta/B000019KP.htm,http://www.asahi.com/senkyo/senkyo2016/koho/B24.html
選挙区候補者：三重,,山本　佐知子,48,自民,新,〈元〉旅行会社員,,,http://www.yamamoto-sachiko.jp/,/senkyo/senkyo2016/carta/B000021FG.htm,http://www.asahi.com/senkyo/senkyo2016/koho/B24.html
選挙区候補者：滋賀,,,,,,,,,,,http://www.asahi.com/senkyo/senkyo2016/koho/B25.html
選挙区候補者：滋賀,,荒川　雅司,41,諸派,新,幸福実現党員,,https://ja-jp.facebook.com/people/Masashi-Arakawa/100005211330715,http://ameblo.jp/kerykeion777,/senkyo/senkyo2016/carta/B00001ONK.htm,http://www.asahi.com/senkyo/senkyo2016/koho/B25.html
選挙区候補者：滋賀,,林　久美子,43,民進,現,〈元〉文科政務官,,,http://www.93co.jp,/senkyo/senkyo2016/carta/BZZZZZ12C.htm,http://www.asahi.com/senkyo/senkyo2016/koho/B25.html
選挙区候補者：滋賀,,小鑓　隆史,49,自民,新,〈元〉経産省職員,,http://www.facebook.com/koyaritakashi/,http://www.koyaritakashi.net/,/senkyo/senkyo2016/carta/B00001R59.htm,http://www.asahi.com/senkyo/senkyo2016/koho/B25.html
選挙区候補者：京都,,,,,,,,,,,http://www.asahi.com/senkyo/senkyo2016/koho/B26.html
選挙区候補者：京都,,福山　哲郎,54,民進,現,党幹事長代理,https://twitter.com/fuku_tetsu,https://www.facebook.com/fukuyamatetsuro/,http://www.fukuyama.gr.jp/diary/,/senkyo/senkyo2016/carta/BZZZZZ12L.htm,http://www.asahi.com/senkyo/senkyo2016/koho/B26.html
選挙区候補者：京都,,大八木　光子,32,諸派,新,幸福実現党員,https://twitter.com/oyagimitsuko,https://www.facebook.com/oyagimitsuko/,http://ameblo.jp/el-miko/,/senkyo/senkyo2016/carta/B00002183.htm,http://www.asahi.com/senkyo/senkyo2016/koho/B26.html
選挙区候補者：京都,,二之湯　智,71,自民,現,〈元〉総務副大臣,https://twitter.com/ninoyu_satoshi,https://www.facebook.com/ninoyu.satoshi2016/,http://www.ninoyusatoshi.com,/senkyo/senkyo2016/carta/BZZZZZ12K.htm,http://www.asahi.com/senkyo/senkyo2016/koho/B26.html
選挙区候補者：京都,,大河原　寿貴,39,共産,新,弁護士,https://twitter.com/kyoto_justice,https://www.facebook.com/kyoto.justice/,http://kyoto-justice.jp/,/senkyo/senkyo2016/carta/B000021HK.htm,http://www.asahi.com/senkyo/senkyo2016/koho/B26.html
選挙区候補者：大阪,,,,,,,,,,,http://www.asahi.com/senkyo/senkyo2016/koho/B27.html
選挙区候補者：大阪,,渡部　結,35,共産,新,党府委員,https://twitter.com/yuiwatanabe_osk,http://www.facebook.com/yui.watanabe.jcp.osk/,http://watanabeyui.net,/senkyo/senkyo2016/carta/B00001MJX.htm,http://www.asahi.com/senkyo/senkyo2016/koho/B27.html
選挙区候補者：大阪,,浅田　均,65,お維新,新,党政調会長,https://twitter.com/asalogue,https://www.facebook.com/asadahitoshi/,http://asd2a.com/,/senkyo/senkyo2016/carta/BZZZZZ3HS.htm,http://www.asahi.com/senkyo/senkyo2016/koho/B27.html
選挙区候補者：大阪,,古川　秀雄,38,こころ,新,参院議員秘書,,,,/senkyo/senkyo2016/carta/B00001FLT.htm,http://www.asahi.com/senkyo/senkyo2016/koho/B27.html
選挙区候補者：大阪,,尾立　源幸,52,民進,現,公認会計士,,https://www.facebook.com/odachimotoyuki/,http://odachi.info/,/senkyo/senkyo2016/carta/BZZZZZ131.htm,http://www.asahi.com/senkyo/senkyo2016/koho/B27.html
選挙区候補者：大阪,,佐野　明美,45,諸派,新,支持なし府代表,,,http://支持政党なし.com/,/senkyo/senkyo2016/carta/B000021SK.htm,http://www.asahi.com/senkyo/senkyo2016/koho/B27.html
選挙区候補者：大阪,,松川　るい,45,自民,新,〈元〉外務省室長,https://twitter.com/Matsukawa_Rui,http://www.facebook.com/Matsukawa-rui/,http://matsukawa-rui.jp,/senkyo/senkyo2016/carta/B000021G3.htm,http://www.asahi.com/senkyo/senkyo2016/koho/B27.html
選挙区候補者：大阪,,数森　圭吾,36,諸派,新,幸福実現党員,,,http://s.ameblo.jp/nfk-go/,/senkyo/senkyo2016/carta/B00001RSB.htm,http://www.asahi.com/senkyo/senkyo2016/koho/B27.html
選挙区候補者：大阪,,石川　博崇,42,公明,現,〈元〉防衛政務官,,,http://www.hiro-ishikawa.net,/senkyo/senkyo2016/carta/B00001BYT.htm,http://www.asahi.com/senkyo/senkyo2016/koho/B27.html
選挙区候補者：大阪,,高木　佳保里,43,お維新,新,〈元〉堺市議,https://twitter.com/takagikaori1010,http://www.facebook.com/takagikaori1010/,http://kaori-takagi.com/,/senkyo/senkyo2016/carta/B00001EE2.htm,http://www.asahi.com/senkyo/senkyo2016/koho/B27.html
選挙区候補者：兵庫,,,,,,,,,,,http://www.asahi.com/senkyo/senkyo2016/koho/B28.html
選挙区候補者：兵庫,,湊　侑子,33,諸派,新,幸福実現党員,https://twitter.com/minatoyuko,https://www.facebook.com/miw.wld?fref=nf,http://ameblo.jp/minatoyuko/,/senkyo/senkyo2016/carta/B000019RK.htm,http://www.asahi.com/senkyo/senkyo2016/koho/B28.html
選挙区候補者：兵庫,,末松　信介,60,自民,現,党幹事長代理,,,http://suematsu.org/,/senkyo/senkyo2016/carta/BZZZZZ13D.htm,http://www.asahi.com/senkyo/senkyo2016/koho/B28.html
選挙区候補者：兵庫,,水岡　俊一,60,民進,現,党県代表,,https://www.facebook.com/mizuoka.shunichi,https://www.mizuoka.net/,/senkyo/senkyo2016/carta/BZZZZZ13C.htm,http://www.asahi.com/senkyo/senkyo2016/koho/B28.html
選挙区候補者：兵庫,,金田　峰生,50,共産,新,〈元〉県議,https://twitter.com/mineo_kaneda,http://www.facebook.com/kanedamineo,http://m-kaneda.wajcp.net/,/senkyo/senkyo2016/carta/BZZZZZ3MJ.htm,http://www.asahi.com/senkyo/senkyo2016/koho/B28.html
選挙区候補者：兵庫,,伊藤　孝江,48,公明,新,弁護士,https://twitter.com/ito_takae,https://www.facebook.com/itotakae.hyogo/,http://ito-takae.com/,/senkyo/senkyo2016/carta/B00001ZME.htm,http://www.asahi.com/senkyo/senkyo2016/koho/B28.html
選挙区候補者：兵庫,,片山　大介,49,お維新,新,〈元〉ＮＨＫ記者,https://twitter.com/katayamayusuke,https://www.facebook.com/katayamadaisuke106/,http://katayama-daisuke.com/,/senkyo/senkyo2016/carta/B000021II.htm,http://www.asahi.com/senkyo/senkyo2016/koho/B28.html
選挙区候補者：兵庫,,下家　淳の介,44,こころ,新,建設会社長,,https://www.facebook.com/junshimoie,,/senkyo/senkyo2016/carta/B00001WSR.htm,http://www.asahi.com/senkyo/senkyo2016/koho/B28.html
選挙区候補者：奈良,,,,,,,,,,,http://www.asahi.com/senkyo/senkyo2016/koho/B29.html
選挙区候補者：奈良,,前川　清成,53,民進,現,弁護士,https://twitter.com/k_maekawa,https://www.facebook.com/kiyoshigemaekawa,http://maekawa-kiyoshige.net/,/senkyo/senkyo2016/carta/BZZZZZ13J.htm,http://www.asahi.com/senkyo/senkyo2016/koho/B29.html
選挙区候補者：奈良,,吉野　忠男,57,お維新,新,大阪経大教授,https://twitter.com/yosino_tadao,https://www.facebook.com/yoshino.tadao/,,/senkyo/senkyo2016/carta/B00000N2E.htm,http://www.asahi.com/senkyo/senkyo2016/koho/B29.html
選挙区候補者：奈良,,佐藤　啓,37,自民,新,〈元〉総務省職員,,https://www.facebook.com/sato.kei.jp/,http://sato-kei.jp/,/senkyo/senkyo2016/carta/B000021MF.htm,http://www.asahi.com/senkyo/senkyo2016/koho/B29.html
選挙区候補者：奈良,,田中　孝子,60,諸派,新,幸福実現党員,,,http://ameblo.jp/tanakatakako,/senkyo/senkyo2016/carta/B000019RY.htm,http://www.asahi.com/senkyo/senkyo2016/koho/B29.html
選挙区候補者：和歌山,,,,,,,,,,,http://www.asahi.com/senkyo/senkyo2016/koho/B30.html
選挙区候補者：和歌山,,西本　篤,46,諸派,新,幸福実現党員,,https://www.facebook.com/Atsushi.Nishimoto7,http://an7.sakura.ne.jp/,/senkyo/senkyo2016/carta/B000019VW.htm,http://www.asahi.com/senkyo/senkyo2016/koho/B30.html
選挙区候補者：和歌山,,由良　登信,64,無所属,新,弁護士,https://twitter.com/yuratakanobu,https://www.facebook.com/565489770298783/,http://www.yura9.net/,/senkyo/senkyo2016/carta/B000021FQ.htm,http://www.asahi.com/senkyo/senkyo2016/koho/B30.html
選挙区候補者：和歌山,,鶴保　庸介,49,自民,現,〈元〉国交副大臣,,https://www.facebook.com/tsuruho,http://www.tsuruho.com/,/senkyo/senkyo2016/carta/BZZZZZ13P.htm,http://www.asahi.com/senkyo/senkyo2016/koho/B30.html
選挙区候補者：鳥取・島根,,,,,,,,,,,http://www.asahi.com/senkyo/senkyo2016/koho/B31.html
選挙区候補者：鳥取・島根,,国領　豊太,34,諸派,新,幸福実現党役員,,,http://kokuryo-bunta.com/blog/,/senkyo/senkyo2016/carta/B00001RTG.htm,http://www.asahi.com/senkyo/senkyo2016/koho/B31.html
選挙区候補者：鳥取・島根,,福島　浩彦,59,無所属,新,〈元〉消費者庁長官,https://twitter.com/fukushimakosiki,https://www.facebook.com/zyuminmesen/,http://fukushima-hirohiko.com/,/senkyo/senkyo2016/carta/B000021FN.htm,http://www.asahi.com/senkyo/senkyo2016/koho/B31.html
選挙区候補者：鳥取・島根,,青木　一彦,55,自民,現,〈元〉参院議員秘書,,,http://www.aokikazuhiko.jp,/senkyo/senkyo2016/carta/B00001CIG.htm,http://www.asahi.com/senkyo/senkyo2016/koho/B31.html
選挙区候補者：岡山,,,,,,,,,,,http://www.asahi.com/senkyo/senkyo2016/koho/B33.html
選挙区候補者：岡山,,小野田　紀美,33,自民,新,〈元〉東京都北区議,,https://www.facebook.com/OnodaKimi.Okayama/,http://onodakimi.com,/senkyo/senkyo2016/carta/B00001HWD.htm,http://www.asahi.com/senkyo/senkyo2016/koho/B33.html
選挙区候補者：岡山,,田部　雄治,40,諸派,新,幸福実現党員,https://twitter.com/tanabe_yuji,https://ja-jp.facebook.com/yuji.tanabe.501,http://ameblo.jp/tanabe-yuji/,/senkyo/senkyo2016/carta/B00001NH4.htm,http://www.asahi.com/senkyo/senkyo2016/koho/B33.html
選挙区候補者：岡山,,黒石　健太郎,32,民進,新,起業支援会社長,https://twitter.com/kentaro9614,https://www.facebook.com/kentaro.kuroishi,http://k-kuroishi.jp/,/senkyo/senkyo2016/carta/B000020BY.htm,http://www.asahi.com/senkyo/senkyo2016/koho/B33.html
選挙区候補者：広島,,,,,,,,,,,http://www.asahi.com/senkyo/senkyo2016/koho/B34.html
選挙区候補者：広島,,佐伯　知子,36,諸派,新,幸福実現党員,,https://www.facebook.com/profile.php?id=100007874922516&fref=ts,http://ameblo.jp/saekitomoko,/senkyo/senkyo2016/carta/B00001RTH.htm,http://www.asahi.com/senkyo/senkyo2016/koho/B34.html
選挙区候補者：広島,,玉田　憲勲,58,無所属,新,医師,,,http://touyodai.jp/,/senkyo/senkyo2016/carta/B000021UY.htm,http://www.asahi.com/senkyo/senkyo2016/koho/B34.html
選挙区候補者：広島,,中丸　啓,52,こころ,新,〈元〉衆院議員,https://twitter.com/maruchan777jp,https://ja-jp.facebook.com/nakamaru.hiromu,http://s.ameblo.jp/nakamaru-hiromu/,/senkyo/senkyo2016/carta/B00001O00.htm,http://www.asahi.com/senkyo/senkyo2016/koho/B34.html
選挙区候補者：広島,,柳田　稔,61,民進,現,〈元〉法相,,,http://www.yarukida.com,/senkyo/senkyo2016/carta/BZZZZZ14G.htm,http://www.asahi.com/senkyo/senkyo2016/koho/B34.html
選挙区候補者：広島,,高見　篤己,64,共産,新,党県常任委員,,https://www.facebook.com/people/%E9%AB%98%E8%A6%8B%E7%AF%A4%E5%B7%B1/100005020839951,http://jcph.cocolog-nifty.com/,/senkyo/senkyo2016/carta/B000004FF.htm,http://www.asahi.com/senkyo/senkyo2016/koho/B34.html
選挙区候補者：広島,,宮沢　洋一,66,自民,現,〈元〉経産相,,,http://www.miyazawa-yoichi.com,/senkyo/senkyo2016/carta/BZZZZZ0QJ.htm,http://www.asahi.com/senkyo/senkyo2016/koho/B34.html
選挙区候補者：広島,,灰岡　香奈,33,お維新,新,〈元〉和木町議,https://twitter.com/kana_628,https://www.facebook.com/kana.haioka,http://ameblo.jp/haioka-kana/,/senkyo/senkyo2016/carta/B00001FP9.htm,http://www.asahi.com/senkyo/senkyo2016/koho/B34.html
選挙区候補者：山口,,,,,,,,,,,http://www.asahi.com/senkyo/senkyo2016/koho/B35.html
選挙区候補者：山口,,河井　美和子,53,諸派,新,幸福実現党員,https://twitter.com/miwako_hrp,http://www.facebook.com/people/河井美和子/100004758812496,http://ameblo.jp/kawaimiwako/,/senkyo/senkyo2016/carta/B000019MC.htm,http://www.asahi.com/senkyo/senkyo2016/koho/B35.html
選挙区候補者：山口,,纐纈　厚,65,無所属,新,〈元〉山口大副学長,,,http://koketu.net/,/senkyo/senkyo2016/carta/B000021FB.htm,http://www.asahi.com/senkyo/senkyo2016/koho/B35.html
選挙区候補者：山口,,江島　潔,59,自民,現,〈元〉下関市長,,https://www.facebook.com/kiyoshi.ejima,http://www.kiyoshi-ejima.jp,/senkyo/senkyo2016/carta/BZZZZZ5RK.htm,http://www.asahi.com/senkyo/senkyo2016/koho/B35.html
選挙区候補者：徳島・高知,,,,,,,,,,,http://www.asahi.com/senkyo/senkyo2016/koho/B36.html
選挙区候補者：徳島・高知,,大西　聡,53,無所属,新,弁護士,,https://www.facebook.com/%E5%A4%A7%E8%A5%BF-%E8%81%A1-%E3%81%9D%E3%81%86-1506144686359292/?tsid=0.5466385983421853&slog=1731&seq=1400648435&rk=0&fbtype=274,,/senkyo/senkyo2016/carta/B000021FI.htm,http://www.asahi.com/senkyo/senkyo2016/koho/B36.html
選挙区候補者：徳島・高知,,福山　正敏,45,諸派,新,幸福実現党員,,https://www.facebook.com/masatoshifukuyama.1,http://ameblo.jp/ma-fukuyama/,/senkyo/senkyo2016/carta/B000021FH.htm,http://www.asahi.com/senkyo/senkyo2016/koho/B36.html
選挙区候補者：徳島・高知,,中西　祐介,36,自民,現,財務政務官,,https://www.facebook.com/yusuke.nakanishi.146,http://yusuke-nakanishi.jp,/senkyo/senkyo2016/carta/B00001CD1.htm,http://www.asahi.com/senkyo/senkyo2016/koho/B36.html
選挙区候補者：香川,,,,,,,,,,,http://www.asahi.com/senkyo/senkyo2016/koho/B37.html
選挙区候補者：香川,,田辺　健一,35,共産,新,党県常任委員,https://twitter.com/kensan68242491,https://www.facebook.com/ken.tanabe.98,http://tanaken.wajcp.net,/senkyo/senkyo2016/carta/B00001PCJ.htm,http://www.asahi.com/senkyo/senkyo2016/koho/B37.html
選挙区候補者：香川,,中西　利恵,53,諸派,新,幸福実現党員,,https://www.facebook.com/nakanishirie.hrp,http://ameblo.jp/nakanishirie/,/senkyo/senkyo2016/carta/B00001PK1.htm,http://www.asahi.com/senkyo/senkyo2016/koho/B37.html
選挙区候補者：香川,,磯崎　仁彦,58,自民,現,〈元〉経産政務官,https://twitter.com/isozakiyoshi,https://www.facebook.com/yoshihiko.isozaki.1,http://www.isozaki-yoshihiko.com,/senkyo/senkyo2016/carta/B00001CB0.htm,http://www.asahi.com/senkyo/senkyo2016/koho/B37.html
選挙区候補者：香川,,田中　俊秀,65,無所属,新,〈元〉清掃作業員,,,,/senkyo/senkyo2016/carta/B000021X6.htm,http://www.asahi.com/senkyo/senkyo2016/koho/B37.html
選挙区候補者：愛媛,,,,,,,,,,,http://www.asahi.com/senkyo/senkyo2016/koho/B38.html
選挙区候補者：愛媛,,森田　浩二,56,諸派,新,幸福実現党員,,https://www.facebook.com/morita.kojihrp,http://ameblo.jp/morita-koji,/senkyo/senkyo2016/carta/B000019VZ.htm,http://www.asahi.com/senkyo/senkyo2016/koho/B38.html
選挙区候補者：愛媛,,山本　順三,61,自民,現,国交副大臣,,https://www.facebook.com/Yamamotojunzo/,http://www.j-yamamoto.net/,/senkyo/senkyo2016/carta/BZZZZZ159.htm,http://www.asahi.com/senkyo/senkyo2016/koho/B38.html
選挙区候補者：愛媛,,永江　孝子,56,無所属,新,〈元〉アナウンサー,https://twitter.com/nagaetakako,https://www.facebook.com/nagae-takako,http://nagaetakako.com/,/senkyo/senkyo2016/carta/B000015W2.htm,http://www.asahi.com/senkyo/senkyo2016/koho/B38.html
選挙区候補者：福岡,,,,,,,,,,,http://www.asahi.com/senkyo/senkyo2016/koho/B40.html
選挙区候補者：福岡,,大家　敏志,48,自民,現,〈元〉県議,,,http://oie-satoshi.com/,/senkyo/senkyo2016/carta/BZZZZZ496.htm,http://www.asahi.com/senkyo/senkyo2016/koho/B40.html
選挙区候補者：福岡,,竹内　信昭,63,社民,新,〈元〉高校教諭,,,http://www.sdp-fukuoka.jpn.org/,/senkyo/senkyo2016/carta/B000021F0.htm,http://www.asahi.com/senkyo/senkyo2016/koho/B40.html
選挙区候補者：福岡,,柴田　雅子,32,共産,新,医療団体職員,,,http://shibamasa.fjcp.jp/,/senkyo/senkyo2016/carta/B000021EY.htm,http://www.asahi.com/senkyo/senkyo2016/koho/B40.html
選挙区候補者：福岡,,吉冨　和枝,57,諸派,新,幸福実現党員,https://twitter.com/yoshitomi_kazue,http://www.facebook.com/kazue.yoshitomi,http://www.yoshitomi-k.jp/,/senkyo/senkyo2016/carta/B00001CAX.htm,http://www.asahi.com/senkyo/senkyo2016/koho/B40.html
選挙区候補者：福岡,,高瀬　弘美,34,公明,新,〈元〉外務省職員,https://twitter.com/takasehiromi163,https://www.facebook.com/takasehiromi/,http://takase-hiromi.com/,/senkyo/senkyo2016/carta/B000021F1.htm,http://www.asahi.com/senkyo/senkyo2016/koho/B40.html
選挙区候補者：福岡,,石井　英俊,39,こころ,新,ＮＰＯ理事長,,,http://hidetoshi.asia/,/senkyo/senkyo2016/carta/B00000YVN.htm,http://www.asahi.com/senkyo/senkyo2016/koho/B40.html
選挙区候補者：福岡,,古賀　之士,57,民進,新,〈元〉アナウンサー,,,http://www.k-yukihito.jp,/senkyo/senkyo2016/carta/B000021H7.htm,http://www.asahi.com/senkyo/senkyo2016/koho/B40.html
選挙区候補者：福岡,,船戸　タキ子,58,無所属,新,〈元〉参院議員秘書,,,http://t-funato.com/,/senkyo/senkyo2016/carta/B000021X5.htm,http://www.asahi.com/senkyo/senkyo2016/koho/B40.html
選挙区候補者：福岡,,森上　晋平,32,お維新,新,転職支援会社員,,,,/senkyo/senkyo2016/carta/B000021RX.htm,http://www.asahi.com/senkyo/senkyo2016/koho/B40.html
選挙区候補者：佐賀,,,,,,,,,,,http://www.asahi.com/senkyo/senkyo2016/koho/B41.html
選挙区候補者：佐賀,,福岡　資麿,43,自民,現,〈元〉衆院議員,,https://www.facebook.com/takamaro.fukuoka/,https://www.takamaro.jp,/senkyo/senkyo2016/carta/BZZZZZ0T7.htm,http://www.asahi.com/senkyo/senkyo2016/koho/B41.html
選挙区候補者：佐賀,,中村　哲治,44,民進,元,〈元〉衆院議員,https://twitter.com/NakamuraTetsuji,https://www.facebook.com/tetsuji.nakamura.1,http://tezj.jp/,/senkyo/senkyo2016/carta/BZZZZZ0ON.htm,http://www.asahi.com/senkyo/senkyo2016/koho/B41.html
選挙区候補者：佐賀,,中島　徹,42,諸派,新,幸福実現党員,,https://www.facebook.com/sagakoufukunakashima,,/senkyo/senkyo2016/carta/B00001PEH.htm,http://www.asahi.com/senkyo/senkyo2016/koho/B41.html
選挙区候補者：長崎,,,,,,,,,,,http://www.asahi.com/senkyo/senkyo2016/koho/B42.html
選挙区候補者：長崎,,西岡　秀子,52,民進,新,〈元〉参院議員秘書,,,http://www.nishiokahideko.com,/senkyo/senkyo2016/carta/B000021M2.htm,http://www.asahi.com/senkyo/senkyo2016/koho/B42.html
選挙区候補者：長崎,,金子　原二郎,72,自民,現,〈元〉知事,,,http://www.kaneko-genjiro.jp,/senkyo/senkyo2016/carta/B000007K2.htm,http://www.asahi.com/senkyo/senkyo2016/koho/B42.html
選挙区候補者：長崎,,江夏　正敏,48,諸派,新,幸福実現党役員,https://twitter.com/EnatsuMasatoshi,https://www.facebook.com/EnatsuMasatoshi,http://enatsu-masatoshi.com,/senkyo/senkyo2016/carta/B00001O40.htm,http://www.asahi.com/senkyo/senkyo2016/koho/B42.html
選挙区候補者：熊本,,,,,,,,,,,http://www.asahi.com/senkyo/senkyo2016/koho/B43.html
選挙区候補者：熊本,,阿部　広美,49,無所属,新,弁護士,https://twitter.com/abehiromi1,https://facebook.com/abehiromi2016/,http://abehiromi.jp,/senkyo/senkyo2016/carta/B000021LL.htm,http://www.asahi.com/senkyo/senkyo2016/koho/B43.html
選挙区候補者：熊本,,本藤　哲哉,62,諸派,新,支持なし県代表,,,http://www.支持政党なし.com/,/senkyo/senkyo2016/carta/B000021U7.htm,http://www.asahi.com/senkyo/senkyo2016/koho/B43.html
選挙区候補者：熊本,,松村　祥史,52,自民,現,党副幹事長,,,http://www.yoshifumi.net/,/senkyo/senkyo2016/carta/BZZZZZ18K.htm,http://www.asahi.com/senkyo/senkyo2016/koho/B43.html
選挙区候補者：熊本,,木下　順子,57,諸派,新,幸福実現党員,,,http://s.ameblo.jp/kumakumael/,/senkyo/senkyo2016/carta/B00001RQU.htm,http://www.asahi.com/senkyo/senkyo2016/koho/B43.html
選挙区候補者：大分,,,,,,,,,,,http://www.asahi.com/senkyo/senkyo2016/koho/B44.html
選挙区候補者：大分,,上田　敦子,49,諸派,新,幸福実現党員,,https://www.facebook.com/profile.php?id=100005729313897,http://ameblo.jp/uedaatsuko,/senkyo/senkyo2016/carta/B00001PDW.htm,http://www.asahi.com/senkyo/senkyo2016/koho/B44.html
選挙区候補者：大分,,古庄　玄知,58,自民,新,弁護士,,https://www.facebook.com/koshouharutomo/,http://koshou.net/,/senkyo/senkyo2016/carta/B000021BE.htm,http://www.asahi.com/senkyo/senkyo2016/koho/B44.html
選挙区候補者：大分,,足立　信也,59,民進,現,〈元〉厚労政務官,,https://www.facebook.com/足立信也と安心な日本を創る会-819627454817002/,https://www.adachishinya.com/,/senkyo/senkyo2016/carta/BZZZZZ16H.htm,http://www.asahi.com/senkyo/senkyo2016/koho/B44.html
選挙区候補者：宮崎,,,,,,,,,,,http://www.asahi.com/senkyo/senkyo2016/koho/B45.html
選挙区候補者：宮崎,,河野　一郎,56,諸派,新,幸福実現党員,https://twitter.com/hrpkonoichiro,http://facebook.com/kouno.ichirou,http://ameblo.jp/konoichiro,/senkyo/senkyo2016/carta/B000019D7.htm,http://www.asahi.com/senkyo/senkyo2016/koho/B45.html
選挙区候補者：宮崎,,読谷山　洋司,52,無所属,新,〈元〉内閣府参事官,,,,/senkyo/senkyo2016/carta/B000021FR.htm,http://www.asahi.com/senkyo/senkyo2016/koho/B45.html
選挙区候補者：宮崎,,松下　新平,49,自民,現,〈元〉県議,,,,/senkyo/senkyo2016/carta/BZZZZZ16P.htm,http://www.asahi.com/senkyo/senkyo2016/koho/B45.html
選挙区候補者：鹿児島,,,,,,,,,,,http://www.asahi.com/senkyo/senkyo2016/koho/B46.html
選挙区候補者：鹿児島,,野村　哲郎,72,自民,現,〈元〉農水政務官,,https://www.facebook.com/nomura.best2/,http://www.nomura-best.jp,/senkyo/senkyo2016/carta/BZZZZZ16U.htm,http://www.asahi.com/senkyo/senkyo2016/koho/B46.html
選挙区候補者：鹿児島,,下町　和三,56,無所属,新,連合鹿児島役員,,https://www.facebook.com/kazumishimomachi/,http://www.shimomachi.jp/,/senkyo/senkyo2016/carta/B000021FJ.htm,http://www.asahi.com/senkyo/senkyo2016/koho/B46.html
選挙区候補者：鹿児島,,松沢　力,34,諸派,新,幸福実現党員,https://twitter.com/matsuzawaisao,http://www.facebook.com/100004726051257,http://ameblo.jp/matsuzawaisao,/senkyo/senkyo2016/carta/B00001NQ9.htm,http://www.asahi.com/senkyo/senkyo2016/koho/B46.html
選挙区候補者：鹿児島,,坂田　英明,45,無所属,新,〈元〉富士電機社員,,,,/senkyo/senkyo2016/carta/B000021VA.htm,http://www.asahi.com/senkyo/senkyo2016/koho/B46.html
選挙区候補者：沖縄,,,,,,,,,,,http://www.asahi.com/senkyo/senkyo2016/koho/B47.html
選挙区候補者：沖縄,,金城　竜郎,52,諸派,新,幸福実現党員,https://twitter.com/kinjou_tatsurou,http://www.facebook.com/elmichiko,http://ishin0507.ti-da.net,/senkyo/senkyo2016/carta/B000019MQ.htm,http://www.asahi.com/senkyo/senkyo2016/koho/B47.html
選挙区候補者：沖縄,,島尻　安伊子,51,自民,現,沖縄北方相,,,,/senkyo/senkyo2016/carta/B00000Z8A.htm,http://www.asahi.com/senkyo/senkyo2016/koho/B47.html
選挙区候補者：沖縄,,伊波　洋一,64,無所属,新,〈元〉宜野湾市長,,,,/senkyo/senkyo2016/carta/BZZZZZ5T2.htm,http://www.asahi.com/senkyo/senkyo2016/koho/B47.html
,比 例 区,,,社会民主党,,,,,,,http://www.asahi.com/senkyo/senkyo2016/koho/C01.html
,比 例 区,吉田　忠智,60,社会民主党,現,党首,https://twitter.com/tadatomoyoshida,https://www.facebook.com/吉田忠智-115651728788287,http://tadatomoyoshida.jp,/senkyo/senkyo2016/carta/CZZZZZ4I9.htm,http://www.asahi.com/senkyo/senkyo2016/koho/C01.html
,比 例 区,福島　瑞穂,60,社会民主党,現,副党首,https://twitter.com/mizuhofukushima,https://www.facebook.com/mizuho.fukushima.35,http://mizuhofukushima.blog83.fc2.com/,/senkyo/senkyo2016/carta/CZZZZZ1CC.htm,http://www.asahi.com/senkyo/senkyo2016/koho/C01.html
,比 例 区,桝口　敏行,62,社会民主党,新,党新潟副代表,,,,/senkyo/senkyo2016/carta/CZZZZZ2PG.htm,http://www.asahi.com/senkyo/senkyo2016/koho/C01.html
,比 例 区,田山　英次,56,社会民主党,新,党宮城副幹事長,,,,/senkyo/senkyo2016/carta/CZZZZZ05J.htm,http://www.asahi.com/senkyo/senkyo2016/koho/C01.html
,比 例 区,桂川　悟,64,社会民主党,新,党京都代表,,,http://www.geocities.jp/katsuragawasdpj/,/senkyo/senkyo2016/carta/C000021UB.htm,http://www.asahi.com/senkyo/senkyo2016/koho/C01.html
,比 例 区,伊藤　善規,67,社会民主党,新,党愛知幹事長,,http://www.facebook.com/aichisdp,,/senkyo/senkyo2016/carta/C00001FFK.htm,http://www.asahi.com/senkyo/senkyo2016/koho/C01.html
,比 例 区,椎野　隆,69,社会民主党,新,党茨城常任幹事,,,,/senkyo/senkyo2016/carta/C000021UC.htm,http://www.asahi.com/senkyo/senkyo2016/koho/C01.html
,比 例 区,,,国民怒りの声,,,,,,,http://www.asahi.com/senkyo/senkyo2016/koho/C01.html
,比 例 区,小林　節,67,国民怒りの声,新,怒りの声代表,,,,/senkyo/senkyo2016/carta/C000021UE.htm,http://www.asahi.com/senkyo/senkyo2016/koho/C01.html
,比 例 区,円　より子,69,国民怒りの声,元,〈元〉民主党副代表,https://twitter.com/madokayoriko,https://www.facebook.com/madokayoriko,http://www.madoka-yoriko.jp/,/senkyo/senkyo2016/carta/CZZZZZ19Z.htm,http://www.asahi.com/senkyo/senkyo2016/koho/C01.html
,比 例 区,橋本　勉,62,国民怒りの声,新,〈元〉衆院議員,,,,/senkyo/senkyo2016/carta/C000013E0.htm,http://www.asahi.com/senkyo/senkyo2016/koho/C01.html
,比 例 区,渡辺　良弘,50,国民怒りの声,新,医師,,,,/senkyo/senkyo2016/carta/C000021WH.htm,http://www.asahi.com/senkyo/senkyo2016/koho/C01.html
,比 例 区,杉本　志乃,48,国民怒りの声,新,コンサル会社長,,,,/senkyo/senkyo2016/carta/C000021UG.htm,http://www.asahi.com/senkyo/senkyo2016/koho/C01.html
,比 例 区,吉田　晶子,45,国民怒りの声,新,〈元〉石油会社員,,,,/senkyo/senkyo2016/carta/C000021WI.htm,http://www.asahi.com/senkyo/senkyo2016/koho/C01.html
,比 例 区,荒木　大樹,45,国民怒りの声,新,霊園理事長,https://twitter.com/arakidaiju,https://www.facebook.com/daiju.araki.7,http://ameblo.jp/arakidaiju,/senkyo/senkyo2016/carta/C00001CKL.htm,http://www.asahi.com/senkyo/senkyo2016/koho/C01.html
,比 例 区,大西　さちえ,43,国民怒りの声,新,〈元〉平和団体代表,https://twitter.com/oonishisachie,https://www.facebook.com/sachie.onishi,,/senkyo/senkyo2016/carta/C000021UH.htm,http://www.asahi.com/senkyo/senkyo2016/koho/C01.html
,比 例 区,立川　光昭,39,国民怒りの声,新,コンサル会社長,,,,/senkyo/senkyo2016/carta/C000021UI.htm,http://www.asahi.com/senkyo/senkyo2016/koho/C01.html
,比 例 区,平野　道子,37,国民怒りの声,新,社団法人役員,,,,/senkyo/senkyo2016/carta/C000021UJ.htm,http://www.asahi.com/senkyo/senkyo2016/koho/C01.html
,比 例 区,,,おおさか維新の会,,,,,,,http://www.asahi.com/senkyo/senkyo2016/koho/C01.html
,比 例 区,片山　虎之助,80,おおさか維新の会,現,〈元〉総務相,https://twitter.com/katayama1122,https://www.facebook.com/ishin.katayama,http://www.toranosuke.net/index.html,/senkyo/senkyo2016/carta/CZZZZZ146.htm,http://www.asahi.com/senkyo/senkyo2016/koho/C01.html
,比 例 区,新渡　英夫,59,おおさか維新の会,新,〈元〉都議,,,http://aratohideo.jp,/senkyo/senkyo2016/carta/C00001CKM.htm,http://www.asahi.com/senkyo/senkyo2016/koho/C01.html
,比 例 区,石井　章,59,おおさか維新の会,新,〈元〉衆院議員,,http://www.facebook.com/ishiiakiraishin,http://ishiiakira.com,/senkyo/senkyo2016/carta/C000013UR.htm,http://www.asahi.com/senkyo/senkyo2016/koho/C01.html
,比 例 区,石井　苗子,62,おおさか維新の会,新,女優,https://twitter.com/mitsukoishii,https://www.facebook.com/mitsukoishii225,http://www.ishiimitsuko.net,/senkyo/senkyo2016/carta/C000021UA.htm,http://www.asahi.com/senkyo/senkyo2016/koho/C01.html
,比 例 区,宇佐美　孝二,43,おおさか維新の会,新,〈元〉橿原市議,,,http://www.usami-koji.com,/senkyo/senkyo2016/carta/C000021CS.htm,http://www.asahi.com/senkyo/senkyo2016/koho/C01.html
,比 例 区,梅村　聡,41,おおさか維新の会,前,医師,,https://www.facebook.com/umemurasatoshikouenkai,http://www.s-umemura.jp,/senkyo/senkyo2016/carta/C000011LE.htm,http://www.asahi.com/senkyo/senkyo2016/koho/C01.html
,比 例 区,儀武　剛,54,おおさか維新の会,新,〈元〉金武町長,,,http://gibu.me,/senkyo/senkyo2016/carta/C00002193.htm,http://www.asahi.com/senkyo/senkyo2016/koho/C01.html
,比 例 区,串田　誠一,58,おおさか維新の会,新,弁護士,,,http://www.kushidaseiichi.com,/senkyo/senkyo2016/carta/CZZZZZ2K6.htm,http://www.asahi.com/senkyo/senkyo2016/koho/C01.html
,比 例 区,坂井　良和,71,おおさか維新の会,新,弁護士,https://twitter.com/sakai3363,https://www.facebook.com/SakaigayaruSakai,http://sakai.minibird.jp,/senkyo/senkyo2016/carta/CZZZZZ54Z.htm,http://www.asahi.com/senkyo/senkyo2016/koho/C01.html
,比 例 区,島　聡,58,おおさか維新の会,新,〈元〉衆院議員,https://twitter.com/satoshi_shima,https://www.facebook.com/%E5%B3%B6%E3%81%95%E3%81%A8%E3%81%97%E5%B6%8B%E8%81%A1-1505168203068734/?fref=ts,http://simasato.net/,/senkyo/senkyo2016/carta/CZZZZZ0K1.htm,http://www.asahi.com/senkyo/senkyo2016/koho/C01.html
,比 例 区,鈴木　宏治,42,おおさか維新の会,新,〈元〉福井県議,,http://www.facebook.com/koji.suzuki.fukui,http://koji-suzuki.com,/senkyo/senkyo2016/carta/CZZZZZ2V3.htm,http://www.asahi.com/senkyo/senkyo2016/koho/C01.html
,比 例 区,鈴木　望,67,おおさか維新の会,新,〈元〉衆院議員,,,http://suzuki-nozomu.jp,/senkyo/senkyo2016/carta/C000002EW.htm,http://www.asahi.com/senkyo/senkyo2016/koho/C01.html
,比 例 区,高橋　英明,53,おおさか維新の会,新,〈元〉川口市議,https://twitter.com/hide24004517,https://www.facebook.com/takahashihideaki0906,http://ameblo.jp/sakimari1030/,/senkyo/senkyo2016/carta/C00001SMZ.htm,http://www.asahi.com/senkyo/senkyo2016/koho/C01.html
,比 例 区,中谷　裕之,54,おおさか維新の会,新,鍼灸師,https://twitter.com/hiroyukinakata,https://www.facebook.com/nakatanihiroyuki1,http://nakatanihiroyuki.jp/,/senkyo/senkyo2016/carta/C000021BI.htm,http://www.asahi.com/senkyo/senkyo2016/koho/C01.html
,比 例 区,樋口　俊一,64,おおさか維新の会,元,〈元〉薬ヒグチ会長,,,http://ヒグチ俊一.jp,/senkyo/senkyo2016/carta/CZZZZZ19V.htm,http://www.asahi.com/senkyo/senkyo2016/koho/C01.html
,比 例 区,三宅　博,66,おおさか維新の会,新,〈元〉衆院議員,https://twitter.com/_MiyakeHiroshi_,http://www.facebook.com/miyakehiroshi507,http://www.miyakehiroshi.com/,/senkyo/senkyo2016/carta/CZZZZZCP2.htm,http://www.asahi.com/senkyo/senkyo2016/koho/C01.html
,比 例 区,矢野　義昭,66,おおさか維新の会,新,〈元〉陸上自衛官,,https://ja-jp.facebook.com/yoshiaki.yano.589,http://y-yano.jp/,/senkyo/senkyo2016/carta/C00001CCT.htm,http://www.asahi.com/senkyo/senkyo2016/koho/C01.html
,比 例 区,渡辺　喜美,64,おおさか維新の会,新,〈元〉金融行革相,https://twitter.com/YWatanabeOffice,https://www.facebook.com/watanabe.yoshimi.office/,http://ameblo.jp/nusu443,/senkyo/senkyo2016/carta/CZZZZZ07V.htm,http://www.asahi.com/senkyo/senkyo2016/koho/C01.html
,比 例 区,,,公明党,,,,,,,http://www.asahi.com/senkyo/senkyo2016/koho/C01.html
,比 例 区,横山　信一,56,公明党,現,〈元〉農水政務官,https://twitter.com/gagomeyokoyama,https://www.facebook.com/gagome.yokoyama/,http://www.gagome-yokoyama.jp/,/senkyo/senkyo2016/carta/CZZZZZ1IA.htm,http://www.asahi.com/senkyo/senkyo2016/koho/C01.html
,比 例 区,長沢　広明,57,公明党,現,党参院副幹事長,https://twitter.com/nagasawa_h,https://www.facebook.com/nagasawa.hiroaki.jp/,http://www.nagasawa-hiroaki.jp/,/senkyo/senkyo2016/carta/CZZZZZ00W.htm,http://www.asahi.com/senkyo/senkyo2016/koho/C01.html
,比 例 区,浜田　昌良,59,公明党,現,〈元〉復興副大臣,https://twitter.com/hamadamasayoshi,https://www.facebook.com/masayoshi.hamada.komei,http://hamada-m.com,/senkyo/senkyo2016/carta/CZZZZZ1AR.htm,http://www.asahi.com/senkyo/senkyo2016/koho/C01.html
,比 例 区,熊野　正士,51,公明党,新,医師,https://twitter.com/kumanoseishi,https://www.facebook.com/seishi.kumano,https://www.kumano-seishi.com/,/senkyo/senkyo2016/carta/C000021LD.htm,http://www.asahi.com/senkyo/senkyo2016/koho/C01.html
,比 例 区,谷合　正明,43,公明党,現,党政調副会長,https://twitter.com/masaaki_taniai,https://www.facebook.com/masaaki.taniai.5,http://www.m-taniai.net/,/senkyo/senkyo2016/carta/CZZZZZ1AQ.htm,http://www.asahi.com/senkyo/senkyo2016/koho/C01.html
,比 例 区,秋野　公造,49,公明党,現,〈元〉環境政務官,https://twitter.com/akinokozo,https://www.facebook.com/akinokozo.official,http://blog.goo.ne.jp/akinokozo,/senkyo/senkyo2016/carta/C00001CE8.htm,http://www.asahi.com/senkyo/senkyo2016/koho/C01.html
,比 例 区,飯塚　栄治,38,公明党,新,月刊公明記者,,,,/senkyo/senkyo2016/carta/C000021VM.htm,http://www.asahi.com/senkyo/senkyo2016/koho/C01.html
,比 例 区,栗岡　哲平,46,公明党,新,党道方面事務長,,,,/senkyo/senkyo2016/carta/C000021WJ.htm,http://www.asahi.com/senkyo/senkyo2016/koho/C01.html
,比 例 区,坂本　道応,37,公明党,新,党香川事務長,,,,/senkyo/senkyo2016/carta/C000021W5.htm,http://www.asahi.com/senkyo/senkyo2016/koho/C01.html
,比 例 区,佐藤　史成,57,公明党,新,公明新聞部長,,,,/senkyo/senkyo2016/carta/C000021VJ.htm,http://www.asahi.com/senkyo/senkyo2016/koho/C01.html
,比 例 区,高田　清久,40,公明党,新,党衆院事務局員,,,,/senkyo/senkyo2016/carta/C000021W2.htm,http://www.asahi.com/senkyo/senkyo2016/koho/C01.html
,比 例 区,高橋　秀明,50,公明党,新,党富山事務長,,,,/senkyo/senkyo2016/carta/C000021VO.htm,http://www.asahi.com/senkyo/senkyo2016/koho/C01.html
,比 例 区,竹内　真二,52,公明党,新,公明新聞局次長,,,,/senkyo/senkyo2016/carta/C000021VL.htm,http://www.asahi.com/senkyo/senkyo2016/koho/C01.html
,比 例 区,竹内　秀伸,38,公明党,新,公明新聞記者,,,,/senkyo/senkyo2016/carta/C000021VI.htm,http://www.asahi.com/senkyo/senkyo2016/koho/C01.html
,比 例 区,千葉　宣男,51,公明党,新,公明新聞記者,,,,/senkyo/senkyo2016/carta/C000021W3.htm,http://www.asahi.com/senkyo/senkyo2016/koho/C01.html
,比 例 区,星　英一郎,40,公明党,新,党総務局職員,,,,/senkyo/senkyo2016/carta/C000021VK.htm,http://www.asahi.com/senkyo/senkyo2016/koho/C01.html
,比 例 区,宮崎　勝,58,公明党,新,公明新聞局長,,,,/senkyo/senkyo2016/carta/C00001CME.htm,http://www.asahi.com/senkyo/senkyo2016/koho/C01.html
,比 例 区,,,日本共産党,,,,,,,http://www.asahi.com/senkyo/senkyo2016/koho/C01.html
,比 例 区,市田　忠義,73,日本共産党,現,党副委員長,,,http://www.t-ichida.gr.jp/,/senkyo/senkyo2016/carta/CZZZZZ1BF.htm,http://www.asahi.com/senkyo/senkyo2016/koho/C01.html
,比 例 区,田村　智子,51,日本共産党,現,党副委員長,https://twitter.com/tamutomojcp,https://www.facebook.com/tamura.tomoko.jcp,http://www.tamura-jcp.info,/senkyo/senkyo2016/carta/CZZZZZ0CB.htm,http://www.asahi.com/senkyo/senkyo2016/koho/C01.html
,比 例 区,大門　実紀史,60,日本共産党,現,党参院国対副長,,https://www.facebook.com/daimonmikishi/,http://www.daimon-mikishi.jp/,/senkyo/senkyo2016/carta/CZZZZZ1BH.htm,http://www.asahi.com/senkyo/senkyo2016/koho/C01.html
,比 例 区,春名　直章,57,日本共産党,新,〈元〉衆院議員,https://twitter.com/HaRuNaNaoaki,https://www.facebook.com/haruna.naoaki,http://haruna.jcpweb.jp/,/senkyo/senkyo2016/carta/CZZZZZ034.htm,http://www.asahi.com/senkyo/senkyo2016/koho/C01.html
,比 例 区,伊勢田　良子,41,日本共産党,新,党福岡副委員長,https://twitter.com/ryochin0916,https://www.facebook.com/isedaryouko,http://jcpkyuoki.webcrow.jp/iseda/iseda-ryouko.html,/senkyo/senkyo2016/carta/C00001RTK.htm,http://www.asahi.com/senkyo/senkyo2016/koho/C01.html
,比 例 区,岩渕　友,39,日本共産党,新,党福島常任委員,https://twitter.com/buchitom,https://www.facebook.com/iwabuchitomo,http://iwbc.hateblo.jp/,/senkyo/senkyo2016/carta/C00001CBC.htm,http://www.asahi.com/senkyo/senkyo2016/koho/C01.html
,比 例 区,奥田　智子,47,日本共産党,新,〈元〉埼玉県議,https://twitter.com/jcpokudatomok,https://www.facebook.com/jcp.okuda.tomoko,http://www.okudatomoko-jcp.jp/,/senkyo/senkyo2016/carta/C00001MND.htm,http://www.asahi.com/senkyo/senkyo2016/koho/C01.html
,比 例 区,椎葉　寿幸,39,日本共産党,新,党千葉副委員長,https://twitter.com/ShiibaKazuyuki,https://www.facebook.com/shiibakazu/,http://shiiba.info/,/senkyo/senkyo2016/carta/C0000215I.htm,http://www.asahi.com/senkyo/senkyo2016/koho/C01.html
,比 例 区,武田　良介,36,日本共産党,新,党長野常任委員,https://twitter.com/ryon_t,http://www.facebook.com/ryosuke.takeda.737,http://takeda.jcpweb.net/,/senkyo/senkyo2016/carta/C00001CQ7.htm,http://www.asahi.com/senkyo/senkyo2016/koho/C01.html
,比 例 区,石山　浩行,34,日本共産党,新,党准地区委員,,https://www.facebook.com/hiroyuki.ishiyama.16,http://www.jcp.or.jp/web_senkyo/html/02san/02-ken/06-ishiyama.html,/senkyo/senkyo2016/carta/C00001T3K.htm,http://www.asahi.com/senkyo/senkyo2016/koho/C01.html
,比 例 区,和泉　信丈,32,日本共産党,新,〈元〉党准地区委員,,,,/senkyo/senkyo2016/carta/C00001RKF.htm,http://www.asahi.com/senkyo/senkyo2016/koho/C01.html
,比 例 区,伊藤　達也,33,日本共産党,新,党群馬委員,https://twitter.com/Tatsuya_jcp,https://www.facebook.com/profile.php?id=1620430160,,/senkyo/senkyo2016/carta/C00002187.htm,http://www.asahi.com/senkyo/senkyo2016/koho/C01.html
,比 例 区,岩渕　彩子,33,日本共産党,新,党宮城委員,https://twitter.com/ayacon_x,http://www.facebook.com/ayaco.iwabuchi,http://blog.canpan.info/iwabuchiayako,/senkyo/senkyo2016/carta/C00001OJO.htm,http://www.asahi.com/senkyo/senkyo2016/koho/C01.html
,比 例 区,植本　完治,57,日本共産党,新,党岡山書記長,https://twitter.com/c5vx15bqnljlcc0,,,/senkyo/senkyo2016/carta/CZZZZZ149.htm,http://www.asahi.com/senkyo/senkyo2016/koho/C01.html
,比 例 区,遠藤　秀和,38,日本共産党,新,党島根常任委員,,https://www.facebook.com/hidekazu0204,,/senkyo/senkyo2016/carta/C000021EF.htm,http://www.asahi.com/senkyo/senkyo2016/koho/C01.html
,比 例 区,岡田　正和,34,日本共産党,新,党鳥取常任委員,https://twitter.com/OkadaAim990,https://www.facebook.com/masakazu.okada.79,,/senkyo/senkyo2016/carta/C000021G1.htm,http://www.asahi.com/senkyo/senkyo2016/koho/C01.html
,比 例 区,釜井　敏行,34,日本共産党,新,党三重常任委員,https://twitter.com/kamappe0930,https://www.facebook.com/kamaitoshiyuki,,/senkyo/senkyo2016/carta/C00001O3B.htm,http://www.asahi.com/senkyo/senkyo2016/koho/C01.html
,比 例 区,上村　泰稔,51,日本共産党,新,党佐賀常任委員,,https://www.facebook.com/vasutoshi.kamimura,,/senkyo/senkyo2016/carta/CZZZZZ0TA.htm,http://www.asahi.com/senkyo/senkyo2016/koho/C01.html
,比 例 区,亀田　良典,67,日本共産党,新,党石川常任委員,https://twitter.com/mo4kamesan,https://www.facebook.com/ryosuke.kameda.9,http://blog.goo.ne.jp/mo4mo4kamesan,/senkyo/senkyo2016/carta/C00001PDC.htm,http://www.asahi.com/senkyo/senkyo2016/koho/C01.html
,比 例 区,唐沢　千晶,46,日本共産党,新,党長野常任委員,https://twitter.com/chiakikara310,http://www.facebook.com/chiakikara310,http://karasawa-chiaki.com/,/senkyo/senkyo2016/carta/C00001PEC.htm,http://www.asahi.com/senkyo/senkyo2016/koho/C01.html
,比 例 区,熊谷　智,36,日本共産党,新,党福島常任委員,https://twitter.com/h0use3,https://www.facebook.com/kumagaitomo3/,http://kumatomo.hateblo.jp/,/senkyo/senkyo2016/carta/C000021G4.htm,http://www.asahi.com/senkyo/senkyo2016/koho/C01.html
,比 例 区,小池　一徳,55,日本共産党,新,党栃木書記長,,,,/senkyo/senkyo2016/carta/C000011N3.htm,http://www.asahi.com/senkyo/senkyo2016/koho/C01.html
,比 例 区,小路　貴之,73,日本共産党,新,党愛媛常任委員,https://twitter.com/kiyukik,https://www.facebook.com/kiyuki.k,,/senkyo/senkyo2016/carta/C00000AK4.htm,http://www.asahi.com/senkyo/senkyo2016/koho/C01.html
,比 例 区,坂口　多美子,40,日本共産党,新,党和歌山役員,https://twitter.com/sakaguchitamiko,https://www.facebook.com/people/Tamiko-Sakaguchi/100008860302222,http://ameblo.jp/riko-kichi/,/senkyo/senkyo2016/carta/C00001V0Z.htm,http://www.asahi.com/senkyo/senkyo2016/koho/C01.html
,比 例 区,佐藤　耕平,34,日本共産党,新,党滋賀常任委員,https://twitter.com/kou_antiwar,https://www.facebook.com/kohei.sato.37669,http://kohei.wajcp.net/,/senkyo/senkyo2016/carta/C00001RI9.htm,http://www.asahi.com/senkyo/senkyo2016/koho/C01.html
,比 例 区,高木　光弘,56,日本共産党,新,党岐阜常任委員,https://twitter.com/takagimitsuhiro,,http://jcpweb.net/takagi/,/senkyo/senkyo2016/carta/CZZZZZ0HP.htm,http://www.asahi.com/senkyo/senkyo2016/koho/C01.html
,比 例 区,高橋　渡,53,日本共産党,新,党富山書記長,https://twitter.com/wataru_taka63,https://www.facebook.com/takahashi.wa/,http://wataru-t.jcpweb.net/,/senkyo/senkyo2016/carta/C000019VK.htm,http://www.asahi.com/senkyo/senkyo2016/koho/C01.html
,比 例 区,西沢　博,36,日本共産党,新,党新潟常任委員,,,http://blog.goo.ne.jp/melf4511,/senkyo/senkyo2016/carta/C00001NBP.htm,http://www.asahi.com/senkyo/senkyo2016/koho/C01.html
,比 例 区,原口　敏彦,54,日本共産党,新,党長崎書記長,https://twitter.com/haratoshijcp,https://www.facebook.com/profile.php?id=100005800537997,http://twilog.org/haratoshijcp,/senkyo/senkyo2016/carta/CZZZZZ164.htm,http://www.asahi.com/senkyo/senkyo2016/koho/C01.html
,比 例 区,藤本　友里,37,日本共産党,新,〈元〉特許事務所員,https://twitter.com/fupo_cgsm,https://www.facebook.com/profile.php?id=100004150871292fref=ts,,/senkyo/senkyo2016/carta/C00001U3J.htm,http://www.asahi.com/senkyo/senkyo2016/koho/C01.html
,比 例 区,古田　美知代,67,日本共産党,新,〈元〉徳島県議,,,http://www.furuta-michiyo.jp,/senkyo/senkyo2016/carta/CZZZZZ42I.htm,http://www.asahi.com/senkyo/senkyo2016/koho/C01.html
,比 例 区,真栄里　保,59,日本共産党,新,党沖縄常任委員,,,http://maesato5688.ti-da.net/,/senkyo/senkyo2016/carta/C000004AP.htm,http://www.asahi.com/senkyo/senkyo2016/koho/C01.html
,比 例 区,益田　牧子,66,日本共産党,新,〈元〉熊本市議,,https://www.facebook.com/masuda.jcp,,/senkyo/senkyo2016/carta/CZZZZZEZ4.htm,http://www.asahi.com/senkyo/senkyo2016/koho/C01.html
,比 例 区,松田　一志,58,日本共産党,新,党山口委員,https://twitter.com/jcpkazushi53,https://www.facebook.com/kazushimatsuda53,http://www.matsudakazushi53.com/,/senkyo/senkyo2016/carta/C00001GUP.htm,http://www.asahi.com/senkyo/senkyo2016/koho/C01.html
,比 例 区,松本　隆,54,日本共産党,新,党宮崎書記長,,https://www.facebook.com/matsumoto.takashi.568,,/senkyo/senkyo2016/carta/C000007VY.htm,http://www.asahi.com/senkyo/senkyo2016/koho/C01.html
,比 例 区,松山　恭子,65,日本共産党,新,看護師,,,,/senkyo/senkyo2016/carta/C000021VN.htm,http://www.asahi.com/senkyo/senkyo2016/koho/C01.html
,比 例 区,三ケ尻　亮子,47,日本共産党,新,党高知常任委員,https://twitter.com/nekonohi2000,https://www.facebook.com/profile.php?id=100010614191979,http://mikajiri.exblog.jp/,/senkyo/senkyo2016/carta/C00001CK6.htm,http://www.asahi.com/senkyo/senkyo2016/koho/C01.html
,比 例 区,宮内　現,34,日本共産党,新,党山梨委員,,https://ja-jp.facebook.com/gen.miyauchi,,/senkyo/senkyo2016/carta/C00000ZR2.htm,http://www.asahi.com/senkyo/senkyo2016/koho/C01.html
,比 例 区,山下　魁,39,日本共産党,新,党大分書記長,https://twitter.com/kai02yamashita,,http://ameblo.jp/sobo-katamuki/,/senkyo/senkyo2016/carta/C000004GD.htm,http://www.asahi.com/senkyo/senkyo2016/koho/C01.html
,比 例 区,山田　和雄,48,日本共産党,新,〈元〉三国町議,,,http://blog.goo.ne.jp/jcpyamadakazuo,/senkyo/senkyo2016/carta/C000011JO.htm,http://www.asahi.com/senkyo/senkyo2016/koho/C01.html
,比 例 区,吉田　恭子,35,日本共産党,新,党岩手常任委員,https://twitter.com/kyoko_yosida,,http://kyouko123.seesaa.net/,/senkyo/senkyo2016/carta/C000015WT.htm,http://www.asahi.com/senkyo/senkyo2016/koho/C01.html
,比 例 区,吉俣　洋,42,日本共産党,新,党准中央委員,https://twitter.com/yoyoshimata,https://www.facebook.com/profile.php?id=100002032033557&fref=ts,http://yoshimata.exblog.jp/,/senkyo/senkyo2016/carta/C000013FT.htm,http://www.asahi.com/senkyo/senkyo2016/koho/C01.html
,比 例 区,,,幸福実現党,,,,,,,http://www.asahi.com/senkyo/senkyo2016/koho/C01.html
,比 例 区,釈　量子,46,幸福実現党,新,党首,https://twitter.com/shakuryoko,https://www.facebook.com/shakuryoko,http://shaku-ryoko.net/,/senkyo/senkyo2016/carta/C00001O31.htm,http://www.asahi.com/senkyo/senkyo2016/koho/C01.html
,比 例 区,七海　ひろこ,31,幸福実現党,新,党広報本部長,,https://ja-jp.facebook.com/people/ひろこ七海/100006373508647,,/senkyo/senkyo2016/carta/C00001RTD.htm,http://www.asahi.com/senkyo/senkyo2016/koho/C01.html
,比 例 区,,,自由民主党,,,,,,,http://www.asahi.com/senkyo/senkyo2016/koho/C01.html
,比 例 区,中西　哲,64,自由民主党,新,〈元〉高知県議,,,http://nakanishi-satoshi.hatenablog.com/,/senkyo/senkyo2016/carta/CZZZZZ484.htm,http://www.asahi.com/senkyo/senkyo2016/koho/C01.html
,比 例 区,竹内　功,64,自由民主党,新,〈元〉鳥取市長,https://twitter.com/takeuchi_isao,https://www.facebook.com/%E7%AB%B9%E5%86%85-%E5%8A%9F-369205596516864/,http://www.isao-takeuchi.com/,/senkyo/senkyo2016/carta/C000009E0.htm,http://www.asahi.com/senkyo/senkyo2016/koho/C01.html
,比 例 区,青山　繁晴,63,自由民主党,新,政策研究所社長,,,http://shiaoyama.com,/senkyo/senkyo2016/carta/C000021X3.htm,http://www.asahi.com/senkyo/senkyo2016/koho/C01.html
,比 例 区,畦元　将吾,58,自由民主党,新,診療放射線技師,,https://www.facebook.com/azemotoshougo,http://ameblo.jp/azemotoaze,/senkyo/senkyo2016/carta/C00001PM9.htm,http://www.asahi.com/senkyo/senkyo2016/koho/C01.html
,比 例 区,阿達　雅志,56,自由民主党,現,〈元〉衆院議員秘書,https://twitter.com/adachi_masashi_,https://www.facebook.com/masashi.adachi.jimin,http://www.masashi-adachi.com/,/senkyo/senkyo2016/carta/C000011G0.htm,http://www.asahi.com/senkyo/senkyo2016/koho/C01.html
,比 例 区,足立　敏之,62,自由民主党,新,〈元〉国交省技監,,,http://www.adachi-toshiyuki.jp/,/senkyo/senkyo2016/carta/C000021CR.htm,http://www.asahi.com/senkyo/senkyo2016/koho/C01.html
,比 例 区,伊藤　洋介,52,自由民主党,新,作家,https://twitter.com/itoyosuke_jp,http://www.facebook.com/itoyosuke.info/,http://www.itoyosuke.info/,/senkyo/senkyo2016/carta/C00001PKC.htm,http://www.asahi.com/senkyo/senkyo2016/koho/C01.html
,比 例 区,今井　絵理子,32,自由民主党,新,歌手,https://twitter.com/Eriko_imai,https://www.facebook.com/ErikoImaiOfficialPage,http://ameblo.jp/eriko--imai/,/senkyo/senkyo2016/carta/C0000213Y.htm,http://www.asahi.com/senkyo/senkyo2016/koho/C01.html
,比 例 区,宇都　隆史,41,自由民主党,現,〈元〉航空自衛官,,https://www.facebook.com/うとたかし事務所生まれ変わるならまた日本がいい-541895205965316/,http://www.utotakashi.jp,/senkyo/senkyo2016/carta/C00001CDA.htm,http://www.asahi.com/senkyo/senkyo2016/koho/C01.html
,比 例 区,大江　康弘,62,自由民主党,元,〈元〉和歌山県議,https://twitter.com/OeYasuhiro,https://www.facebook.com/oe.yasuhiro,http://www.oe-yasuhiro.com/,/senkyo/senkyo2016/carta/CZZZZZ1D0.htm,http://www.asahi.com/senkyo/senkyo2016/koho/C01.html
,比 例 区,小川　克巳,64,自由民主党,新,理学療法士,,https://www.facebook.com/ogawakatsu3/,http://ogawa-katsumi.com,/senkyo/senkyo2016/carta/C000021N1.htm,http://www.asahi.com/senkyo/senkyo2016/koho/C01.html
,比 例 区,片山　さつき,57,自由民主党,現,〈元〉総務政務官,https://twitter.com/katayama_s,https://www.facebook.com/satsukikatayama.fanpage,http://www.satsuki-katayama.com,/senkyo/senkyo2016/carta/C000004GI.htm,http://www.asahi.com/senkyo/senkyo2016/koho/C01.html
,比 例 区,進藤　金日子,53,自由民主党,新,〈元〉農水省課長,,https://www.facebook.com/people/Kanehiko-Shindo/100004379739520,http://www.shindo-noson.jp,/senkyo/senkyo2016/carta/C000021EE.htm,http://www.asahi.com/senkyo/senkyo2016/koho/C01.html
,比 例 区,自見　英子,40,自由民主党,新,日医連参与,,https://www.facebook.com/hanakojimi/,http://www.jimihanako.jp/,/senkyo/senkyo2016/carta/C000021CQ.htm,http://www.asahi.com/senkyo/senkyo2016/koho/C01.html
,比 例 区,園田　修光,59,自由民主党,新,〈元〉衆院議員,https://twitter.com/shuko_sonoda,http://www.facebook.com/sonodashuko,http://sonodashuko.com/,/senkyo/senkyo2016/carta/CZZZZZ0UU.htm,http://www.asahi.com/senkyo/senkyo2016/koho/C01.html
,比 例 区,高階　恵美子,52,自由民主党,現,〈元〉厚労政務官,https://twitter.com/TakagaiEmiko,https://www.facebook.com/takagai.mc.emiko,http://ameblo.jp/takagai-emiko/,/senkyo/senkyo2016/carta/C00001CCU.htm,http://www.asahi.com/senkyo/senkyo2016/koho/C01.html
,比 例 区,徳茂　雅之,54,自由民主党,新,全特相談役,,,http://tokushige-m.jp/,/senkyo/senkyo2016/carta/C000021CO.htm,http://www.asahi.com/senkyo/senkyo2016/koho/C01.html
,比 例 区,藤井　基之,69,自由民主党,現,党政調副会長,https://twitter.com/fujii_motoyuki,https://ja-jp.facebook.com/fujii.jimusyo,http://mfujii.gr.jp/,/senkyo/senkyo2016/carta/CZZZZZ17M.htm,http://www.asahi.com/senkyo/senkyo2016/koho/C01.html
,比 例 区,藤木　真也,49,自由民主党,新,上益城農協長,,,http://www.fujiki-shinya.com,/senkyo/senkyo2016/carta/C0000214I.htm,http://www.asahi.com/senkyo/senkyo2016/koho/C01.html
,比 例 区,堀内　恒夫,68,自由民主党,現,〈元〉プロ野球監督,,,http://www.horisan18.com/top.php,/senkyo/senkyo2016/carta/C00001CEG.htm,http://www.asahi.com/senkyo/senkyo2016/koho/C01.html
,比 例 区,増山　寿一,53,自由民主党,新,〈元〉経産省道局長,,https://www.facebook.com/masuyama.toshikazu.office/,https://masuyama-toshikazu.com/,/senkyo/senkyo2016/carta/C000021CN.htm,http://www.asahi.com/senkyo/senkyo2016/koho/C01.html
,比 例 区,水落　敏栄,73,自由民主党,現,日本遺族会長,,https://www.facebook.com/mizuochi0224,,/senkyo/senkyo2016/carta/CZZZZZ18L.htm,http://www.asahi.com/senkyo/senkyo2016/koho/C01.html
,比 例 区,宮島　喜文,64,自由民主党,新,臨床検査技師,,,http://y-miyajima.com/,/senkyo/senkyo2016/carta/C00002141.htm,http://www.asahi.com/senkyo/senkyo2016/koho/C01.html
,比 例 区,山谷　えり子,65,自由民主党,現,〈元〉拉致担当相,https://twitter.com/yamatanieriko,https://www.facebook.com/yamatanieriko,http://www.yamatani-eriko.com,/senkyo/senkyo2016/carta/CZZZZZ18M.htm,http://www.asahi.com/senkyo/senkyo2016/koho/C01.html
,比 例 区,山田　宏,58,自由民主党,新,〈元〉衆院議員,https://twitter.com/yamazogaikuzo,https://www.facebook.com/yamadahiroshi.page,https://www.yamadahiroshi.com/blog/,/senkyo/senkyo2016/carta/CZZZZZFIL.htm,http://www.asahi.com/senkyo/senkyo2016/koho/C01.html
,比 例 区,,,新党改革,,,,,,,http://www.asahi.com/senkyo/senkyo2016/koho/C01.html
,比 例 区,荒井　広幸,58,新党改革,現,党代表,,,http://arai-hiroyuki.net/xoops/,/senkyo/senkyo2016/carta/CZZZZZ17T.htm,http://www.asahi.com/senkyo/senkyo2016/koho/C01.html
,比 例 区,平山　誠,64,新党改革,前,社団法人理事,https://twitter.com/sangihirayama,https://www.facebook.com/sangihirayama,http://www.team-nippon.com,/senkyo/senkyo2016/carta/C000004UK.htm,http://www.asahi.com/senkyo/senkyo2016/koho/C01.html
,比 例 区,朝倉　秀雄,64,新党改革,新,作家,,,,/senkyo/senkyo2016/carta/C000021TC.htm,http://www.asahi.com/senkyo/senkyo2016/koho/C01.html
,比 例 区,伊藤　淳子,60,新党改革,新,公益法人理事,https://twitter.com/junco,https://www.facebook.com/junco.ito.3,http://ameblo.jp/shibuya1/,/senkyo/senkyo2016/carta/C00001IWG.htm,http://www.asahi.com/senkyo/senkyo2016/koho/C01.html
,比 例 区,大坂　佳巨,45,新党改革,新,除染会社員,,https://www.facebook.com/yoshikiyo.osaka,,/senkyo/senkyo2016/carta/C0000121K.htm,http://www.asahi.com/senkyo/senkyo2016/koho/C01.html
,比 例 区,田中　大助,63,新党改革,新,１級建築士,,,,/senkyo/senkyo2016/carta/C000021SJ.htm,http://www.asahi.com/senkyo/senkyo2016/koho/C01.html
,比 例 区,福田　晃三,39,新党改革,新,飲食店経営,,,,/senkyo/senkyo2016/carta/C000021TM.htm,http://www.asahi.com/senkyo/senkyo2016/koho/C01.html
,比 例 区,藤岡　佳代子,50,新党改革,新,〈元〉結婚支援所員,,,http://藤岡かよこ.com,/senkyo/senkyo2016/carta/C00001PN7.htm,http://www.asahi.com/senkyo/senkyo2016/koho/C01.html
,比 例 区,山田　太郎,49,新党改革,現,〈元〉元気政調会長,https://twitter.com/yamadataro43,https://www.facebook.com/参議院議員-山田太郎-125499384280002/,https://taroyamada.jp,/senkyo/senkyo2016/carta/C00001CKC.htm,http://www.asahi.com/senkyo/senkyo2016/koho/C01.html
,比 例 区,,,日本のこころを大切にする党,,,,,,,http://www.asahi.com/senkyo/senkyo2016/koho/C01.html
,比 例 区,中山　成彬,73,日本のこころを大切にする党,新,〈元〉文科相,,,http://nakayamanariaki.com/,/senkyo/senkyo2016/carta/CZZZZZ0UH.htm,http://www.asahi.com/senkyo/senkyo2016/koho/C01.html
,比 例 区,西村　真悟,68,日本のこころを大切にする党,新,〈元〉衆院議員,,,http://www.n-shingo.com/,/senkyo/senkyo2016/carta/CZZZZZ0N8.htm,http://www.asahi.com/senkyo/senkyo2016/koho/C01.html
,比 例 区,ボギー　てどこん,52,日本のこころを大切にする党,新,ラジオＤＪ,,https://www.facebook.com/bogey.tedokon,http://bogey-tedokon.okinawa/,/senkyo/senkyo2016/carta/C000021NA.htm,http://www.asahi.com/senkyo/senkyo2016/koho/C01.html
,比 例 区,保江　邦夫,64,日本のこころを大切にする党,新,大学教授,,https://www.facebook.com/yasuekuniosecretary,http://www.yasuekunio.jp,/senkyo/senkyo2016/carta/C000021RT.htm,http://www.asahi.com/senkyo/senkyo2016/koho/C01.html
,比 例 区,矢作　直樹,60,日本のこころを大切にする党,新,医師,,,http://yahaginaoki.jp/,/senkyo/senkyo2016/carta/C000021RU.htm,http://www.asahi.com/senkyo/senkyo2016/koho/C01.html
,比 例 区,,,生活の党と山本太郎となかまたち,,,,,,,http://www.asahi.com/senkyo/senkyo2016/koho/C01.html
,比 例 区,青木　愛,50,生活の党と山本太郎となかまたち,元,〈元〉党幹事長代理,,,http://www.aoki-ai.com/,/senkyo/senkyo2016/carta/CZZZZZ0B1.htm,http://www.asahi.com/senkyo/senkyo2016/koho/C01.html
,比 例 区,北出　美翔,30,生活の党と山本太郎となかまたち,新,衆院議員秘書,https://twitter.com/MikaKitade,https://www.facebook.com/mikakitade.dosanko,http://www.mk-dosanko.com,/senkyo/senkyo2016/carta/C00001O0E.htm,http://www.asahi.com/senkyo/senkyo2016/koho/C01.html
,比 例 区,末次　精一,53,生活の党と山本太郎となかまたち,新,〈元〉長崎県議,https://twitter.com/suechandesu,https://www.facebook.com/seiichi.suetsugu,http://ameblo.jp/suetsuguseiichi,/senkyo/senkyo2016/carta/CZZZZZ4EN.htm,http://www.asahi.com/senkyo/senkyo2016/koho/C01.html
,比 例 区,姫井　由美子,57,生活の党と山本太郎となかまたち,元,〈元〉岡山県議,,,http://ameblo.jp/yumiko-himei/,/senkyo/senkyo2016/carta/CZZZZZ3VT.htm,http://www.asahi.com/senkyo/senkyo2016/koho/C01.html
,比 例 区,日吉　雄太,47,生活の党と山本太郎となかまたち,新,公認会計士,https://twitter.com/YutaHiyoshi,https://www.facebook.com/hiyoshiyuta,http://www.hiyoshi-yuta.org,/senkyo/senkyo2016/carta/C00001NZV.htm,http://www.asahi.com/senkyo/senkyo2016/koho/C01.html
,比 例 区,,,民進党,,,,,,,http://www.asahi.com/senkyo/senkyo2016/koho/C01.html
,比 例 区,有田　芳生,64,民進党,現,ジャーナリスト,https://twitter.com/aritayoshifu,https://www.facebook.com/yosihifu.arita,http://www.web-arita.com,/senkyo/senkyo2016/carta/C000011OR.htm,http://www.asahi.com/senkyo/senkyo2016/koho/C01.html
,比 例 区,石橋　通宏,51,民進党,現,党国際局副局長,https://twitter.com/ishibashi2010,https://www.facebook.com/i.michihiro/,http://www.i484.jp/,/senkyo/senkyo2016/carta/C00001C8X.htm,http://www.asahi.com/senkyo/senkyo2016/koho/C01.html
,比 例 区,江崎　孝,59,民進党,現,〈元〉自治労役員,https://twitter.com/etakashi,https://www.facebook.com/takashi.esaki,http://esakitakashi.net,/senkyo/senkyo2016/carta/C00001CC7.htm,http://www.asahi.com/senkyo/senkyo2016/koho/C01.html
,比 例 区,大河原　雅子,63,民進党,前,〈元〉都議,,https://www.facebook.com/ookawaramasako,http://ookawaramasako.com/,/senkyo/senkyo2016/carta/CZZZZZ2FO.htm,http://www.asahi.com/senkyo/senkyo2016/koho/C01.html
,比 例 区,小野　次郎,62,民進党,現,党副代表,https://twitter.com/onojiro,https://www.facebook.com/jiro.ono.50,http://blogonojiro.blog22.fc2.com/,/senkyo/senkyo2016/carta/C000004HR.htm,http://www.asahi.com/senkyo/senkyo2016/koho/C01.html
,比 例 区,鎌谷　一也,63,民進党,新,鳥取畜産農協長,,,,/senkyo/senkyo2016/carta/C000021MT.htm,http://www.asahi.com/senkyo/senkyo2016/koho/C01.html
,比 例 区,川合　孝典,52,民進党,前,ゼンセン顧問,,,http://kawai-takanori.jp,/senkyo/senkyo2016/carta/C000011DS.htm,http://www.asahi.com/senkyo/senkyo2016/koho/C01.html
,比 例 区,小林　正夫,69,民進党,現,電力総連顧問,,,http://www.kobayashimasao.jp/,/senkyo/senkyo2016/carta/CZZZZZ19K.htm,http://www.asahi.com/senkyo/senkyo2016/koho/C01.html
,比 例 区,柴田　巧,55,民進党,現,〈元〉富山県議,,https://www.facebook.com/politician.takumi,http://www.shibatatakumi.com,/senkyo/senkyo2016/carta/CZZZZZ2SQ.htm,http://www.asahi.com/senkyo/senkyo2016/koho/C01.html
,比 例 区,田城　郁,56,民進党,現,〈元〉ＪＲ総連役員,,https://www.facebook.com/kaoru.tashiro01/,http://ameblo.jp/tashiro-kaoru/,/senkyo/senkyo2016/carta/C00001CD6.htm,http://www.asahi.com/senkyo/senkyo2016/koho/C01.html
,比 例 区,田中　直紀,76,民進党,現,〈元〉防衛相,,,http://naoki-tanaka.jp/,/senkyo/senkyo2016/carta/CZZZZZ0ZW.htm,http://www.asahi.com/senkyo/senkyo2016/koho/C01.html
,比 例 区,轟木　利治,56,民進党,前,基幹労連顧問,,https://www.facebook.com/todoroki.tosiharu,http://www.todotoshi.com/,/senkyo/senkyo2016/carta/C000011EI.htm,http://www.asahi.com/senkyo/senkyo2016/koho/C01.html
,比 例 区,那谷屋　正義,58,民進党,現,〈元〉文科政務官,https://twitter.com/NataniyaMasayos,https://www.facebook.com/NataniyaMasayoshi,http://nataniya.jp/,/senkyo/senkyo2016/carta/CZZZZZ19R.htm,http://www.asahi.com/senkyo/senkyo2016/koho/C01.html
,比 例 区,難波　奨二,57,民進党,現,〈元〉郵政労組役員,,https://www.facebook.com/namba.shoji,http://s-namba.jp/,/senkyo/senkyo2016/carta/C00001CDG.htm,http://www.asahi.com/senkyo/senkyo2016/koho/C01.html
,比 例 区,西村　正美,52,民進党,現,日歯連顧問,,https://www.facebook.com/masami.nishimura.smile/,https://www.nishimura-masami.jp/,/senkyo/senkyo2016/carta/CZZZZZ2GD.htm,http://www.asahi.com/senkyo/senkyo2016/koho/C01.html
,比 例 区,白　真勲,57,民進党,現,〈元〉韓国紙支社長,,,http://www.haku-s.net/,/senkyo/senkyo2016/carta/CZZZZZ19T.htm,http://www.asahi.com/senkyo/senkyo2016/koho/C01.html
,比 例 区,浜口　誠,51,民進党,新,自動車総連役員,,https://www.facebook.com/hamaguchimakoto.jp,http://www.hamaguchimakoto.com/,/senkyo/senkyo2016/carta/C0000213Z.htm,http://www.asahi.com/senkyo/senkyo2016/koho/C01.html
,比 例 区,藤川　慎一,52,民進党,新,ＪＡＭ副会長,,https://www.facebook.com/%E8%97%A4%E5%B7%9D%E3%81%97%E3%82%93%E3%81%84%E3%81%A1%E3%82%92%E6%94%AF%E6%8F%B4%E3%81%99%E3%82%8B%E4%BC%9A-950376515013180/,,/senkyo/senkyo2016/carta/C000021BH.htm,http://www.asahi.com/senkyo/senkyo2016/koho/C01.html
,比 例 区,藤末　健三,52,民進党,現,〈元〉総務副大臣,https://twitter.com/fujisue,https://ja-jp.facebook.com/kenzofujisue,http://www.fujisue.net/,/senkyo/senkyo2016/carta/CZZZZZ19W.htm,http://www.asahi.com/senkyo/senkyo2016/koho/C01.html
,比 例 区,前田　武志,78,民進党,現,〈元〉国交相,,https://www.facebook.com/take.mae.5,https://maetake.com,/senkyo/senkyo2016/carta/CZZZZZ19X.htm,http://www.asahi.com/senkyo/senkyo2016/koho/C01.html
,比 例 区,森屋　隆,49,民進党,新,私鉄総連局長,https://twitter.com/pru_moriya,https://www.facebook.com/0628moriyatakashi,http://www.moriya0628.com/index.html,/senkyo/senkyo2016/carta/C000020O3.htm,http://www.asahi.com/senkyo/senkyo2016/koho/C01.html
,比 例 区,矢田　稚子,50,民進党,新,労組副委員長,,,http://yatawaka.com/,/senkyo/senkyo2016/carta/C000021O8.htm,http://www.asahi.com/senkyo/senkyo2016/koho/C01.html
,比 例 区,,,支持政党なし,,,,,,,http://www.asahi.com/senkyo/senkyo2016/koho/C01.html
,比 例 区,佐野　秀光,45,支持政党なし,新,支持なし代表,https://twitter.com/sijinashi,https://www.facebook.com/hidemitsu.sano,http://sanohidemitsu.seesaa.net,/senkyo/senkyo2016/carta/C00001A44.htm,http://www.asahi.com/senkyo/senkyo2016/koho/C01.html
,比 例 区,本藤　昭子,74,支持政党なし,新,〈元〉農業,,,,/senkyo/senkyo2016/carta/C00001A5U.htm,http://www.asahi.com/senkyo/senkyo2016/koho/C01.html
