解説→,https://hackmd.io/OwFgxgnBBmCMsFoBMATaBWBIkEMUKgA5EAGCFAUwDYwkR0SBmdIA,,,,,,,,,,,,,,,,,,,,,,,,,,,,,,更新予定と実績,,,Wikidataの更新、登録（現時点ではいったん作業停止）,,
,,,,,,,,,,,,,,,,,,,,,,,,,,,,,,,,,,,,
Wikidata ID,name,name in hiragana,party short name,current position,prefecuture code for sort key,area 1(proportionally represented constituency),area 2(small electoral district),candidacy in election,elected in,gender,birthday,age(calculated),,Facebook profile ID,official Facebook page,LINE,YouTube channel ID,official site,e-mail,official blog,described at URL,place of birth,biography,occupation,position held,father,spouse,memorandom,Wikidata ID（参考情報）,Wikipedia URL（参考情報）,,,,,,
wikdiata_concept,label,,Q7278,,Q646425,Q13365595,Q1052894,P3602,P2715,P21,P569,,P2002,P2013,P4003,P554-P553,P2397,P856,P968,P1581,P973,P19,P69,P106,P39,P22,P26,,,,,,,,,
wikidata,名前,かな,政党,前回,都道府県,比例区,小選挙区,過去の立候補歴,過去の当選歴,性別,誕生日,年齢,twitter,フェイスブックID,公式Facebookページ,LINEアカウント,youtube channel,公式サイト,メールアドレス,公式ブログ,詳細情報URL,出生地,学歴,職歴,公職,父親,配偶者,メモ,Wikidata URL,Wikipedia URL,担当,予定日,完了日,担当,予定日,完了日
,あかま二郎,,自民,現職,14,,神奈川県 14区,,,,,,,,,,,,,,,,,,,,,,,,,,,,,
,うえの賢一郎,,自民,現職,25,,滋賀県 2区,,,,,,,,,,,,,,,,,,,,,,,,,,,,,
,こわだ康文,,維新,,,,,,,,,,,,,,,,,,,,,,,,,,,,,,,,,
,ふくだ峰之,,希望,現職,,南関東ブロック,,,,,,,,,,,,,,,,,,,,,,,,,,,,,,
,一條芳弘,いちじょうよしひろ,希望,,4,,宮城県 3区,,,,1971-06-17,46,,,,,,http://ichijoyoshihiro.com/,,,,,,,,,,,,,,,,,,
,一色一正,,共産,,38,,愛媛県 2区,,,,,,,,,,,,,,,,,,,,,,,,,,,,,
,三和智之,,共産,,27,,大阪府 11区,,,,,,1975_miwa,https://www.facebook.com/tomoyuki.miwa3,,,,,,,,,,,,,,,,,,,,,,
,三国佑貴,,幸福,,2,,青森県 3区,,,,,,,,,,,,,,,,,,,,,,,,,,,,,
,三角創太,,民進,,11,,埼玉県 13区,,,,,,,,,,,,,,,,,,,,,,,,,,,,,
,上杉謙太郎,,自民,,7,,福島県 3区,,,,,,,,,,,,,,,,,,,,,,,,,,,,,
,上村泰稔,,共産,,41,,佐賀県 1区,,,,,,,https://www.facebook.com/vasutoshi.kamimura,,,,,,,,,,,,,,,,,,,,,,
,上條亮一,,共産,,26,,京都府 6区,,,,,,,,,,,,,,,,,,,,,,,,,,,,,
,上田幸子,,共産,,28,,兵庫県 7区,,,,,,,,,,,,,,,,,,,,,,,,,,,,,
,上田敦子,,幸福,,44,,大分県 2区,,,,,,,,,,,,,,,,,,,,,,,,,,,,,
,上野公悦,,共産,,15,,新潟県 6区,,,,,,,,,,,,,,,,,,,,,,,,,,,,,
,上野洋嗣,,共産,,12,,千葉県 2区,,,,,,,,,,,,,,,,,,,,,,,,,,,,,
,下地玲子,,幸福,,47,,沖縄県 1区,,,,,,,,,,,,,,,,,,,,,,,,,,,,,
,下島良一,,共産,,23,,愛知県 13区,,,,,,,,,,,,,,,,,,,,,,,,,,,,,
,下村雅洋,,共産,,30,,和歌山県 2区,,,,,,,,,,,,,,,,,,,,,,,,,,,,,
,中岡茉妃,,幸福,,13,,東京都 6区,,,,,,,,,,,,,,,,,,,,,,,,,,,,,
,中島徹,,幸福,,41,,佐賀県 1区,,,,,,,,,,,,,,,,,,,,,,,,,,,,,
,中嶋康介,,民進,,20,,長野県 5区,,,,,,,,,,,,,,,,,,,,,,,,,,,,,
,中川民英,,共産,,24,,三重県 1区,,,男性,1967-9-16,50,tamihide123456,https://www.facebook.com/tamihide.nakagawa,,,,http://blog.goo.ne.jp/jcp-mie_nakagawa,,,,,茨城大学大学院（農学）,,,,,,,,,,,,,
,中曽根康隆,,無所属,,10,,群馬県 1区,,,,,,,,,,,,,,,,,,,,,,,,,,,,,
,中石仁,,共産,,34,,広島県 4区,,,,,,,,,,,,,,,,,,,,,,,,,,,,,
,中谷一馬,,民進,,14,,神奈川県 7区,,,,,,,,,,,,,,,,,,,,,,,,,,,,,
,中野渡旬,,共産,,14,,神奈川県 14区,,,,,,,,,,,,,,,,,,,,,,,,,,,,,
,串田真吾,,共産,,23,,愛知県 15区,,,,,,,,,,,,,,,,,,,,,,,,,,,,,
,串田誠一,,維新,,14,,神奈川県 6区,,,,,,,,,,,,,,,,,,,,,,,,,,,,,
,久保孝之,,共産,,36,,徳島県 2区,,,男性,,,,https://www.facebook.com/jcp.tokushima,,,,,,,,,,,,,,,,,,,,,,
,亀井亜紀子,,民進,,32,,島根県 1区,,,,,,,,,,,,,,,,,,,,,,,,,,,,,
,五十嵐健彦,,共産,,15,,新潟県 4区,,,,,,,,,,,,,,,,,,,,,,,,,,,,,
,五島博,,共産,,35,,山口県 1区,,,,,,,,,,,,,,,,,,,,,,,,,,,,,
,井上宣,,共産,,13,,東京都 25区,,,,,,,,,,,,,,,,,,,,,,,,,,,,,
,井上良子,,共産,,29,,奈良県 1区,,,,,,,,,,,,,,,,,,,,,,,,,,,,,
,井上諭,,共産,,21,,岐阜県 3区,,,,,,,,,,,,,,,,,,,,,,,,,,,,,
,井口昌彦,,共産,,22,,静岡県 5区,,,,,,,,,,,,,,,,,,,,,,,,,,,,,
,井桁亮,,こころ,,23,,愛知県 5区,,,,,,,,,,,,,,,,,,,,,,,,,,,,,
,井福美年,,共産,,45,,宮崎県 3区,,,,,,,,,,,,,,,,,,,,,,,,,,,,,
,今井基之,,民進,,16,,富山県 1区,,,,,,,,,,,,,,,,,,,,,,,,,,,,,
,今村あゆみ,,共産,,14,,神奈川県 6区,,,,,,,,,,,,,,,,,,,,,,,,,,,,,
,伊神健雄,,無所属,,23,,愛知県 10区,,,,,,,,,,,,,,,,,,,,,,,,,,,,,
,伊藤俊輔,,維新,,13,,東京都 23区,,,,,,,,,,,,,,,,,,,,,,,,,,,,,
,伊藤正樹,,民進,,13,,東京都 17区,,,男性,,,itomasaki,,,,,,,,,,,,,,,,,,,,,,,
,伊藤誠,,共産,,15,,新潟県 3区,,,,,,,,,,,,,,,,,,,,,,,,,,,,,
,伊藤達也,,共産,,10,,群馬県 5区,,,,,,tatsuya_jcp,https://www.facebook.com/tatsuya.jcp.g,,,,,,,,,,,,,,,,,,,,,,
,佐々木とし子,,共産,,1,,北海道 11区,,,,,,,,,,,,,,,,,,,,,,,,,,,,,
,佐々木克己,,社民,,14,,神奈川県 15区,,,,,,,,,,,,,,,,,,,,,,,,,,,,,
,佐々木明美,,共産,,1,,北海道 4区,,,,,,,,,,,,,,,,,,,,,,,,,,,,,
,佐伯哲也,,維新,,21,,岐阜県 4区,,,,,,,,,,,,,,,,,,,,,,,,,,,,,
,佐藤克之,,共産,,4,,宮城県 2区,,,男性,,,,,,,,,,,,,,,,,,,,,,,,,,
,佐藤広典,,民進,,34,,広島県 7区,,,,,,,,,,,,,,,,,,,,,,,,,,,,,
,佐藤泰樹,,民進,,28,,兵庫県 4区,,,,,,,,,,,,,,,,,,,,,,,,,,,,,
,佐藤清,,共産,,14,,神奈川県 4区,,,男性,,,,,,,,,,,,,,,,,,,,,,,,,,
,余江雪央,,共産,,33,,岡山県 1区,,,,,,,,,,,,,,,,,,,,,,,,,,,,,
,内田豊,,共産,,22,,静岡県 6区,,,,,,,,,,,,,,,,,,,,,,,,,,,,,
,内藤弘一,,共産,,24,,三重県 2区,,,,,,,,,,,,,,,,,,,,,,,,,,,,,
,冨士谷香恵子,,共産,,28,,兵庫県 3区,,,,,,,,,,,,,,,,,,,,,,,,,,,,,
,冨田直樹,,共産,,13,,東京都 1区,,,,,,,,,,,,,,,,,,,,,,,,,,,,,
,前田順一郎,,民進,,13,,東京都 11区,,,,,,,,,,,,,,,,,,,,,,,,,,,,,
,加藤リカ,,共産,,14,,神奈川県 8区,,,,,,,,,,,,,,,,,,,,,,,,,,,,,
,加藤太一,,共産,,6,,山形県 3区,,,,,,,,,,,,,,,,,,,,,,,,,,,,,
,加藤寛治,,自民,現職,42,,長崎県 2区,,,男性,,,,,,,,,,,,,,,,,,,,,,,,,,
,加藤高明,,民進,,33,,岡山県 5区,,,男性,,,,,,,,,,,,,,,,,,,,,,,,,,
,北山良三,,共産,,27,,大阪府 5区,,,,,,,,,,,,,,,,,,,,,,,,,,,,,
,北村みき,,共産,,27,,大阪府 19区,,,,,,,,,,,,,,,,,,,,,,,,,,,,,
,北條智彦,,民進,,13,,東京都 13区,,,,,,,,,,,,,,,,,,,,,,,,,,,,,
,原口実季,,幸福,,13,,東京都 1区,,,,,,,,,,,,,,,,,,,,,,,,,,,,,
,原圭助,,民進,,40,,福岡県 7区,,,,,,,,,,,,,,,,,,,,,,,,,,,,,
,原矢寸久,,共産,,30,近畿,和歌山県 1区,,,,,,,,,,,http://kiihanto.exblog.jp/,,,,,,,,,,,,,,,,,,
,原純子,,共産,,13,,東京都 9区,,,,,,,,,,,,,,,,,,,,,,,,,,,,,
,及川幸久,,幸福,,20,,長野県 3区,,,,,,,,,,,,,,,,,,,,,,,,,,,,,
,古川芳憲,,共産,,7,,福島県 4区,,,,,,,,,,,,,,,,,,,,,,,,,,,,,
,古沢喜幸,,共産,,8,,茨城県 6区,,,,,,,,,,,,,,,,,,,,,,,,,,,,,
,吉井利光,,幸福,,13,,東京都 10区,,,,,,,,,,,,,,,,,,,,,,,,,,,,,
,吉川元,,社民,現職,,九州ブロック,,,,,,,,,,,,,,,,,,,,,,,,,,,,,,
,吉田剛,,共産,,4,,宮城県 3区,,,男性,,,,,,,,,,,,,,,,,,,,,,,,,,
,吉田宣弘,,公明,現職,,九州ブロック,,,,,,,,,,,,,,,,,,,,,,,,,,,,,,
,吉田年男,,共産,,13,,東京都 15区,,,,,,,,,,,,,,,,,,,,,,,,,,,,,
,吉田幸一,,共産,,26,,京都府 4区,,,,,,,,,,,,,,,,,,,,,,,,,,,,,
,吉田恭子,,共産,,3,,岩手県 1区,,,,,,,,,,,,,,,,,,,,,,,,,,,,,
,吉田晴美,,民進,,13,,東京都 8区,,,,,,,,,,,,,,,,,,,,,,,,,,,,,
,吉田芳朝,,民進,,11,,埼玉県 4区,,,,,,,,,,,,,,,,,,,,,,,,,,,,,
,吉田里江,,民進,,21,,岐阜県 1区,,,,,,,,,,,,,,,,,,,,,,,,,,,,,
,吉見秋彦,,共産,,28,,兵庫県 6区,,,,,,,,,,,,,,,,,,,,,,,,,,,,,
,吉野忠男,,維新,,29,,奈良県 1区,,,,,,,,,,,,,,,,,,,,,,,,,,,,,
,向瀬慎一,,共産,,32,,島根県 2区,,,,,,,,,,,,,,,,,,,,,,,,,,,,,
,和田要,,社民,,43,,熊本県 2区,,,,,,,,,,,,,,,,,,,,,,,,,,,,,
,四ツ谷恵,,共産,,22,,静岡県 2区,,,,,,,,,,,,,,,,,,,,,,,,,,,,,
,国光文乃,,自民,,8,,茨城県 6区,,,,,,,,,,,,,,,,,,,,,,,,,,,,,
,国場幸之助,,自民,,47,,沖縄県 1区,,,,,,,,,,,,,,,,,,,,,,,,,,,,,
,国田睦,,共産,,38,,愛媛県 3区,,,,,,,,,,,,,,,,,,,,,,,,,,,,,
,土岐一郎,,共産,,37,,香川県 3区,,,,,,,,,,,,,,,,,,,,,,,,,,,,,
,地坂拓晃,,共産,,26,,京都府 2区,,,,,,,,,,,,,,,,,,,,,,,,,,,,,
,圷孝行,,労働,,14,,神奈川県 11区,,,,,,,,,,,,,,,,,,,,,,,,,,,,,
,坂本洋史,,共産,,16,,富山県 3区,,,,,,,,,,,,,,,,,,,,,,,,,,,,,
,坂本麻貴,,幸福,,24,,三重県 3区,,,,,,,,,,,,,,,,,,,,,,,,,,,,,
,坂東毅彦,,民進,,4,,宮城県 4区,,,,,,,,,,,,,,,,,,,,,,,,,,,,,
,坂田隆徳,,民進,,30,,和歌山県 2区,,,,,,,,,,,,,,,,,,,,,,,,,,,,,
,垣内京美,,共産,,33,,岡山県 2区,,,,,,,,,,,,,,,,,,,,,,,,,,,,,
,城取良太,,幸福,,6,,山形県 3区,,,,,,,,,,,,,,,,,,,,,,,,,,,,,
,堀江鶴治,,共産,,8,,茨城県 4区,,,,,,,,,,,,,,,,,,,,,,,,,,,,,
,堀譲,,共産,,28,,兵庫県 12区,,,,,,,,,,,,,,,,,,,,,,,,,,,,,
,塚田成幸,,共産,,31,,鳥取県 1区,,,,,,,,,,,,,,,,,,,,,,,,,,,,,
,壱岐愛子,,幸福,,14,,神奈川県 3区,,,,,,,,,,,,,,,,,,,,,,,,,,,,,
,多ケ谷亮,,民進,,12,,千葉県 11区,,,,,,,,,,,,,,,,,,,,,,,,,,,,,
,大久保令子,,共産,,19,,山梨県 2区,,,,,,,,,,,,,,,,,,,,,,,,,,,,,
,大内一也,,民進,,35,,山口県 1区,,,,,,,,,,,,,,,,,,,,,,,,,,,,,
,大内久美子,,共産,,8,,茨城県 1区,,,,,,,,,,,,,,,,,,,,,,,,,,,,,
,大塚光義,,共産,,44,,大分県 3区,,,,,,,,,,,,,,,,,,,,,,,,,,,,,
,大森斉,,共産,,41,,佐賀県 2区,,,,,,,,,,,,,,,,,,,,,,,,,,,,,
,大椙鉄夫,,共産,,28,,兵庫県 4区,,,,,,,,,,,,,,,,,,,,,,,,,,,,,
,大石宗,,民進,,39,,高知県 1区,,,,,,,,,,,,,,,,,,,,,,,,,,,,,
,大西理,,共産,,34,,広島県 1区,,,,,,,,,,,,,,,,,,,,,,,,,,,,,
,大西航,,共産,,12,,千葉県 12区,,,,,,,,,,,,,,,,,,,,,,,,,,,,,
,大見正,,自民,現職,,東海ブロック,,,,,,,,,,,,,,,,,,,,,,,,,,,,,,
,大貫清文,,共産,,14,,神奈川県 2区,,,,,,,,,,,,,,,,,,,,,,,,,,,,,
,大野宙光,,共産,,23,,愛知県 1区,,,,,,,,,,,,,,,,,,,,,,,,,,,,,
,大野隆,,共産,,12,,千葉県 1区,,,,,,,,,,,,,,,,,,,,,,,,,,,,,
,太栄志,,民進,,14,,神奈川県 13区,,,,,,,,,,,,,,,,,,,,,,,,,,,,,
,奥下剛光,,維新,,27,,大阪府 7区,,,,,,,,,,,,,,,,,,,,,,,,,,,,,
,奥本菜保巳,,共産,,2,,青森県 2区,,,,,,,,,,,,,,,,,,,,,,,,,,,,,
,姜英紀,,民進,,27,,大阪府 13区,,,,,,,,,,,,,,,,,,,,,,,,,,,,,
,安部一真,,民進,,8,,茨城県 3区,,,,,,,,,,,,,,,,,,,,,,,,,,,,,
,宮元智,,幸福,,17,,石川県 2区,,,,,,,,,,,,,,,,,,,,,,,,,,,,,
,宮内現,,共産,,19,,山梨県 1区,,,,,,,,,,,,,,,,,,,,,,,,,,,,,
,宮地勲,,共産,,23,,愛知県 11区,,,,,,,,,,,,,,,,,,,,,,,,,,,,,
,宮崎一博,,無所属,,46,,鹿児島県 1区,,,,,,,,,,,,,,,,,,,,,,,,,,,,,
,宮嶋つや子,,共産,,40,,福岡県 8区,,,,,,,,,,,,,,,,,,,,,,,,,,,,,
,宮川伸,,民進,,12,,千葉県 13区,,,,,,,,,,,,,,,,,,,,,,,,,,,,,
,宮本栄,,共産,,13,,東京都 5区,,,,,,,,,,,,,,,,,,,,,,,,,,,,,
,宮澤博行,,自民,現職,22,,静岡県 3区,,,,,,,,,,,,,,,,,,,,,,,,,,,,,
,宮路拓馬,,自民,現職,,九州ブロック,,,,,,,,,,,,,,,,,,,,,,,,,,,,,,
,富井寿一,,民進,,45,,宮崎県 2区,,,,,,,,,,,,,,,,,,,,,,,,,,,,,
,富川泰全,,幸福,,47,,沖縄県 4区,,,,,,,,,,,,,,,,,,,,,,,,,,,,,
,富永喜代,,民進,,38,,愛媛県 1区,,,,,,,,,,,,,,,,,,,,,,,,,,,,,
,小倉将信,,自民,,13,,東京都 23区,,,,,,,,,,,,,,,,,,,,,,,,,,,,,
,小和田康文,,維新,,1,,北海道 2区,,,,,,,,,,,,,,,,,,,,,,,,,,,,,
,小堤東,,共産,,13,,東京都 11区,,,,,,,,,,,,,,,,,,,,,,,,,,,,,
,小寺裕雄,,自民,,25,,滋賀県 4区,,,,,,,,,,,,,,,,,,,,,,,,,,,,,
,小島敏文,,自民,現職,,中国ブロック,,,,,,,,,,,,,,,,,,,,,,,,,,,,,,
,小川泰江,,民進,,25,,滋賀県 3区,,,,,,,,,,,,,,,,,,,,,,,,,,,,,
,小松久,,共産,,27,,大阪府 14区,,,男性,,,,,,,,,,,,,,,,,,,,,,,,,,
,小林学,,維新,,13,東京都ブロック,東京都 5区,,,,,,,,,,,,,,,,,,,,,,,,,,,,,
,小林弘幸,,民進,,19,,山梨県 2区,,,,,,,,,,,,,,,,,,,,,,,,,,,,,
,小林解子,,共産,,40,,福岡県 6区,,,,,,,,,,,,,,,,,,,,,,,,,,,,,
,小池一徳,,共産,,9,,栃木県 2区,,,,,,,,,,,,,,,,,,,,,,,,,,,,,
,小野里定良,,共産,,12,,千葉県 8区,,,,,,,,,,,,,,,,,,,,,,,,,,,,,
,小金沢由佳,,共産,,20,,長野県 3区,,,,,,,,,,,,,,,,,,,,,,,,,,,,,
,小関祥子,,共産,,21,,岐阜県 5区,,,,,,,,,,,,,,,,,,,,,,,,,,,,,
,尾崎光,,共産,,34,,広島県 5区,,,,,,,,,,,,,,,,,,,,,,,,,,,,,
,尾崎宏子,,共産,,33,,岡山県 3区,,,,,,,,,,,,,,,,,,,,,,,,,,,,,
,山下容子,,民進,,13,,東京都 25区,,,,,,,,,,,,,,,,,,,,,,,,,,,,,
,山元建,,共産,,27,,大阪府 9区,,,,,,,,,,,,,,,,,,,,,,,,,,,,,
,山内健,,共産,,26,,京都府 5区,,,,,,,,,,,,,,,,,,,,,,,,,,,,,
,山内崇,,民進,,2,,青森県 3区,,,,,,,,,,,,,,,,,,,,,,,,,,,,,
,山口壯,,自民,現職,28,,兵庫県 12区,,,,,,,,,,,,,,,,,,,,,,,,,,,,,
,山口広延,,共産,,46,,鹿児島県 1区,,,,,,,,,,,,,,,,,,,,,,,,,,,,,
,山口湧人,,共産,,40,,福岡県 3区,,,,,,,,,,,,,,,,,,,,,,,,,,,,,
,山口陽規,,共産,,46,,鹿児島県 3区,,,,,,,,,,,,,,,,,,,,,,,,,,,,,
,山岡達丸,,民進,,1,,北海道 9区,,,,,,,,,,,,,,,,,,,,,,,,,,,,,
,山崎寿彦,,共産,,9,,栃木県 4区,,,,,,,,,,,,,,,,,,,,,,,,,,,,,
,山崎彰,,社民,,16,,富山県 2区,,,,,,,,,,,,,,,,,,,,,,,,,,,,,
,山川百合子,,民進,,11,,埼玉県 3区,,,,,,,,,,,,,,,,,,,,,,,,,,,,,
,山本千代子,,共産,,36,,徳島県 1区,,,,,,,,,,,,,,,,,,,,,,,,,,,,,
,山本悠子,,共産,,11,,埼玉県 5区,,,,,,,,,,,,,,,,,,,,,,,,,,,,,
,山本拓,,自民,現職,,北陸信越ブロック,,,,,,,,,,,,,,,,,,,,,,,,,,,,,,
,山田満,,共産,,25,,滋賀県 2区,,,男性,,,,,,,,,,,,,,,,,,,,,,,,,,
,山越徹,,共産,,21,,岐阜県 1区,,,,,,,,,,,,,,,,,,,,,,,,,,,,,
,岡崎裕,,共産,,14,,神奈川県 13区,,,,,,,,,,,,,,,,,,,,,,,,,,,,,
,岡本章子,,無所属,,4,,宮城県 1区,,,,,,,,,,,,,,,,,,,,,,,,,,,,,
,岡部光規,,民進,,7,,福島県 2区,,,,,,,,,,,,,,,,,,,,,,,,,,,,,
,岩本康嗣,,共産,,6,,山形県 2区,,,,,,,,,,,,,,,,,,,,,,,,,,,,,
,岩田剛,,共産,,32,,島根県 1区,,,,,,,,,,,,,,,,,,,,,,,,,,,,,
,岩田和親,,自民,現職,,九州ブロック,,,,,,,,,,,,,,,,,,,,,,,,,,,,,,
,岸武志,,共産,,13,,東京都 6区,,,,,,,,,,,,,,,,,,,,,,,,,,,,,
,岸良信,,共産,,13,,東京都 10区,,,,,,,,,,,,,,,,,,,,,,,,,,,,,
,島﨑保臣,,共産,,39,,高知県 2区,,,,,,,,,,,,,,,,,,,,,,,,,,,,,
,嶋田初江,,共産,,22,,静岡県 8区,,,,,,,,,,,,,,,,,,,,,,,,,,,,,
,川上均,,共産,,9,,栃木県 5区,,,,,,,,,,,,,,,,,,,,,,,,,,,,,
,川崎篤子,,共産,,8,,茨城県 5区,,,,,,,,,,,,,,,,,,,,,,,,,,,,,
,川戸康嗣,,民進,,27,,大阪府 18区,,,,,,,,,,,,,,,,,,,,,,,,,,,,,
,川辺賢一,,幸福,,8,,茨城県 1区,,,,,,,,,,,,,,,,,,,,,,,,,,,,,
,川部竜二,,共産,,1,,北海道 3区,,,,,,,,,,,,,,,,,,,,,,,,,,,,,
,工藤武司,,民進,,2,,青森県 2区,,,,,,,,,,,,,,,,,,,,,,,,,,,,,
,市川佳子,,民進,,14,,神奈川県 10区,,,,,,,,,,,,,,,,,,,,,,,,,,,,,
,平井たくや,,自民,現職,37,,香川県 1区,,,,,,,,,,,,,,,,,,,,,,,,,,,,,
,平善彦,,共産,,7,,福島県 2区,,,,,,,,,,,,,,,,,,,,,,,,,,,,,
,平山良平,,社民,,23,,愛知県 1区,,,,,,,,,,,,,,,,,,,,,,,,,,,,,
,平川道也,,共産,,11,,埼玉県 2区,,,,,,,,,,,,,,,,,,,,,,,,,,,,,
,平松順子,ひらまつ じゅんこ,共産,,28,,兵庫県 2区,,,女性,1949/10/11,67,jhiramatu,,,,,,,,,,,,,,,http://www.jcp.or.jp/web_senkyo/cat1/cat128/,,,,,,,,
,平林明成,,共産,,33,,岡山県 4区,,,,,,,,,,,,,,,,,,,,,,,,,,,,,
,平野厚子,,共産,,11,,埼玉県 3区,,,,,,,,,,,,,,,,,,,,,,,,,,,,,
,広次忠彦,,共産,,44,,大分県 1区,,,,,,,,,,,,,,,,,,,,,,,,,,,,,
,広野允士,,自由,,16,,富山県 1区,,,,,,,,,,,,,,,,,,,,,,,,,,,,,
,店橋世津子,,共産,,10,,群馬県 1区,,,,,,,,,,,,,,,,,,,,,,,,,,,,,
,恵飛須圭二,,民進,,34,,広島県 4区,,,,,,,,,,,,,,,,,,,,,,,,,,,,,
,戸井田真太郎,,自由,,28,,兵庫県 11区,,,,,,,,,,,,,,,,,,,,,,,,,,,,,
,戸口佐一,,共産,,11,,埼玉県 6区,,,,,,,,,,,,,,,,,,,,,,,,,,,,,
,戸津川永,,共産,,4,,宮城県 4区,,,,,,,,,,,,,,,,,,,,,,,,,,,,,
,所進,,共産,,29,,奈良県 3区,,,,,,,,,,,,,,,,,,,,,,,,,,,,,
,手塚大輔,,維新,,20,,長野県 2区,,,,,,,,,,,,,,,,,,,,,,,,,,,,,
,数森圭吾,,幸福,,27,,大阪府 5区,,,,,,,,,,,,,,,,,,,,,,,,,,,,,
,斉藤大悟,,共産,,5,,秋田県 1区,,,,,,,,,,,,,,,,,,,,,,,,,,,,,
,斉藤幸子,,共産,,25,,滋賀県 1区,,,,,,,,,,,,,,,,,,,,,,,,,,,,,
,斎藤健,,自民,,12,,千葉県 7区,,,,,,,,,,,,,,,,,,,,,,,,,,,,,
,斎藤朝興,,共産,,7,,福島県 1区,,,,,,,,,,,,,,,,,,,,,,,,,,,,,
,斎藤温,,共産,,14,,神奈川県 9区,,,,,,,,,,,,,,,,,,,,,,,,,,,,,
,新井富美子,,民進,,40,,福岡県 6区,,,,,,,,,,,,,,,,,,,,,,,,,,,,,
,新井杉生,,共産,,13,,東京都 17区,,,,,,,,,,,,,,,,,,,,,,,,,,,,,
,新居真,,共産,,27,,大阪府 8区,,,,,,,,,,,,,,,,,,,,,,,,,,,,,
,新町美千代,,共産,,28,,兵庫県 9区,,,,,,,,,,,,,,,,,,,,,,,,,,,,,
,新留清隆,,共産,,40,,福岡県 4区,,,,,,,,,,,,,,,,,,,,,,,,,,,,,
,早稲田夕季,,民進,,14,,神奈川県 4区,,,,,,,,,,,,,,,,,,,,,,,,,,,,,
,明石行夫,,共産,,14,,神奈川県 1区,,,,,,,,,,,,,,,,,,,,,,,,,,,,,
,星健太郎,,維新,,12,,千葉県 6区,,,,,,,,,,,,,,,,,,,,,,,,,,,,,
,星野文雄,,共産,,8,,茨城県 2区,,,,,,,,,,,,,,,,,,,,,,,,,,,,,
,月東義博,,共産,,23,,愛知県 5区,,,,,,,,,,,,,,,,,,,,,,,,,,,,,
,服部良一,,社民,,27,,大阪府 3区,,,男性,,,,,,,,,,,,,,,,,,,,,,,,,,
,朝賀英義,,共産,,11,,埼玉県 4区,,,,,,,,,,,,,,,,,,,,,,,,,,,,,
,木下順子,,幸福,,43,,熊本県 2区,,,,,,,,,,,,,,,,,,,,,,,,,,,,,
,木村哲也,,自民,,12,,千葉県 4区,,,,,,,,,,,,,,,,,,,,,,,,,,,,,
,木村次郎,,自民,,2,,青森県 3区,,,,,,,,,,,,,,,,,,,,,,,,,,,,,
,末次精一,,自由,,42,,長崎県 3区,,,,,,,,,,,,,,,,,,,,,,,,,,,,,
,本田太郎,,自民,,26,,京都府 5区,,,,,,,,,,,,,,,,,,,,,,,,,,,,,
,本田正和,,共産,,17,,石川県 2区,,,,,,,,,,,,,,,,,,,,,,,,,,,,,
,本間勝美,,共産,,1,,北海道 8区,,,,,,,,,,,,,,,,,,,,,,,,,,,,,
,杉下茂雄,,共産,,13,,東京都 19区,,,,,,,,,,,,,,,,,,,,,,,,,,,,,
,杉村慎治,,民進,,11,,埼玉県 9区,,,,,,,,,,,,,,,,,,,,,,,,,,,,,
,村上史好,,自由,,27,,大阪府 6区,,,,,,,,,,,,,,,,,,,,,,,,,,,,,
,村上智信,,無所属,,40,,福岡県 11区,,,,,,,,,,,,,,,,,,,,,,,,,,,,,
,村上賀厚,,民進,,27,,大阪府 1区,,,,,,,,,,,,,,,,,,,,,,,,,,,,,
,村口久美子,,共産,,27,,大阪府 7区,,,,,,,,,,,,,,,,,,,,,,,,,,,,,
,松井博史,,民進,,27,,大阪府 8区,,,,,,,,,,,,,,,,,,,,,,,,,,,,,
,松井秀明,,共産,,4,,宮城県 1区,,,,,,,,,,,,,,,,,,,,,,,,,,,,,
,松尾勉,,民進,,22,,静岡県 2区,,,,,,,,,,,,,,,,,,,,,,,,,,,,,
,松尾律子,,共産,,40,,福岡県 2区,,,,,,,,,,,,,,,,,,,,,,,,,,,,,
,松尾明弘,,民進,,13,,東京都 2区,,,,,,,,,,,,,,,,,,,,,,,,,,,,,
,松尾正利,,共産,,27,,大阪府 12区,,,,,,,,,,,,,,,,,,,,,,,,,,,,,
,松木けんこう,,民進,現職,1,北海道ブロック,,,,,,,,,,,,,,,,,,,,,,,,,,,,,,
,松本隆,,共産,,45,,宮崎県 1区,,,,,,,,,,,,,,,,,,,,,,,,,,,,,
,松本顕治,,共産,,39,,高知県 1区,,,,,,,,,,,,,,,,,,,,,,,,,,,,,
,松村亮佑,,共産,,13,,東京都 23区,,,,,,,,,,,,,,,,,,,,,,,,,,,,,
,松橋千春,,共産,,1,,北海道 9区,,,,,,,,,,,,,,,,,,,,,,,,,,,,,
,松浦喜芳,,共産,,22,,静岡県 3区,,,,,,,,,,,,,,,,,,,,,,,,,,,,,
,松田一志,,共産,,35,,山口県 2区,,,,,,,,,,,,,,,,,,,,,,,,,,,,,
,板倉正文,,共産,,23,,愛知県 10区,,,,,,,,,,,,,,,,,,,,,,,,,,,,,
,林京,,共産,,8,,茨城県 3区,,,,,,,,,,,,,,,,,,,,,,,,,,,,,
,林秀洋,,共産,,11,,埼玉県 12区,,,,,,,,,,,,,,,,,,,,,,,,,,,,,
,柴山昇,,共産,,27,,大阪府 1区,,,,,,,,,,,,,,,,,,,,,,,,,,,,,
,柴岡祐真,,共産,,11,,埼玉県 11区,,,,,,,,,,,,,,,,,,,,,,,,,,,,,
,桜井周,,民進,,28,,兵庫県 6区,,,,,,,,,,,,,,,,,,,,,,,,,,,,,
,梅村さえこ,,共産,現職,,北関東ブロック,,,,,,,,,,,,,,,,,,,,,,,,,,,,,,
,梅谷守,,民進,,15,,新潟県 6区,,,,,,,,,,,,,,,,,,,,,,,,,,,,,
,森夏枝,,維新,,26,,京都府 3区,,,,,,,,,,,,,,,,,,,,,,,,,,,,,
,森山佳則,,幸福,,1,,北海道 5区,,,,,,,,,,,,,,,,,,,,,,,,,,,,,
,森山裕,,自民,現職,46,,鹿児島県 5区,,,,,,,,,,,,,,,,,,,,,,,,,,,,,
,森本康仁,,民進,,43,,熊本県 3区,,,,,,,,,,,,,,,,,,,,,,,,,,,,,
,森村広,,民進,,27,,大阪府 9区,,,,,,,,,,,,,,,,,,,,,,,,,,,,,
,森桜房義,,共産,,21,,岐阜県 2区,,,,,,,,,,,,,,,,,,,,,,,,,,,,,
,森田俊和,,民進,,11,,埼玉県 12区,,,,,,,,,,,,,,,,,,,,,,,,,,,,,
,森田浩二,,幸福,,38,,愛媛県 3区,,,,,,,,,,,,,,,,,,,,,,,,,,,,,
,森英士,もり つねと,共産,,1,,北海道 1区,"衆院道小選挙区３区(2012年)
第23回参議院議員通常選挙(2013年、得票：272,102)
道議選白石区選挙区(2015年)
参院道選挙区(2016年)",,男性,1978/01/20,39,tsunetomori,,,,,,,http://morimori.blog-mmo.com/,,,"東川下小学校(-1990)
北都中学校(-1993)
北広島西高校(-1996)
北海道東海大学 国際文化学部(-2000)",,,,,http://www.j-giin.jp/detail/877/,,,higa4,10/7,10/7,,,
,椎名史明,,共産,,12,,千葉県 11区,,,,,,,,,,,,,,,,,,,,,,,,,,,,,
,楠本文郎,,共産,,30,,和歌山県 3区,,,,,,,,,,,,,,,,,,,,,,,,,,,,,
,榛野博,,維新,,11,,埼玉県 14区,,,,,,,,,,,,,,,,,,,,,,,,,,,,,
,槙昌三,,共産,,9,,栃木県 3区,,,,,,,,,,,,,,,,,,,,,,,,,,,,,
,樋口博康,,民進,,12,,千葉県 2区,,,,,,,,,,,,,,,,,,,,,,,,,,,,,
,横山征吾,,共産,,14,,神奈川県 5区,,,,,,,,,,,,,,,,,,,,,,,,,,,,,
,横田有史,,共産,,4,,宮城県 6区,,,,,,,,,,,,,,,,,,,,,,,,,,,,,
,横田英司,,共産,,14,,神奈川県 17区,,,,,,,,,,,,,,,,,,,,,,,,,,,,,
,横畑和幸,,民進,,28,,兵庫県 3区,,,,,,,,,,,,,,,,,,,,,,,,,,,,,
,橋本健二,,共産,,7,,福島県 3区,,,男性,,,,,,,,,,,,,,,,,,,,,,,,,,
,橋本将之,はしもとまさゆき,維新,,20,,長野県 1区,,,,,,,,,,,,,,,,,,,,,,,,,,,,,
,橋本繁樹,,共産,,13,,東京都 18区,,,,,,,,,,,,,,,,,,,,,,,,,,,,,
,橋田芳昭,,共産,,43,,熊本県 4区,,,,,,,,,,,,,,,,,,,,,,,,,,,,,
,櫻田義孝,,自民,現職,12,,千葉県 8区,,,,,,,,,,,,,,,,,,,,,,,,,,,,,
,毛利栄子,,共産,,20,,長野県 4区,,,,,,,,,,,,,,,,,,,,,,,,,,,,,
,水上美華,みずかみ みか,民主->民進,,1,,北海道 12区,"第47回衆議院議員選挙(得票：62,035)",,女性,1982-2-1,35,mizukamimika12,mizukami.mika12,,gfs0427u,,www.mika-mizukami.jp,,,http://mika-mizukami.jp/profile/,北海道訓子府町,"訓子府中学校
北見北斗高等学校
アメリカウエストバージ二ア大学政治学部休学
小沢一郎政治塾",衆議院議員秘書,北見市議会議員,,,http://go2senkyo.com/seijika/11033,,,higa4,10/7,10/7,,,
,水野力夫,,共産,,20,,長野県 5区,,,,,,,,,,,,,,,,,,,,,,,,,,,,,
,水野善丈,,幸福,,34,,広島県 2区,,,,,,,,,,,,,,,,,,,,,,,,,,,,,
,永田義人,,共産,,46,,鹿児島県 4区,,,,,,,,,,,,,,,,,,,,,,,,,,,,,
,江口学,,共産,,40,,福岡県 7区,,,男性,,,,,,,,,,,,,,,,,,,,,,,,,,
,江崎鐵磨,,自民,現職,23,,愛知県 10区,,,,,,,,,,,,,,,,,,,,,,,,,,,,,
,池内さおり,,共産,現職,,東京ブロック,,,,,,,,,,,,,,,,,,,,,,,,,,,,,,
,池田万佐代,,社民,,11,,埼玉県 13区,,,,,,,,,,,,,,,,,,,,,,,,,,,,,
,池田博英,,共産,,14,,神奈川県 16区,,,,,,,,,,,,,,,,,,,,,,,,,,,,,
,池田真紀,,立憲民主,,1,,北海道 5区,,,女性,,,,,,,,http://ikemaki.jp/,,,,,,,,,,,,,,,,,,
,池畑浩太朗,,民進,,28,,兵庫県 12区,,,,,,,,,,,,,,,,,,,,,,,,,,,,,
,河井美和子,,幸福,,35,,山口県 1区,,,,,,,,,,,,,,,,,,,,,,,,,,,,,
,河村整,,共産,,37,,香川県 2区,,,,,,,,,,,,,,,,,,,,,,,,,,,,,
,河野一郎,,幸福,,45,,宮崎県 2区,,,男性,,,,,,,,,,,,,,,,,,,,,,,,,,
,河野正美,,維新,現職,,九州ブロック,,,,,,,,,,,,,,,,,,,,,,,,,,,,,,
,油井哲史,,幸福,,4,,宮城県 1区,,,,,,,,,,,,,,,,,,,,,,,,,,,,,
,沼上常生,,共産,,14,,神奈川県 15区,,,,,,,,,,,,,,,,,,,,,,,,,,,,,
,津島淳,,自民,現職,2,,青森県 1区,,,,,,,,,,,,,,,,,,,,,,,,,,,,,
,浅野哲,,民進,,8,,茨城県 5区,,,,,,,,,,,,,,,,,,,,,,,,,,,,,
,浜地雅一,,公明,現職,,九州ブロック,,,,,,,,,,,,,,,,,,,,,,,,,,,,,,
,浦野真,,共産,,12,,千葉県 6区,,,,,,,,,,,,,,,,,,,,,,,,,,,,,
,浮島智子,,公明,現職,,近畿ブロック,,,,,,,,,,,,,,,,,,,,,,,,,,,,,,
,深津俊郎,,共産,,12,,千葉県 4区,,,,,,,,,,,,,,,,,,,,,,,,,,,,,
,清井美穂,,幸福,,13,,東京都 14区,,,,,,,,,,,,,,,,,,,,,,,,,,,,,
,清水啓史,,民進,,13,,東京都 14区,,,,,,,,,,,,,,,,,,,,,,,,,,,,,
,清水貞子,,共産,,34,,広島県 3区,,,,,,,,,,,,,,,,,,,,,,,,,,,,,
,清沢達也,,共産,,20,,長野県 2区,,,,,,,,,,,,,,,,,,,,,,,,,,,,,
,渋沢哲男,,共産,,10,,群馬県 3区,,,,,,,,,,,,,,,,,,,,,,,,,,,,,
,渡辺典喜,,無所属,,9,,栃木県 1区,,,,,,,,,,,,,,,,,,,,,,,,,,,,,
,渡辺敏雄,,社民,,7,,福島県 4区,,,,,,,,,,,,,,,,,,,,,,,,,,,,,
,渡辺正二,,共産,,12,,千葉県 5区,,,,,,,,,,,,,,,,,,,,,,,,,,,,,
,渡辺裕,,共産,,23,,愛知県 9区,,,男性,,,,,,,,,,,,,,,,,,,,,,,,,,
,渡部結,,共産,,27,,大阪府 3区,,,,,,,,,,,,,,,,,,,,,,,,,,,,,
,渡部隆夫,,共産,,12,,千葉県 7区,,,,,,,,,,,,,,,,,,,,,,,,,,,,,
,瀬戸和弘,,共産,,14,,神奈川県 11区,,,,,,,,,,,,,,,,,,,,,,,,,,,,,
,灰岡香奈,,維新,,34,,広島県 2区,,,,,,,,,,,,,,,,,,,,,,,,,,,,,
,為仁史,,共産,,27,,大阪府 15区,,,,,,,,,,,,,,,,,,,,,,,,,,,,,
,熊谷智,,共産,,7,,福島県 5区,,,,,,,,,,,,,,,,,,,,,,,,,,,,,
,牧山隆,,共産,,42,,長崎県 1区,,,,,,,,,,,,,,,,,,,,,,,,,,,,,
,猪野隆,,無所属,,13,,東京都 15区,,,,,,,,,,,,,,,,,,,,,,,,,,,,,
,猿橋巧,,共産,,18,,福井県 2区,,,,,,,,,,,,,,,,,,,,,,,,,,,,,
,田上光徳,,共産,,23,,愛知県 6区,,,,,,,,,,,,,,,,,,,,,,,,,,,,,
,田中克典,,民進,,23,,愛知県 14区,,,,,,,,,,,,,,,,,,,,,,,,,,,,,
,田中浩美,,共産,,27,,大阪府 16区,,,,,,,,,,,,,,,,,,,,,,,,,,,,,
,田中陽二,,共産,,40,,福岡県 5区,,,,,,,,,,,,,,,,,,,,,,,,,,,,,
,田坂幾太,,維新,,26,,京都府 1区,,,,,,,,,,,,,,,,,,,,,,,,,,,,,
,田川豊,,共産,,13,,東京都 21区,,,男性,,,,,,,,,,,,,,,,,,,,,,,,,,
,田部雄治,,幸福,,33,,岡山県 2区,,,,,,,,,,,,,,,,,,,,,,,,,,,,,
,町田明広,,共産,,15,,新潟県 1区,,,,,,,,,,,,,,,,,,,,,,,,,,,,,
,畑本久仁枝,,維新,,26,,京都府 4区,,,,,,,,,,,,,,,,,,,,,,,,,,,,,
,畠山昌樹,,維新,,4,,宮城県 1区,,,,,,,,,,,,,,,,,,,,,,,,,,,,,
,白石寛樹,,自民,,38,,愛媛県 3区,,,,,,,,,,,,,,,,,,,,,,,,,,,,,
,皆川眞一郎,,社民,,12,,千葉県 12区,,,,,,,,,,,,,,,,,,,,,,,,,,,,,
,益田牧子,,共産,,43,,熊本県 2区,,,,,,,,,,,,,,,,,,,,,,,,,,,,,
,真白リョウ,,自由,,27,,大阪府 12区,,,,,,,,,,,,,,,,,,,,,,,,,,,,,
,矢野忠重,,共産,,27,,大阪府 18区,,,,,,,,,,,,,,,,,,,,,,,,,,,,,
,石丸完治,,共産,,42,,長崎県 3区,,,,,,,,,,,,,,,,,,,,,,,,,,,,,
,石堂淳士,,共産,,25,,滋賀県 3区,,,,,,,,,,,,,,,,,,,,,,,,,,,,,
,石塚貞通,,民進,,12,,千葉県 7区,,,男性,1967-04-20,50,ishiduka_s,https://www.facebook.com/sadamichii,,,,http://www.ishiduka-sadamichi.net/,,,,,立教大学法学部法学科卒,,,,,,,,,,,,,
,石嶋巌,,共産,,8,,茨城県 7区,,,,,,,,,,,,,,,,,,,,,,,,,,,,,
,石川悟,,共産,,42,,長崎県 4区,,,,,,,,,,,,,,,,,,,,,,,,,,,,,
,石川明美,,共産,,1,,北海道 7区,,,,,,,,,,,,,,,,,,,,,,,,,,,,,
,石川渉,,共産,,6,,山形県 1区,,,,,,,,,,,,,,,,,,,,,,,,,,,,,
,石川香織,いしかわ かおり,無所属->民進党->立憲民主党,,1,,北海道 11区,,,,1984-1-1,33,,,,,,,,,,,,元アナウンサー,,,,"https://www.nikkei.com/article/DGXMZO21841230T01C17A0PP8000/
年齢(33)のみ公開",,,higa4,10/7,10/7,,,
,石本憲一,,共産,,38,,愛媛県 1区,,,,,,,,,,,,,,,,,,,,,,,,,,,,,
,石沢憲之,,共産,,13,,東京都 2区,,,,,,,,,,,,,,,,,,,,,,,,,,,,,
,石渡剛,,幸福,,9,,栃木県 3区,,,,,,,,,,,,,,,,,,,,,,,,,,,,,
,石谷尚子,,共産,,27,,大阪府 2区,,,,,,,,,,,,,,,,,,,,,,,,,,,,,
,祖父江元希,,共産,,13,,東京都 13区,,,,,,,,,,,,,,,,,,,,,,,,,,,,,
,祝迫光治,,共産,,46,,鹿児島県 2区,,,,,,,,,,,,,,,,,,,,,,,,,,,,,
,神山佐市,,自民,現職,11,,埼玉県 7区,,,,,,,,,,,,,,,,,,,,,,,,,,,,,
,神田三春,,共産,,11,,埼玉県 9区,,,,,,,,,,,,,,,,,,,,,,,,,,,,,
,福住英行,,共産,,31,,鳥取県 2区,,,,,,,,,,,,,,,,,,,,,,,,,,,,,
,福原宗男,,社民,,31,,鳥取県 2区,,,,,,,,,,,,,,,,,,,,,,,,,,,,,
,福山正敏,,幸福,,36,,徳島県 2区,,,,,,,,,,,,,,,,,,,,,,,,,,,,,
,福村隆,,民進,,22,,静岡県 1区,,,,,,,,,,,,,,,,,,,,,,,,,,,,,
,穂坂泰,,自民,,11,,埼玉県 4区,,,,,,,,,,,,,,,,,,,,,,,,,,,,,
,立川孝彦,,共産,,40,,福岡県 1区,,,,,,,,,,,,,,,,,,,,,,,,,,,,,
,竹内信昭,,社民,,40,,福岡県 11区,,,,,,,,,,,,,,,,,,,,,,,,,,,,,
,竹内譲,,公明,現職,,近畿ブロック,,,,,,,,,,,,,,,,,,,,,,,,,,,,,,
,笠原正実,,共産,,12,,千葉県 10区,,,,,,,,,,,,,,,,,,,,,,,,,,,,,
,笠原麗香,,幸福,,15,,新潟県 5区,,,,,,,,,,,,,,,,,,,,,,,,,,,,,
,篠原豪,,民進,現職,,南関東ブロック,,,,,,,,,,,,,,,,,,,,,,,,,,,,,,
,細井良雄,,共産,,15,,新潟県 2区,,,,,,,,,,,,,,,,,,,,,,,,,,,,,
,緑川貴士,,民進,,5,,秋田県 2区,,,,,,,,,,,,,,,,,,,,,,,,,,,,,
,縁田有紀,,幸福,,26,,京都府 4区,,,,,,,,,,,,,,,,,,,,,,,,,,,,,
,繁本護,,自民,,26,,京都府 2区,,,,,,,,,,,,,,,,,,,,,,,,,,,,,
,美延映夫,,維新,,27,,大阪府 4区,,,,,,,,,,,,,,,,,,,,,,,,,,,,,
,美見芳明,,共産,,33,,岡山県 5区,,,,,,,,,,,,,,,,,,,,,,,,,,,,,
,船川治郎,,民進,,28,,兵庫県 2区,,,,,,,,,,,,,,,,,,,,,,,,,,,,,
,苗村京子,,共産,,11,,埼玉県 14区,,,,,,,,,,,,,,,,,,,,,,,,,,,,,
,若林靖久,,共産,,14,,神奈川県 7区,,,,,,,,,,,,,,,,,,,,,,,,,,,,,
,荒井寛,,民進,,6,,山形県 1区,,,,,,,,,,,,,,,,,,,,,,,,,,,,,
,荒井聡,,民進,,1,,北海道 3区,,,,,,,,,,,,,,,,,,,,,,,,,,,,,
,荒川雅司,,幸福,,25,,滋賀県 2区,,,,,,,,,,,,,,,,,,,,,,,,,,,,,
,荻生和敏,,共産,,1,,北海道 6区,,,,,,,,,,,,,,,,,,,,,,,,,,,,,
,菅克己,,民進,,11,,埼玉県 2区,,,,,,,,,,,,,,,,,,,,,,,,,,,,,
,菅原誠,すがわら まこと,共産,,1,,北海道 12区,,,男性,1973-1-1,44,sugawara_makoto,makoto.sugawara.33,,,,,info@jcpkitami.jp,http://sugawara.jcpkitami.jp/,,釧路市,"北見工業大学電子工学科
名古屋市立桜台高等学校",,,,,"http://www.jcp.or.jp/web_senkyo/cat1/cat101/
年齢（44）のみ公開",,,higa4,10/7,10/7,,,
,菊地憲之,,新社,,28,,兵庫県 9区,,,,,,,,,,,,,,,,,,,,,,,,,,,,,
,菊池幸夫,,共産,,3,,岩手県 3区,,,,,,,,,,,,,,,,,,,,,,,,,,,,,
,萩原貞夫,,共産,,10,,群馬県 4区,,,,,,,,,,,,,,,,,,,,,,,,,,,,,
,藤岡隆雄,,民進,,9,,栃木県 4区,,,,,,,,,,,,,,,,,,,,,,,,,,,,,
,藤巻健太,,維新,,12,,千葉県 2区,,,,,,,,,,,,,,,,,,,,,,,,,,,,,
,藤本一規,,共産,,35,,山口県 3区,,,,,,,,,,,,,,,,,,,,,,,,,,,,,
,藤本友里,,共産,,5,,秋田県 2区,,,,,,,,,,,,,,,,,,,,,,,,,,,,,
,藤本幸子,,共産,,27,,大阪府 17区,,,,,,,,,,,,,,,,,,,,,,,,,,,,,
,藤本聡志,,共産,,34,,広島県 2区,,,,,,,,,,,,,,,,,,,,,,,,,,,,,
,藤田伸二,,社民,,37,,香川県 3区,,,男性,,,,,,,,,,,,,,,,,,,,,,,,,,
,藤田大助,,民進,,24,,三重県 4区,,,,,,,,,,,,,,,,,,,,,,,,,,,,,
,藤田文武,,維新,,27,,大阪府 12区,,,,,,,,,,,,,,,,,,,,,,,,,,,,,
,西原忠弘,,幸福,,40,,福岡県 6区,,,,,,,,,,,,,,,,,,,,,,,,,,,,,
,西岡広伸,,共産,,35,,山口県 4区,,,,,,,,,,,,,,,,,,,,,,,,,,,,,
,西岡秀子,,民進,,42,,長崎県 1区,,,,,,,,,,,,,,,,,,,,,,,,,,,,,
,西沢博,,共産,,15,,新潟県 5区,,,,,,,,,,,,,,,,,,,,,,,,,,,,,
,西沢耕一,,共産,,25,,滋賀県 4区,,,,,,,,,,,,,,,,,,,,,,,,,,,,,
,西脇愛,,幸福,,19,,山梨県 1区,,,,,,,,,,,,,,,,,,,,,,,,,,,,,
,西野太亮,,無所属,,43,,熊本県 2区,,,,,,,,,,,,,,,,,,,,,,,,,,,,,
,見山伸路,,維新,,13,,東京都 15区,,,,,,,,,,,,,,,,,,,,,,,,,,,,,
,谷中三好,,共産,,24,,三重県 4区,,,,,,,,,,,,,,,,,,,,,,,,,,,,,
,谷川智行,,共産,,13,,東京都 7区,,,,,,,,,,,,,,,,,,,,,,,,,,,,,
,赤岸雅治,,共産,,11,,埼玉県 13区,,,,,,,,,,,,,,,,,,,,,,,,,,,,,
,赤平勇人,,共産,,2,,青森県 1区,,,,,,,,,,,,,,,,,,,,,,,,,,,,,
,赤澤亮正,,自民,現職,31,,鳥取県 2区,,,,,,,,,,,,,,,,,,,,,,,,,,,,,
,辻源巳,,共産,,11,,埼玉県 8区,,,,,,,,,,,,,,,,,,,,,,,,,,,,,
,近藤一宇,,共産,,42,,長崎県 2区,,,,,,,,,,,,,,,,,,,,,,,,,,,,,
,近藤秀子,,共産,,28,,兵庫県 1区,,,,,,,,,,,,,,,,,,,,,,,,,,,,,
,道下大樹,みちした だいき,民進->立憲民主党,,1,,北海道 1区,"2007年北海道議会議員選挙
2011年北海道議会議員選挙
2015年北海道議会議員選挙","2007年北海道議会議員選挙
2011年北海道議会議員選挙
2015年北海道議会議員選挙",男性,1975-12-24,41,,,,,,https://www.michishita-daiki.jp/,,,,北海道新得町,"北海道旭川東高等学校
中央大学法学部法律学科",衆議院議員横路孝弘公設秘書,北海道議会議員,,,https://www.minshin.or.jp/member/1382,,,higa4,10/7,10/7,,,
,遠藤陽子,,社民,,7,,福島県 5区,,,,,,,,,,,,,,,,,,,,,,,,,,,,,
,酒井健太朗,,共産,,23,,愛知県 2区,,,,,,,,,,,,,,,,,,,,,,,,,,,,,
,重村幸司,,共産,,34,,広島県 7区,,,,,,,,,,,,,,,,,,,,,,,,,,,,,
,野原典子,,幸福,,21,,岐阜県 1区,,,,,,,,,,,,,,,,,,,,,,,,,,,,,
,野呂正和,,社民,,46,,鹿児島県 4区,,,,,,,,,,,,,,,,,,,,,,,,,,,,,
,野村昌央,,幸福,,34,,広島県 3区,,,,,,,,,,,,,,,,,,,,,,,,,,,,,
,野村真弘,,共産,,24,,三重県 3区,,,,,,,,,,,,,,,,,,,,,,,,,,,,,
,野沢正司,,共産,,22,,静岡県 7区,,,,,,,,,,,,,,,,,,,,,,,,,,,,,
,金倉昌俊,,共産,,1,,北海道 2区,,,,,,,,,,,,,,,,,,,,,,,,,,,,,
,金元幸枝,,共産,,18,,福井県 1区,,,,,,,,,,,,,,,,,,,,,,,,,,,,,
,金原信之,,共産,,23,,愛知県 14区,,,,,,,,,,,,,,,,,,,,,,,,,,,,,
,金城竜郎,,幸福,,47,,沖縄県 3区,,,,,,,,,,,,,,,,,,,,,,,,,,,,,
,金森亨,,共産,,26,,京都府 3区,,,,,,,,,,,,,,,,,,,,,,,,,,,,,
,金田峰生,,共産,,28,,兵庫県 10区,,,,,,,,,,,,,,,,,,,,,,,,,,,,,
,釘丸進,,共産,,14,,神奈川県 3区,,,,,,,,,,,,,,,,,,,,,,,,,,,,,
,鈴木千佳,,共産,,22,,静岡県 1区,,,,,,,,,,,,,,,,,,,,,,,,,,,,,
,鈴木宏太,,共産,,17,,石川県 3区,,,,,,,,,,,,,,,,,,,,,,,,,,,,,
,鈴木庸介,,民進,,13,,東京都 10区,,,,,,,,,,,,,,,,,,,,,,,,,,,,,
,鈴木麻理子,,自由,,26,,京都府 5区,,,,,,,,,,,,,,,,,,,,,,,,,,,,,
,長内史子,,共産,,13,,東京都 8区,,,,,,,,,,,,,,,,,,,,,,,,,,,,,
,長友忠弘,,共産,,23,,愛知県 8区,,,,,,,,,,,,,,,,,,,,,,,,,,,,,
,長尾秀樹,,民進,,27,,大阪府 5区,,,,,,,,,,,,,,,,,,,,,,,,,,,,,
,長岡嘉一,,共産,,27,,大阪府 13区,,,,,,,,,,,,,,,,,,,,,,,,,,,,,
,長沼チネ,,共産,,11,,埼玉県 7区,,,,,,,,,,,,,,,,,,,,,,,,,,,,,
,長瀬由希子,,共産,,20,,長野県 1区,,,,,,,,,,,,,,,,,,,,,,,,,,,,,
,長谷川嘉一,,民進,,10,,群馬県 3区,,,,,,,,,,,,,,,,,,,,,,,,,,,,,
,長谷田直之,,共産,,10,,群馬県 2区,,,,,,,,,,,,,,,,,,,,,,,,,,,,,
,関健一郎,,民進,,23,,愛知県 15区,,,,,,,,,,,,,,,,,,,,,,,,,,,,,
,関根静香,,共産,,43,,熊本県 3区,,,,,,,,,,,,,,,,,,,,,,,,,,,,,
,阿藤和之,,共産,,13,,東京都 14区,,,,,,,,,,,,,,,,,,,,,,,,,,,,,
,阿部真,,共産,,13,,東京都 22区,,,,,,,,,,,,,,,,,,,,,,,,,,,,,
,霜鳥純一,,共産,,29,,奈良県 2区,,,,,,,,,,,,,,,,,,,,,,,,,,,,,
,青山大人,,民進,,8,,茨城県 6区,,,,,,,,,,,,,,,,,,,,,,,,,,,,,
,青山昂平,,共産,,13,,東京都 4区,,,,,,,,,,,,,,,,,,,,,,,,,,,,,
,青山雅幸,,無所属,,22,,静岡県 1区,,,,,,,,,,,,,,,,,,,,,,,,,,,,,
,青木弘,,共産,,9,,栃木県 1区,,,男性,,,,,,,,,,,,,,,,,,,,,,,,,,
,青柳仁士,,維新,,11,,埼玉県 4区,,,,,,,,,,,,,,,,,,,,,,,,,,,,,
,飯島誠之助,,共産,,12,,千葉県 3区,,,,,,,,,,,,,,,,,,,,,,,,,,,,,
,飯田剛,,幸福,,11,,埼玉県 3区,,,,,,,,,,,,,,,,,,,,,,,,,,,,,
,飯田美弥子,,共産,,13,,東京都 24区,,,,,,,,,,,,,,,,,,,,,,,,,,,,,
,香西克介,,共産,,13,,東京都 3区,,,,,,,,,,,,,,,,,,,,,,,,,,,,,
,高木宏寿,,自民,,1,,北海道 3区,,,,,,,,,,,,,,,,,,,,,,,,,,,,,
,高柳博明,,共産,,2,,青森県 3区,,,,,,,,,,,,,,,,,,,,,,,,,,,,,
,高橋ひなこ,,自民,現職,,東北ブロック,,,,,,,,,,,,,,,,,,,,,,,,,,,,,,
,高橋宣之,,社民,,10,,群馬県 5区,,,,,,,,,,,,,,,,,,,,,,,,,,,,,
,高橋斉久,,民進,,13,,東京都 24区,,,,,,,,,,,,,,,,,,,,,,,,,,,,,
,高橋野枝,,無所属,,14,,神奈川県 2区,,,,,,,,,,,,,,,,,,,,,,,,,,,,,
,鬼木誠,,自民,現職,40,,福岡県 2区,,,,,,,,,,,,,,,,,,,,,,,,,,,,,
,鳥羽恵,,共産,,11,,埼玉県 1区,,,,,,,,,,,,,,,,,,,,,,,,,,,,,
,鴨志田安代,,共産,,12,,千葉県 9区,,,,,,,,,,,,,,,,,,,,,,,,,,,,,
,鹿野晃,,維新,,13,,東京都 22区,,,,,,,,,,,,,,,,,,,,,,,,,,,,,
,黒崎清則,,共産,,17,,石川県 1区,,,,,,,,,,,,,,,,,,,,,,,,,,,,,
,黒木万治,,共産,,45,,宮崎県 2区,,,,,,,,,,,,,,,,,,,,,,,,,,,,,
Q10856313,田中美絵子,,民進,,17,,石川県 1区,,,女性,1975-12-16,41,,,,,,,,,,,,,,,,,https://www.wikidata.org/wiki/Q10856313,,,,,,,
Q1131407,堀井学,,自民,現職,1,,北海道 9区,,,男性,1972-02-19,45,,,,,,,,,,,,,,,,,https://www.wikidata.org/wiki/Q1131407,,,,,,,
Q1131518,川端達夫,,民進,現職,,近畿ブロック,,,,男性,1945-01-24,72,,,,,,,,,,,,,,,,,https://www.wikidata.org/wiki/Q1131518,,,,,,,
Q1132836,浜田靖一,,自民,現職,12,,千葉県 12区,,,男性,1955-10-21,61,,,,,,,,,,,,,,,,,https://www.wikidata.org/wiki/Q1132836,,,,,,,
Q1133136,渡海紀三朗,,自民,現職,28,,兵庫県 10区,,,男性,1948-02-11,69,,,,,,,,,,,,,,,,,https://www.wikidata.org/wiki/Q1133136,,,,,,,
Q1133192,細田博之,,自民,現職,32,,島根県 1区,,,男性,1944-04-05,73,HosodaHiroyuki,,,,,,,,,,,,,,,,https://www.wikidata.org/wiki/Q1133192,,,,,,,
Q1133194,森英介,,自民,現職,12,,千葉県 11区,,,男性,1948-08-31,69,,,,,,,,,,,,,,,,,https://www.wikidata.org/wiki/Q1133194,,,,,,,
Q1133360,佐藤勉,,自民,現職,9,,栃木県 4区,,,男性,1952-06-20,65,,,,,,,,,,,,,,,,,https://www.wikidata.org/wiki/Q1133360,,,,,,,
Q1133463,亀井静香,,無所属,現職,34,,広島県 6区,,,男性,1936-11-01,80,kamei_shizuka,https://www.facebook.com/1511505699135823,,,,,,,,,,,,,,,https://www.wikidata.org/wiki/Q1133463,,,,,,,
Q1133880,二階俊博,,自民,現職,30,,和歌山県 3区,,,男性,1939-02-17,78,,,,,,,,,,,,,,,,,https://www.wikidata.org/wiki/Q1133880,,,,,,,
Q11353993,三ッ林裕巳,,自民,現職,11,,埼玉県 14区,,,女性,1955-09-07,62,hiromitsubayasi,,,,,,,,,,,,,,,,https://www.wikidata.org/wiki/Q11353993,,,,,,,
Q11355593,三木圭恵,,維新,,28,,兵庫県 7区,,,女性,1966-07-07,51,,,,,,,,,,,,,,,,,https://www.wikidata.org/wiki/Q11355593,,,,,,,
Q11355765,三村和也,,民進,,14,,神奈川県 18区,,,男性,1975-09-09,42,,,,,,,,,,,,,,,,,https://www.wikidata.org/wiki/Q11355765,,,,,,,
Q1135729,細野豪志,,希望,現職,22,,静岡県 5区,,,男性,1971-08-21,46,hosono_54,https://www.facebook.com/hosono54,,,,,,,,,,,,,,,https://www.wikidata.org/wiki/Q1135729,,,,,,,
Q11357294,三谷英弘,,自民,,14,,神奈川県 8区,,,男性,1976-06-28,41,,,,,,,,,,,,,,,,,https://www.wikidata.org/wiki/Q11357294,,,,,,,
Q11359720,上田勇,,公明,現職,14,,神奈川県 6区,,,男性,1958-08-05,59,IsamuUeda,https://www.facebook.com/isamu.ueda.77,,,,,,,,,,,,,,,https://www.wikidata.org/wiki/Q11359720,,,,,,,
Q11360103,上西小百合,,無所属,現職,,近畿ブロック,,,,女性,1983-04-30,34,,,,,,,,,,,,,,,,,https://www.wikidata.org/wiki/Q11360103,,,,,,,
Q11361823,不破弘樹,,希望,,10,,群馬県 4区,,,男性,1966-07-09,51,,,,,,,,,,,,,,,,,https://www.wikidata.org/wiki/Q11361823,,,,,,,
Q11364144,中山展宏,,自民,現職,,南関東ブロック,,,,男性,1968-09-16,49,,,,,,,,,,,,,,,,,https://www.wikidata.org/wiki/Q11364144,,,,,,,
Q11364418,中島克仁,,民進,現職,19,,山梨県 1区,,,男性,1967-09-27,50,KatsuNakajima,,,,,,,,,,,,,,,,https://www.wikidata.org/wiki/Q11364418,,,,,,,
Q11364762,中川俊直,,無所属,現職,34,,広島県 4区,,,男性,1970-04-25,47,,https://www.facebook.com/syunchoku,,,,,,,,,,,,,,,https://www.wikidata.org/wiki/Q11364762,,,,,,,
Q11365989,中村裕之,,自民,現職,1,,北海道 4区,,,男性,1961-02-23,56,,,,,,,,,,,,,,,,,https://www.wikidata.org/wiki/Q11365989,,,,,,,
Q11366226,中根康浩,,民進,現職,,東海ブロック,,,,男性,1962-08-17,55,,,,,,,,,,,,,,,,,https://www.wikidata.org/wiki/Q11366226,,,,,,,
Q11366452,中津川博郷,,維新,,13,,東京都 16区,,,男性,1949-04-12,68,,,,,,,,,,,,,,,,,https://www.wikidata.org/wiki/Q11366452,,,,,,,
Q11367646,中野洋昌,,公明,現職,28,,兵庫県 8区,,,男性,1978-01-04,39,Hiro_NAKANO_,https://www.facebook.com/nakanohiromasa.office,,,,,,,,,,,,,,,https://www.wikidata.org/wiki/Q11367646,,,,,,,
Q11368259,丸山穂高,,維新,現職,27,,大阪府 19区,,,男性,1984-01-10,33,maruyamahodaka,,,,,,,,,,,,,,,,https://www.wikidata.org/wiki/Q11368259,,,,,,,
Q11368828,乃木涼介,,民進,,27,,大阪府 7区,,,男性,1964-08-23,53,,,,,,,,,,,,,,,,,https://www.wikidata.org/wiki/Q11368828,,,,,,,
Q11373203,井上英孝,,維新,現職,27,,大阪府 1区,,,男性,1971-10-25,45,,,,,,,,,,,,,,,,,https://www.wikidata.org/wiki/Q11373203,,,,,,,
Q11373245,井上貴博,,自民,現職,40,,福岡県 1区,,,男性,1962-04-02,55,,https://www.facebook.com/inouetakahirojimusho,,,,,,,,,,,,,,,https://www.wikidata.org/wiki/Q11373245,,,,,,,
Q11373350,井出庸生,,民進,現職,20,,長野県 3区,,,男性,1977-11-21,39,yousei_ide,,,,,,,,,,,,,,,,https://www.wikidata.org/wiki/Q11373350,,,,,,,
Q11373460,井坂信彦,,民進,現職,28,,兵庫県 1区,,,男性,1974-03-27,43,isakanobuhiko,https://www.facebook.com/isakanobuhiko,,,,,,,,,,,,,,,https://www.wikidata.org/wiki/Q11373460,,,,,,,
Q11373555,井戸正枝,,民進,,13,,東京都 4区,,,女性,1965-12-13,51,,,,,,,,,,,,,,,,,https://www.wikidata.org/wiki/Q11373555,,,,,,,
Q11373633,井林辰憲,,自民,現職,22,,静岡県 2区,,,男性,1976-07-18,41,T_Ibayashi,,,,,,,,,,,,,,,,https://www.wikidata.org/wiki/Q11373633,,,,,,,
Q11373778,井野俊郎,,自民,現職,10,,群馬県 2区,,,男性,1980-01-08,37,,,,,,,,,,,,,,,,,https://www.wikidata.org/wiki/Q11373778,,,,,,,
Q11376392,仁木博文,,民進,,36,,徳島県 1区,,,男性,1966-05-23,51,,,,,,,,,,,,,,,,,https://www.wikidata.org/wiki/Q11376392,,,,,,,
Q11376723,今井雅人,,民進,現職,,東海ブロック,,,,男性,1962-02-21,55,imai_masato,,,,,,,,,,,,,,,,https://www.wikidata.org/wiki/Q11376723,,,,,,,
Q11377131,今枝仁,,維新,,34,,広島県 3区,,,男性,1970-09-14,47,,,,,,,,,,,,,,,,,https://www.wikidata.org/wiki/Q11377131,,,,,,,
Q11377132,今枝宗一郎,,自民,現職,23,,愛知県 14区,,,男性,1984-02-18,33,imaeda_soichiro,https://www.facebook.com/pages/%E4%BB%8A%E6%9E%9D%E3%81%9D%E3%81%86%E3%81%84%E3%81%A1%E3%82%8D%E3%81,,,,,,,,,,,,,,,https://www.wikidata.org/wiki/Q11377132,,,,,,,
Q11377294,今津寛,,自民,現職,1,北海道ブロック,,,,男性,1946-09-30,71,,https://www.facebook.com/imazuhiroshi164,,,,,,,,,,,,,,,https://www.wikidata.org/wiki/Q11377294,,,,,,,
Q11378895,伊佐進一,,公明,現職,27,,大阪府 6区,,,男性,1974-12-10,42,isashinichi,,,,,,,,,,,,,,,,https://www.wikidata.org/wiki/Q11378895,,,,,,,
Q11379447,伊東信久,,維新,現職,,近畿ブロック,,,,男性,1964-01-04,53,itonobuhisa,https://www.facebook.com/itonobuhisa0104,,,,,,,,,,,,,,,https://www.wikidata.org/wiki/Q11379447,,,,,,,
Q11379575,伊東良孝,,自民,現職,1,,北海道 7区,,,男性,1948-11-24,68,,http://www.facebook.com/itoyoshitaka07,,,,,,,,,,,,,,,https://www.wikidata.org/wiki/Q11379575,,,,,,,
Q11384409,佐藤英道,,公明,現職,1,北海道ブロック,,,,男性,1960-09-26,57,hidemichisato,,,,,,,,,,,,,,,,https://www.wikidata.org/wiki/Q11384409,,,,,,,
Q11391317,八木哲也,,自民,現職,,東海ブロック,,,,男性,1947-08-10,70,,,,,,,,,,,,,,,,,https://www.wikidata.org/wiki/Q11391317,,,,,,,
Q11395120,冨樫博之,,自民,現職,5,,秋田県 1区,,,男性,1955-04-27,62,hiroyukitogash,,,,,,,,,,,,,,,,https://www.wikidata.org/wiki/Q11395120,,,,,,,
Q11396609,初鹿明博,,立憲民主,現職,,東京ブロック,,,,男性,1969-04-15,48,,,,,,,,,,,,,,,,,https://www.wikidata.org/wiki/Q11396609,,,,,,,
Q11397152,前川恵,,自民,現職,,東京ブロック,,,,女性,1975-08-16,42,,,,,,,,,,,,,,,,,https://www.wikidata.org/wiki/Q11397152,,,,,,,
Q11397382,前田一男,,自民,現職,1,北海道ブロック,,,,男性,1966-05-27,51,,,,,,,,,,,,,,,,,https://www.wikidata.org/wiki/Q11397382,,,,,,,
Q11399825,助田重義,,自民,現職,,北陸信越ブロック,,,,男性,1960-01-10,57,,,,,,,,,,,,,,,,,https://www.wikidata.org/wiki/Q11399825,,,,,,,
Q11400147,勝俣孝明,,自民,現職,,東海ブロック,,,,男性,1976-04-07,41,,,,,,,,,,,,,,,,,https://www.wikidata.org/wiki/Q11400147,,,,,,,
Q11400194,勝又恒一郎,,民進,,14,,神奈川県 3区,,,男性,1962-12-11,54,,,,,,,,,,,,,,,,,https://www.wikidata.org/wiki/Q11400194,,,,,,,
Q11400372,勝沼栄明,,自民,現職,,東北ブロック,,,,男性,1974-11-26,42,,,,,,,,,,,,,,,,,https://www.wikidata.org/wiki/Q11400372,,,,,,,
Q11409844,原田憲治,,自民,現職,27,,大阪府 9区,,,男性,1948-06-09,69,harada_kenji,,,,,,,,,,,,,,,,https://www.wikidata.org/wiki/Q11409844,,,,,,,
Q11411691,古賀篤,,自民,現職,40,,福岡県 3区,,,男性,1972-07-14,45,kogaatsushi,https://www.facebook.com/kogaatsu,,,,,,,,,,,,,,,https://www.wikidata.org/wiki/Q11411691,,,,,,,
Q11413102,吉川赳,,自民,,22,,静岡県 5区,,,男性,1982-04-07,35,,,,,,,,,,,,,,,,,https://www.wikidata.org/wiki/Q11413102,,,,,,,
Q11413941,吉田治,,民進,,27,,大阪府 4区,,,男性,1962-03-16,55,,,,,,,,,,,,,,,,,https://www.wikidata.org/wiki/Q11413941,,,,,,,
Q11414054,吉田統彦,,民進,,23,,愛知県 1区,,,男性,1974-11-14,42,,,,,,,,,,,,,,,,,https://www.wikidata.org/wiki/Q11414054,,,,,,,
Q11422694,國場幸之助,,自民,現職,,九州ブロック,,,,男性,1973-01-10,44,kokubkonosuke,,,,,,,,,,,,,,,,https://www.wikidata.org/wiki/Q11422694,,,,,,,
Q11422753,国重徹,,公明,,27,,大阪府 5区,,,,,,,,,,,,,,,,,,,,,,https://www.wikidata.org/wiki/Q11422753,,,,,,,
Q11422753,國重徹,,公明,現職,27,,大阪府 5区,,,男性,1974-11-23,42,torukunishige,,,,,,,,,,,,,,,,https://www.wikidata.org/wiki/Q11422753,,,,,,,
Q11423241,土屋品子,,自民,現職,11,,埼玉県 13区,,,女性,1952-02-09,65,,,,,,,,,,,,,,,,,https://www.wikidata.org/wiki/Q11423241,,,,,,,
Q11425971,城井崇,,民進,,40,,福岡県 10区,,,男性,1973-06-23,44,,,,,,,,,,,,,,,,,https://www.wikidata.org/wiki/Q11425971,,,,,,,
Q11425985,城内実,,自民,現職,22,,静岡県 7区,,,男性,1965-04-19,52,,,,,,,,,,,,,,,,,https://www.wikidata.org/wiki/Q11425985,,,,,,,
Q11427301,堀内詔子,,自民,現職,,南関東ブロック,,,,女性,1965-10-28,51,,,,,,,,,,,,,,,,,https://www.wikidata.org/wiki/Q11427301,,,,,,,
Q11428744,塩村文夏,,民進,,34,,広島県 3区,,,女性,1978-07-06,39,,,,,,,,,,,,,,,,,https://www.wikidata.org/wiki/Q11428744,,,,,,,
Q11431868,大串正樹,,自民,現職,28,,兵庫県 6区,,,男性,1966-01-20,51,Ogushi_Masaki,,,,,,,,,,,,,,,,https://www.wikidata.org/wiki/Q11431868,,,,,,,
Q11433281,大口善徳,,公明,現職,,東海ブロック,,,,男性,1955-09-05,62,,,,,,,,,,,,,,,,,https://www.wikidata.org/wiki/Q11433281,,,,,,,
Q11434738,大岡敏孝,,自民,現職,25,,滋賀県 1区,,,男性,1972-04-16,45,,,,,,,,,,,,,,,,,https://www.wikidata.org/wiki/Q11434738,,,,,,,
Q11435293,大平悦子,,無所属,,15,,新潟県 5区,,,女性,1956-10-09,60,,,,,,,,,,,,,,,,,https://www.wikidata.org/wiki/Q11435293,,,,,,,
Q11437735,大熊利昭,,維新,,13,,東京都 2区,,,男性,1963-06-05,54,,,,,,,,,,,,,,,,,https://www.wikidata.org/wiki/Q11437735,,,,,,,
Q11438832,大西健介,,民進,現職,23,,愛知県 13区,,,男性,1971-04-13,46,oniken0024,,,,,,,,,,,,,,,,https://www.wikidata.org/wiki/Q11438832,,,,,,,
Q11438916,大西英男,,自民,現職,13,,東京都 16区,,,男性,1946-08-28,71,,https://www.facebook.com/0024hideo,,,,,,,,,,,,,,,https://www.wikidata.org/wiki/Q11438916,,,,,,,
Q11439189,大豆生田実,,無所属,,9,,栃木県 5区,,,男性,1965-12-05,51,,,,,,,,,,,,,,,,,https://www.wikidata.org/wiki/Q11439189,,,,,,,
Q11439619,大野敬太郎,,自民,現職,37,,香川県 3区,,,男性,1968-11-01,48,,,,,,,,,,,,,,,,,https://www.wikidata.org/wiki/Q11439619,,,,,,,
Q11446165,奥野総一郎,,民進,現職,,南関東ブロック,,,,男性,1964-07-15,53,,,,,,,,,,,,,,,,,https://www.wikidata.org/wiki/Q11446165,,,,,,,
Q11450236,安井美沙子,,民進,,23,,愛知県 10区,,,女性,1965-09-11,52,,,,,,,,,,,,,,,,,https://www.wikidata.org/wiki/Q11450236,,,,,,,
Q11451405,安藤裕,,自民,現職,,近畿ブロック,,,,男性,1965-03-28,52,andouhiroshi,,,,,,,,,,,,,,,,https://www.wikidata.org/wiki/Q11451405,,,,,,,
Q11453336,宮内秀樹,,自民,現職,40,,福岡県 4区,,,男性,1962-10-19,54,miyauchihideki,https://www.facebook.com/MiyauchiHideki,,,,,,,,,,,,,,,https://www.wikidata.org/wiki/Q11453336,,,,,,,
Q11454107,宮島大典,,民進,,42,,長崎県 4区,,,男性,1963-06-06,54,,,,,,,,,,,,,,,,,https://www.wikidata.org/wiki/Q11454107,,,,,,,
Q11454258,宮崎岳志,,民進,現職,,北関東ブロック,,,,男性,1970-02-14,47,,,,,,,,,,,,,,,,,https://www.wikidata.org/wiki/Q11454258,,,,,,,
Q11454333,宮崎政久,,自民,現職,,九州ブロック,,,,男性,1965-08-08,52,,http://www.facebook.com/masahisa.miyazaki.9,,,,,,,,,,,,,,,https://www.wikidata.org/wiki/Q11454333,,,,,,,
Q11454668,宮川典子,,自民,現職,,南関東ブロック,,,,女性,1979-04-05,38,,,,,,,,,,,,,,,,,https://www.wikidata.org/wiki/Q11454668,,,,,,,
Q11454828,宮本岳志,,共産,現職,,近畿ブロック,,,,男性,1959-12-25,57,,,,,,,,,,,,,,,,,https://www.wikidata.org/wiki/Q11454828,,,,,,,
Q11455005,宮沢博行,,自民,,22,,静岡県 3区,,,男性,1975-01-10,42,,,,,,,,,,,,,,,,,https://www.wikidata.org/wiki/Q11455005,,,,,,,
Q11457846,寺島義幸,,民進,,20,,長野県 3区,,,男性,1953-08-28,64,,,,,,,,,,,,,,,,,https://www.wikidata.org/wiki/Q11457846,,,,,,,
Q11458942,小倉將信,,自民,現職,13,,東京都 23区,,,男性,1981-05-30,36,masanobu_ogura,https://www.facebook.com/ogura.masanobu/,,,,,,,,,,,,,,,https://www.wikidata.org/wiki/Q11458942,,,,,,,
Q11459848,小山展弘,,民進,現職,,東海ブロック,,,,男性,1975-12-26,41,,,,,,,,,,,,,,,,,https://www.wikidata.org/wiki/Q11459848,,,,,,,
Q11461246,小松裕,,自民,現職,,北陸信越ブロック,,,,男性,1961-12-03,55,komatsu_yutaka,,,,,,,,,,,,,,,,https://www.wikidata.org/wiki/Q11461246,,,,,,,
Q11461458,小林史明,,自民,現職,34,,広島県 7区,,,男性,1983-04-08,34,kb2474,https://www.facebook.com/fumiaki.kobayashi0408,,,,,,,,,,,,,,,https://www.wikidata.org/wiki/Q11461458,,,,,,,
Q11461866,小林茂樹,,自民,,29,,奈良県 1区,,,男性,1964-10-09,52,,,,,,,,,,,,,,,,,https://www.wikidata.org/wiki/Q11461866,,,,,,,
Q11461955,小林鷹之,,自民,現職,12,,千葉県 2区,,,男性,1974-11-29,42,kobahawk,,,,,,,,,,,,,,,,https://www.wikidata.org/wiki/Q11461955,,,,,,,
Q11462267,小池政就,,維新,,22,,静岡県 1区,,,男性,1974-06-23,43,,,,,,,,,,,,,,,,,https://www.wikidata.org/wiki/Q11462267,,,,,,,
Q11462582,小泉龍司,,無所属,現職,11,,埼玉県 11区,,,男性,1952-09-17,65,,,,,,,,,,,,,,,,,https://www.wikidata.org/wiki/Q11462582,,,,,,,
Q11462766,小熊慎司,,民進,現職,7,,福島県 4区,,,男性,1968-06-16,49,oguma_shinji,,,,,,,,,,,,,,,,https://www.wikidata.org/wiki/Q11462766,,,,,,,
Q11462993,小田原きよし,,自民,現職,,,,,,男性,1964-05-23,53,odawarakiyoshi,https://www.facebook.com/%E5%B0%8F%E7%94%B0%E5%8E%9F%E3%81%8D%E3%82%88%E3%81%97-319460971405607,,,,http://odawarakiyoshi.jp/,,,,,,,,,,,,,,,,,,
Q11462993,小田原潔,,自民,現職,13,,東京都 21区,,,男性,1964-05-23,53,odawarakiyoshi,https://www.facebook.com/%E5%B0%8F%E7%94%B0%E5%8E%9F%E3%81%8D%E3%82%88%E3%81%97-319460971405607,,,,,,,,,,,,,,,https://www.wikidata.org/wiki/Q11462993,,,,,,,
Q11463967,小野塚勝俊,,民進,,11,,埼玉県 8区,,,男性,1972-05-05,45,,,,,,,,,,,,,,,,,https://www.wikidata.org/wiki/Q11463967,,,,,,,
Q11465449,尾身朝子,,自民,現職,,北関東ブロック,,,,女性,1961-04-26,56,,,,,,,,,,,,,,,,,https://www.wikidata.org/wiki/Q11465449,,,,,,,
Q11466071,山下貴司,,自民,現職,33,,岡山県 2区,,,男性,1965-09-08,52,yamashita_ok,,,,,,,,,,,,,,,,https://www.wikidata.org/wiki/Q11466071,,,,,,,
Q11466235,山之内毅,,維新,,46,,鹿児島県 1区,,,男性,1981-12-16,35,,,,,,,,,,,,,,,,,https://www.wikidata.org/wiki/Q11466235,,,,,,,
Q11466249,山井和則,,民進,現職,26,,京都府 6区,,,男性,1962-01-06,55,yamanoikazunori,https://www.facebook.com/yamanoikazunori,,,,,,,,,,,,,,,https://www.wikidata.org/wiki/Q11466249,,,,,,,
Q11466402,山内康一,,民進,,40,,福岡県 3区,,,男性,1973-01-01,44,,,,,,,,,,,,,,,,,https://www.wikidata.org/wiki/Q11466402,,,,,,,
Q11467778,山尾志桜里,,無所属,現職,23,,愛知県 7区,,,女性,1974-07-24,43,ShioriYamao,,,,,,,,,,,,,,,,https://www.wikidata.org/wiki/Q11467778,,,,,,,
Q11468895,山本剛正,,民進,,40,,福岡県 1区,,,男性,1972-01-01,45,,,,,,,,,,,,,,,,,https://www.wikidata.org/wiki/Q11468895,,,,,,,
Q11469130,山本朋広,,自民,現職,,南関東ブロック,,,,男性,1975-06-20,42,ty_polepole,https://www.facebook.com/polepole.ty,,,,,,,,,,,,,,,https://www.wikidata.org/wiki/Q11469130,,,,,,,
Q11470608,山田美樹,,自民,現職,13,,東京都 1区,,,女性,1974-03-15,43,yamada_miki,https://www.facebook.com/mikiprofile,,,,,,,,,,,,,,,https://www.wikidata.org/wiki/Q11470608,,,,,,,
Q11470671,山田賢司,,自民,現職,28,,兵庫県 7区,,,男性,1966-04-20,51,ymd_knj,,,,,,,,,,,,,,,,https://www.wikidata.org/wiki/Q11470671,,,,,,,
Q11470885,山花郁夫,,民進,,13,,東京都 22区,,,男性,1967-01-18,50,,,,,,,,,,,,,,,,,https://www.wikidata.org/wiki/Q11470885,,,,,,,
Q11472782,岡島一正,,自由,,12,,千葉県 3区,,,男性,1957-11-03,59,,,,,,,,,,,,,,,,,https://www.wikidata.org/wiki/Q11472782,,,,,,,
Q11475894,岸本周平,,民進,現職,30,,和歌山県 1区,,,男性,1956-07-12,61,shuheikishimoto,https://www.facebook.com/shuheikishimoto.jp,,,,,,,,,,,,,,,https://www.wikidata.org/wiki/Q11475894,,,,,,,
Q11479573,工藤彰三,,自民,現職,23,,愛知県 4区,,,男性,1964-12-08,52,kudoshozo,https://www.facebook.com/kudoshozo,,,,,,,,,,,,,,,https://www.wikidata.org/wiki/Q11479573,,,,,,,
Q11488572,後藤祐一,,希望,現職,14,,神奈川県 16区,,,男性,1969-03-25,48,,,,,,,,,,,,,,,,,https://www.wikidata.org/wiki/Q11488572,,,,,,,
Q11496954,手塚仁雄,,民進,,13,,東京都 5区,,,男性,1966-09-14,51,,,,,,,,,,,,,,,,,https://www.wikidata.org/wiki/Q11496954,,,,,,,
Q11500159,斉木武志,,民進,,18,,福井県 2区,,,男性,1974-05-13,43,,,,,,,,,,,,,,,,,https://www.wikidata.org/wiki/Q11500159,,,,,,,
Q11513088,星野剛士,,自民,現職,14,,神奈川県 12区,,,男性,1963-08-08,54,hossys,,,,,,,,,,,,,,,,https://www.wikidata.org/wiki/Q11513088,,,,,,,
Q11518048,木下智彦,,維新,現職,,,大阪8区,,,男性,1969-04-30,48,tommykun01,https://www.facebook.com/KinoshitaIshin,,,,,,,,,,,,,,,https://www.wikidata.org/wiki/Q11518048,,,,,,,
Q11518159,木内均,,自民,現職,,北陸信越ブロック,,,,男性,1964-08-03,53,kiuchi_hitoshi,,,,,,,,,,,,,,,,https://www.wikidata.org/wiki/Q11518159,,,,,,,
Q11518163,木内孝胤,,希望,現職,,東京ブロック,,,,男性,1966-08-30,51,takatanekiuchi,https://www.facebook.com/takatane.kiuchi,,,,,,,,,,,,,,,https://www.wikidata.org/wiki/Q11518163,,,,,,,
Q11518220,木原稔,,自民,現職,43,,熊本県 1区,,,男性,1969-01-01,48,kihara_minoru,https://www.facebook.com/Kihara.Minoru,,,,,,,,,,,,,,,https://www.wikidata.org/wiki/Q11518220,,,,,,,
Q11518222,木原誠二,,自民,現職,13,,東京都 20区,,,男性,1970-01-01,47,kihara_seiji,,,,,,,,,,,,,,,,https://www.wikidata.org/wiki/Q11518222,,,,,,,
Q11518735,木村剛司,,維新,,13,東京都ブロック,,,,男性,1971-07-09,46,,,,,,,,,,,,,,,,,https://www.wikidata.org/wiki/Q11518735,,,,,,,
Q11519999,本多平直,,民進,,1,,北海道 4区,,,男性,1964-12-02,52,,,,,,,,,,,,,,,,,https://www.wikidata.org/wiki/Q11519999,,,,,,,
Q11520430,本村賢太郎,,民進,現職,,南関東ブロック,,,,男性,1970-04-17,47,kentarou450417,https://www.facebook.com/motomura.kentarou/,,,,,,,,,,,,,,,https://www.wikidata.org/wiki/Q11520430,,,,,,,
Q11522062,杉本和巳,,維新,,23,,愛知県 10区,,,男性,1960-09-17,57,,,,,,,,,,,,,,,,,https://www.wikidata.org/wiki/Q11522062,,,,,,,
Q11523004,村井英樹,,自民,現職,11,,埼玉県 1区,,,男性,1980-05-14,37,muraihideki,,,,,,,,,,,,,,,,https://www.wikidata.org/wiki/Q11523004,,,,,,,
Q11523193,村岡敏英,,民進,現職,,東北ブロック,,,,男性,1960-07-25,57,muraoka_toshi,,,,,,,,,,,,,,,,https://www.wikidata.org/wiki/Q11523193,,,,,,,
Q11523550,村越祐民,,民進,,12,,千葉県 5区,,,男性,1974-02-13,43,,,,,,,,,,,,,,,,,https://www.wikidata.org/wiki/Q11523550,,,,,,,
Q11529448,松原聡,,共産,,22,,静岡県 4区,,,男性,1954-11-01,62,,,,,,,,,,,,,,,,,https://www.wikidata.org/wiki/Q11529448,,,,,,,
Q11533657,柏倉祐司,,民進,,9,,栃木県 1区,,,男性,1969-04-10,48,,,,,,,,,,,,,,,,,https://www.wikidata.org/wiki/Q11533657,,,,,,,
Q11535033,柿沢未途,,無所属,現職,13,,東京都 15区,,,男性,1971-01-21,46,310kakizawa,https://www.facebook.com/mito.kakizawa,,,,,,,,,,,,,,,https://www.wikidata.org/wiki/Q11535033,,,,,,,
Q11536382,根本幸典,,自民,現職,23,,愛知県 15区,,,男性,1965-02-21,52,nemotoyukinori,,,,,,,,,,,,,,,,https://www.wikidata.org/wiki/Q11536382,,,,,,,
Q11538822,梶原康弘,,民進,,28,,兵庫県 5区,,,男性,1956-10-14,60,,,,,,,,,,,,,,,,,https://www.wikidata.org/wiki/Q11538822,,,,,,,
Q11539493,森山浩行,,民進,,27,,大阪府 16区,,,男性,1971-04-08,46,,,,,,,,,,,,,,,,,https://www.wikidata.org/wiki/Q11539493,,,,,,,
Q11539787,森本和義,,民進,,23,,愛知県 6区,,,男性,1966-06-16,51,,,,,,,,,,,,,,,,,https://www.wikidata.org/wiki/Q11539787,,,,,,,
Q11540810,椎名毅,,無所属,,14,,神奈川県 9区,,,男性,1975-11-20,41,,,,,,,,,,,,,,,,,https://www.wikidata.org/wiki/Q11540810,,,,,,,
Q11542092,樋口尚也,,公明,現職,,近畿ブロック,,,,男性,1971-04-11,46,,,,,,,,,,,,,,,,,https://www.wikidata.org/wiki/Q11542092,,,,,,,
Q11542202,樋高剛,,自由,,14,,神奈川県 18区,,,男性,1965-11-24,51,,,,,,,,,,,,,,,,,https://www.wikidata.org/wiki/Q11542202,,,,,,,
Q11544051,橋本英教,,自民,現職,,東北ブロック,,,,男性,1967-08-28,50,,,,,,,,,,,,,,,,,https://www.wikidata.org/wiki/Q11544051,,,,,,,
Q11544282,橘慶一郎,,自民,現職,16,,富山県 3区,,,男性,1961-01-23,56,,,,,,,,,,,,,,,,,https://www.wikidata.org/wiki/Q11544282,,,,,,,
Q11544691,櫛渕万里,,民進,,13,,東京都 23区,,,女性,1967-10-15,49,,,,,,,,,,,,,,,,,https://www.wikidata.org/wiki/Q11544691,,,,,,,
Q11545768,武井俊輔,,自民,現職,45,,宮崎県 1区,,,男性,1975-03-29,42,syunsuke_takei,,,,,,,,,,,,,,,,https://www.wikidata.org/wiki/Q11545768,,,,,,,
Q11546026,武村展英,,自民,現職,25,,滋賀県 3区,,,男性,1972-01-21,45,nobu_takemura,,,,,,,,,,,,,,,,https://www.wikidata.org/wiki/Q11546026,,,,,,,
Q11546528,武藤貴也,,無所属,現職,25,,滋賀県 4区,,,男性,1979-05-25,38,takaya_mutou,,,,,,,,,,,,,,,,https://www.wikidata.org/wiki/Q11546528,,,,,,,
Q11546586,武部新,たけべ あらた,自民,現職,1,,北海道 12区,"第46回衆議院議員総選挙
第47回衆議院議員総選挙","第46回衆議院議員総選挙
第47回衆議院議員総選挙",男性,1970-07-20,47,takebearata,takebearata,,,,http://takebe-arata.com/,,,https://www.jimin.jp/member/member_list/legislator/118787.html,北海道斜里郡斜里町,"北海道立札幌南高等学校
早稲田大学法学部
シカゴ大学公共政策大学院",日本興業銀行(-2000),衆議院議員,武部勤,,,https://www.wikidata.org/wiki/Q11546586,https://ja.wikipedia.org/wiki/%E6%AD%A6%E9%83%A8%E6%96%B0,higa4,10/7,10/7,,,
Q11547421,比嘉奈津美,,自民,現職,,九州ブロック,,,,女性,1958-10-03,59,,,,,,,,,,,,,,,,,https://www.wikidata.org/wiki/Q11547421,,,,,,,
Q11551703,池田佳隆,,自民,現職,,東海ブロック,,,,男性,1966-06-20,51,ikeda_0620,,,,,,,,,,,,,,,,https://www.wikidata.org/wiki/Q11551703,,,,,,,
Q11552157,池田道孝,,自民,現職,,中国ブロック,,,,男性,1947-02-09,70,,,,,,,,,,,,,,,,,https://www.wikidata.org/wiki/Q11552157,,,,,,,
Q11553342,河井克行,,自民,現職,34,,広島県 3区,,,男性,1963-03-11,54,,,,,,,,,,,,,,,,,https://www.wikidata.org/wiki/Q11553342,,,,,,,
Q1155448,平野博文,,民進,現職,,近畿ブロック,,,,男性,1949-03-19,68,,,,,,,,,,,,,,,,,https://www.wikidata.org/wiki/Q1155448,,,,,,,
Q11558377,浦野靖人,,維新,現職,,近畿ブロック,,,,男性,1973-04-04,44,uranoyasuto,https://www.facebook.com/urano.yasuto,,,,,,,,,,,,,,,https://www.wikidata.org/wiki/Q11558377,,,,,,,
Q11560960,清水ただし,,共産,現職,,,,,,男性,1968-05-05,49,,,,,,http://www.shimizu-tadashi.jp/,,,,,,,,,,,,,,,,,,
Q11560960,清水忠史,,共産,現職,,近畿ブロック,,,,男性,1968-05-05,49,,,,,,,,,,,,,,,,,https://www.wikidata.org/wiki/Q11560960,,,,,,,
Q11561908,渡嘉敷奈緒美,とかしきなおみ,自民,,27,,大阪府 7区,,,女性,1962-07-16,55,naomi_tokashiki,https://www.facebook.com/naomi.tokashiki.7,,,,,,,,,,,,,,,https://www.wikidata.org/wiki/Q11561908,,,,,,,
Q11562133,渡辺博道,,自民,現職,12,,千葉県 6区,,,男性,1950-08-03,67,,,,,,,,,,,,,,,,,https://www.wikidata.org/wiki/Q11562133,,,,,,,
Q11562188,渡辺孝一,,自民,現職,1,北海道ブロック,,,,男性,1957-11-25,59,,,,,,,,,,,,,,,,,https://www.wikidata.org/wiki/Q11562188,,,,,,,
Q11563479,湯原俊二,,民進,,31,,鳥取県 2区,,,男性,1962-11-20,54,,,,,,,,,,,,,,,,,https://www.wikidata.org/wiki/Q11563479,,,,,,,
Q11566187,濱村進,,公明,現職,,近畿ブロック,,,,男性,1975-09-30,42,HamamuraSusumu,https://www.facebook.com/hamamurasusumu,,,,,,,,,,,,,,,https://www.wikidata.org/wiki/Q11566187,,,,,,,
Q11566681,瀬戸隆一,,自民,現職,,四国ブロック,,,,男性,1965-08-02,52,setotakakazu,,,,,,,,,,,,,,,,https://www.wikidata.org/wiki/Q11566681,,,,,,,
Q11568677,熊田裕通,,自民,現職,23,,愛知県 1区,,,男性,1964-08-28,53,kumadahiromichi,,,,,,,,,,,,,,,,https://www.wikidata.org/wiki/Q11568677,,,,,,,
Q11570409,牧島かれん,,自民,現職,14,,神奈川県 17区,,,女性,1976-11-01,40,makishimakaren,,,,,,,,,,,,,,,,https://www.wikidata.org/wiki/Q11570409,,,,,,,
Q11572466,玉城デニー,,自由,現職,47,,沖縄県 3区,,,男性,1959-10-13,57,tamakidenny,,,,,,,,,,,,,,,,https://www.wikidata.org/wiki/Q11572466,,,,,,,
Q11572647,玉木雄一郎,,民進,現職,37,,香川県 2区,,,男性,1969-05-01,48,tamakiyuichiro,,,,,,,,,,,,,,,,https://www.wikidata.org/wiki/Q11572647,,,,,,,
Q11574554,生方幸夫,,民進,,12,,千葉県 6区,,,男性,1947-10-31,69,,,,,,,,,,,,,,,,,https://www.wikidata.org/wiki/Q11574554,,,,,,,
Q11576787,田所嘉徳,,自民,現職,8,,茨城県 1区,,,男性,1954-01-19,63,tadokoro_yoshi,,,,,,,,,,,,,,,,https://www.wikidata.org/wiki/Q11576787,,,,,,,
Q11577186,田畑毅,,自民,現職,,東京ブロック,,,,男性,1972-05-02,45,,,,,,,,,,,,,,,,,https://www.wikidata.org/wiki/Q11577186,,,,,,,
Q11577205,田畑裕明,,自民,現職,16,,富山県 1区,,,男性,1973-01-02,44,,,,,,,,,,,,,,,,,https://www.wikidata.org/wiki/Q11577205,,,,,,,
Q11577481,田野瀬太道,,自民,現職,29,,奈良県 4区,,,男性,1974-07-04,43,,,,,,,,,,,,,,,,,https://www.wikidata.org/wiki/Q11577481,,,,,,,
Q11578483,畑浩治,,民進,,3,,岩手県 2区,,,男性,1963-09-28,54,,,,,,,,,,,,,,,,,https://www.wikidata.org/wiki/Q11578483,,,,,,,
Q11578505,畑野君枝,,共産,現職,,南関東ブロック,,,,女性,1957-01-28,60,,,,,,,,,,,,,,,,,https://www.wikidata.org/wiki/Q11578505,,,,,,,
Q11578596,畠中光成,,民進,,28,,兵庫県 7区,,,男性,1972-06-30,45,,,,,,,,,,,,,,,,,https://www.wikidata.org/wiki/Q11578596,,,,,,,
Q11580199,白石洋一,,民進,,38,,愛媛県 3区,,,男性,1963-06-25,54,,,,,,,,,,,,,,,,,https://www.wikidata.org/wiki/Q11580199,,,,,,,
Q11580448,白須賀貴樹,,自民,現職,12,,千葉県 13区,,,男性,1975-03-16,42,,,,,,,,,,,,,,,,,https://www.wikidata.org/wiki/Q11580448,,,,,,,
Q11583883,矢上雅義,,民進,,43,,熊本県 4区,,,男性,1960-08-08,57,,,,,,,,,,,,,,,,,https://www.wikidata.org/wiki/Q11583883,,,,,,,
Q11585604,石崎徹,,自民,現職,15,,新潟県 1区,,,男性,1984-01-25,33,,https://www.facebook.com/ishizaki.tohru,,,,,,,,,,,,,,,https://www.wikidata.org/wiki/Q11585604,,,,,,,
Q11585840,石川昭政,,自民,現職,,北関東ブロック,,,,男性,1972-09-18,45,,,,,,,,,,,,,,,,,https://www.wikidata.org/wiki/Q11585840,,,,,,,
Q11586782,石津政雄,,民進,,8,,茨城県 2区,,,男性,1947-03-10,70,,,,,,,,,,,,,,,,,https://www.wikidata.org/wiki/Q11586782,,,,,,,
Q11589542,神山洋介,,民進,現職,,南関東ブロック,,,,男性,1975-05-24,42,KAMIYAMA_Yosuke,,,,,,,,,,,,,,,,https://www.wikidata.org/wiki/Q11589542,,,,,,,
Q11590601,神田憲次,,自民,現職,,東海ブロック,,,,男性,1963-02-19,54,,,,,,,,,,,,,,,,,https://www.wikidata.org/wiki/Q11590601,,,,,,,
Q11592023,福山守,,自民,現職,,四国ブロック,,,,男性,1952-12-19,64,,,,,,,,,,,,,,,,,https://www.wikidata.org/wiki/Q11592023,,,,,,,
Q11593023,福島伸享,,民進,現職,,北関東ブロック,,,,男性,1970-08-08,47,,,,,,,,,,,,,,,,,https://www.wikidata.org/wiki/Q11593023,,,,,,,
Q11596567,稲富修二,,民進,,40,,福岡県 2区,,,男性,1970-08-26,47,,,,,,,,,,,,,,,,,https://www.wikidata.org/wiki/Q11596567,,,,,,,
Q11596723,稲津久,いなつ ひさし,公明,現職,1,,北海道 10区,"第45回衆議院議員総選挙
第46回衆議院議員総選挙(得票：87,930)
第47回衆議院議員総選挙(得票：86,722)","第45回衆議院議員総選挙(比例北海道ブロック)
第46回衆議院議員総選挙(北海道第10区)
第47回衆議院議員総選挙(北海道第10区)",男性,1958-02-09,59,inatsuhisashi,"inatsu.komei
inatsu.news",,,UCMj6Ry4O5UXUWKMGiNxJg2A,http://www.inatsu.com/,contact@inatsu.com,,,北海道芦別市,"北海道芦別高等学校
専修大学商学部(1982/3卒)",,"北海道議会議員
衆議院議員
農林水産大臣政務官",,,,https://www.wikidata.org/wiki/Q11596723,https://ja.wikipedia.org/wiki/%E7%A8%B2%E6%B4%A5%E4%B9%85,higa4,10/4,10/4,higa4,10/4,10/4
Q11597257,穴見陽一,,自民,現職,,九州ブロック,,,,男性,1969-07-24,48,,,,,,,,,,,,,,,,,https://www.wikidata.org/wiki/Q11597257,,,,,,,
Q11599306,竹田光明,,民進,,13,,東京都 20区,,,男性,1955-08-13,62,,,,,,,,,,,,,,,,,https://www.wikidata.org/wiki/Q11599306,,,,,,,
Q11602573,笹川博義,,自民,現職,10,,群馬県 3区,,,男性,1966-08-29,51,,,,,,,,,,,,,,,,,https://www.wikidata.org/wiki/Q11602573,,,,,,,
Q11603860,簗和生,,自民,現職,9,,栃木県 3区,,,男性,1979-04-22,38,,,,,,,,,,,,,,,,,https://www.wikidata.org/wiki/Q11603860,,,,,,,
Q11606064,細田健一,,自民,現職,15,,新潟県 2区,,,男性,1964-07-11,53,hosoda_kenichi,,,,,,,,,,,,,,,,https://www.wikidata.org/wiki/Q11606064,,,,,,,
Q11609955,義家弘介,,自民,現職,,南関東ブロック,,,,男性,1971-03-31,46,yoshiiehiroyuki,https://www.facebook.com/h.yoshiie,,,,,,,,,,,,,,,https://www.wikidata.org/wiki/Q11609955,,,,,,,
Q1161024,河野太郎,,自民,現職,14,,神奈川県 15区,,,男性,1963-01-10,54,konotarogomame,https://www.facebook.com/河野太郎-168727046514485,,,,,,,,,,,,,,,https://www.wikidata.org/wiki/Q1161024,,,,,,,
Q11614128,船橋利実,,自民,,1,,北海道 1区,,,男性,1960-11-20,56,,,,,,,,,,,,,,,,,https://www.wikidata.org/wiki/Q11614128,,,,,,,
Q11616618,若狭勝,,希望,現職,13,,東京都 10区,,,男性,1956-12-06,60,,https://www.facebook.com/wakasamasaru,,,,,,,,,,,,,,,https://www.wikidata.org/wiki/Q11616618,,,,,,,
Q11619136,菅原一秀,,自民,現職,13,,東京都 9区,,,男性,1962-01-07,55,sugawaraisshu,https://www.facebook.com/sugawaraisshu,,,,,,,,,,,,,,,https://www.wikidata.org/wiki/Q11619136,,,,,,,
Q11619261,菅家一郎,,自民,現職,,東北ブロック,,,,男性,1955-05-20,62,kanke_ichirou,,,,,,,,,,,,,,,,https://www.wikidata.org/wiki/Q11619261,,,,,,,
Q11622647,藤丸敏,,自民,現職,40,,福岡県 7区,,,男性,1960-01-19,57,,https://www.facebook.com/fujimaru.satoshi,,,,,,,,,,,,,,,https://www.wikidata.org/wiki/Q11622647,,,,,,,
Q11622818,藤井比早之,,自民,現職,28,,兵庫県 4区,,,男性,1971-09-11,46,FujiiHisayuki,,,,,,,,,,,,,,,,https://www.wikidata.org/wiki/Q11622818,,,,,,,
Q11623218,藤原崇,,自民,現職,,東北ブロック,,,,男性,1983-08-02,34,iwate_fujiwara,,,,,,,,,,,,,,,,https://www.wikidata.org/wiki/Q11623218,,,,,,,
Q11627955,西岡新,,維新,,38,,愛媛県 2区,,,男性,1973-02-03,44,,,,,,,,,,,,,,,,,https://www.wikidata.org/wiki/Q11627955,,,,,,,
Q11629761,西野弘一,,無所属,,27,,大阪府 13区,,,男性,1969-01-11,48,,,,,,,,,,,,,,,,,https://www.wikidata.org/wiki/Q11629761,,,,,,,
Q11629931,西銘恒三郎,,自民,現職,,九州ブロック,,,,男性,1954-08-07,63,,,,,,,,,,,,,,,,,https://www.wikidata.org/wiki/Q11629931,,,,,,,
Q11633044,谷田川元,,民進,,12,,千葉県 10区,,,男性,1963-01-17,54,,,,,,,,,,,,,,,,,https://www.wikidata.org/wiki/Q11633044,,,,,,,
Q11634137,豊田真由子,,無所属,現職,11,,埼玉県 4区,,,女性,1974-10-10,42,toyota_mayuko,https://www.facebook.com/mayuko.toyota2012,,,,,,,,,,,,,,,https://www.wikidata.org/wiki/Q11634137,,,,,,,
Q11635735,赤枝恒雄,,自民,現職,,東京ブロック,,,,男性,1944-03-16,73,,,,,,,,,,,,,,,,,https://www.wikidata.org/wiki/Q11635735,,,,,,,
Q11637002,足立やすし,,維新,現職,,,,,,男性,1965-10-14,51,adachiyasushi,,,,,http://adachiyasushi.jp/,,,,,,,,,,,,,,,,,,
Q11637002,足立康史,,維新,現職,,近畿ブロック,,,,男性,1965-10-14,51,adachiyasushi,,,,,,,,,,,,,,,,https://www.wikidata.org/wiki/Q11637002,,,,,,,
Q11637774,輿水恵一,,公明,現職,,北関東ブロック,,,,男性,1962-02-04,55,,,,,,,,,,,,,,,,,https://www.wikidata.org/wiki/Q11637774,,,,,,,
Q11638274,辻清人,,自民,現職,13,,東京都 2区,,,男性,1979-09-07,38,tujikiyoto,https://www.facebook.com/kiyototsujitokyo2nd,,,,,,,,,,,,,,,https://www.wikidata.org/wiki/Q11638274,,,,,,,
Q11638747,近藤和也,,民進,,17,,石川県 3区,,,男性,1973-12-12,43,,,,,,,,,,,,,,,,,https://www.wikidata.org/wiki/Q11638747,,,,,,,
Q11638850,近藤浩,,維新,,23,,愛知県 4区,,,男性,1961-01-31,56,,,,,,,,,,,,,,,,,https://www.wikidata.org/wiki/Q11638850,,,,,,,
Q11642258,遠藤敬,,維新,現職,27,,大阪府 18区,,,男性,1968-06-06,49,,,,,,,,,,,,,,,,,https://www.wikidata.org/wiki/Q11642258,,,,,,,
Q11644760,重徳和彦,,民進,現職,23,,愛知県 12区,,,男性,1970-12-21,46,shigetoku2,https://www.facebook.com/shigetokukazuhiko,,,,,,,,,,,,,,,https://www.wikidata.org/wiki/Q11644760,,,,,,,
Q11645002,野中厚,,自民,現職,11,,埼玉県 12区,,,男性,1976-11-17,40,,,,,,,,,,,,,,,,,https://www.wikidata.org/wiki/Q11645002,,,,,,,
Q11646016,野田毅,,自民,現職,43,,熊本県 2区,,,男性,1941-10-03,76,,,,,,,,,,,,,,,,,https://www.wikidata.org/wiki/Q11646016,,,,,,,
Q11646177,野間健,,希望,現職,46,,鹿児島県 3区,,,男性,1958-10-08,58,,,,,,,,,,,,,,,,,https://www.wikidata.org/wiki/Q11646177,,,,,,,
Q11646784,金子恵美,,自民,現職,15,,新潟県 4区,,,女性,1978-02-27,39,,,,,,http://kanekomegumi.net/,,,,,,,,,,,https://www.wikidata.org/wiki/Q11646784,,,,,,,
Q11647123,椎木保,,維新,現職,,近畿ブロック,,,,男性,1966-07-04,51,,,,,,,,,,,,,,,,,https://www.wikidata.org/wiki/Q11647123,,,,,,,
Q11647681,金田勝年,,自民,現職,5,,秋田県 2区,,,男性,1949-10-04,68,,https://www.facebook.com/kaneda.katsutoshi,,,,,,,,,,,,,,,https://www.wikidata.org/wiki/Q11647681,,,,,,,
Q11648868,鈴木憲和,,自民,現職,6,,山形県 2区,,,男性,1982-01-30,35,norikazu_suzuki,https://www.facebook.com/suzuki.norikazu.official,,,,,,,,,,,,,,,https://www.wikidata.org/wiki/Q11648868,,,,,,,
Q11649031,鈴木淳司,,自民,現職,,東海ブロック,,,,男性,1958-04-07,59,,https://www.facebook.com/suzuki.jyunji,,,,,,,,,,,,,,,https://www.wikidata.org/wiki/Q11649031,,,,,,,
Q11649189,鈴木義弘,,希望,現職,11,,埼玉県 14区,,,男性,1962-11-10,54,,,,,,,,,,,,,,,,,https://www.wikidata.org/wiki/Q11649189,,,,,,,
Q11651021,鎌田さゆり,,無所属,,4,,宮城県 2区,,,女性,1965-01-08,52,,,,,,,,,,,,,,,,,https://www.wikidata.org/wiki/Q11651021,,,,,,,
Q11651619,長坂康正,,自民,現職,23,,愛知県 9区,,,男性,1957-04-10,60,,,,,,,,,,,,,,,,,https://www.wikidata.org/wiki/Q11651619,,,,,,,
Q11651845,長尾敬,,自民,現職,,近畿ブロック,,,,男性,1962-11-29,54,,,,,,,,,,,,,,,,,https://www.wikidata.org/wiki/Q11651845,,,,,,,
Q11653978,長谷川豊,,維新,,12,,千葉県 1区,,,男性,1975-08-12,42,,,,,,,,,,,,,,,,,https://www.wikidata.org/wiki/Q11653978,,,,,,,
Q11654965,門博文,,自民,現職,,近畿ブロック,,,,男性,1965-08-18,52,kado_wakayama,,,,,,,,,,,,,,,,https://www.wikidata.org/wiki/Q11654965,,,,,,,
Q11656652,阪口直人,,民進,,21,,岐阜県 3区,,,男性,1963-06-12,54,,,,,,,,,,,,,,,,,https://www.wikidata.org/wiki/Q11656652,,,,,,,
Q11657599,阿知波吉信,,民進,,21,,岐阜県 5区,,,男性,1963-06-21,54,,,,,,,,,,,,,,,,,https://www.wikidata.org/wiki/Q11657599,,,,,,,
Q11657813,阿部寿一,,無所属,,6,,山形県 3区,,,男性,1959-08-17,58,,,,,,,,,,,,,,,,,https://www.wikidata.org/wiki/Q11657813,,,,,,,
Q11661236,青山周平,,自民,現職,,東海ブロック,,,,男性,1977-04-28,40,,,,,,,,,,,,,,,,,https://www.wikidata.org/wiki/Q11661236,,,,,,,
Q11661965,青柳陽一郎,,民進,現職,,南関東ブロック,,,,男性,1969-08-29,48,aoyagy,https://www.facebook.com/aoyagy.net,,,,,,,,,,,,,,,https://www.wikidata.org/wiki/Q11661965,,,,,,,
Q11667848,馬場伸幸,,維新,現職,27,,大阪府 17区,,,男性,1965-01-27,52,,,,,,,,,,,,,,,,,https://www.wikidata.org/wiki/Q11667848,,,,,,,
Q11668691,高井崇志,,立憲民主,現職,,中国ブロック,,,,男性,1969-09-26,48,,,,,,,,,,,,,,,,,https://www.wikidata.org/wiki/Q11668691,,,,,,,
Q11670038,高木宏壽,,自民,現職,1,,北海道 3区,,,男性,1960-04-09,57,,,,,,,,,,,,,,,,,https://www.wikidata.org/wiki/Q11670038,,,,,,,
Q11671375,高橋比奈子,,自民,,3,,岩手県 1区,,,女性,1958-01-19,59,,https://www.facebook.com/TakahashiHinako,,,,,,,,,,,,,,,https://www.wikidata.org/wiki/Q11671375,,,,,,,
Q11677736,黄川田仁志,,自民,現職,11,,埼玉県 3区,,,男性,1970-10-13,46,kikawadahitoshi,,,,,,,,,,,,,,,,https://www.wikidata.org/wiki/Q11677736,,,,,,,
Q11678114,黒岩宇洋,,民進,現職,15,,新潟県 3区,,,男性,1966-10-13,50,,,,,,,,,,,,,,,,,https://www.wikidata.org/wiki/Q11678114,,,,,,,
Q11679075,齋藤健,,自民,現職,12,,千葉県 7区,,,男性,1959-06-14,58,saitou_ken,,,,,https://www.saito-ken.jp/,,,,,東京大学経済学部卒、ハーバード大学大学院,,,,,,https://www.wikidata.org/wiki/Q11679075,,,,,,,
Q1207174,額賀福志郎,,自民,現職,8,,茨城県 2区,,,男性,1944-01-11,73,,,,,,,,,,,,,,,,,https://www.wikidata.org/wiki/Q1207174,,,,,,,
Q122465,菅義偉,,自民,現職,14,,神奈川県 2区,,,男性,1948-12-06,68,sugawitter,https://www.facebook.com/yoshihide.suga,,,,,,,,,,,,,,,https://www.wikidata.org/wiki/Q122465,,,,,,,
Q129149,鈴木克昌,,民進,現職,,東海ブロック,,,,男性,1943-11-14,73,katumasa1411,,,,,,,,,,,,,,,,https://www.wikidata.org/wiki/Q129149,,,,,,,
Q130856,横路孝弘,よこみち たかひろ,民進,現職,1,,北海道 1区,"第32回衆議院議員総選挙(旧北海道1区)
北海道知事選挙(1983/4)
1987年北海道知事選挙
1991年北海道知事選挙
第41回衆議院議員総選挙(旧民主党)","第32回衆議院議員総選挙(旧北海道1区)
北海道知事選挙(1983/4)
1987年北海道知事選挙
1991年北海道知事選挙
第41回衆議院議員総選挙(旧民主党)",男性,1941-01-03,76,,よこみち孝弘さんを応援する会-528095063960664,,,,http://www.yokomichi.com/,webmaster@yokomichi.com,http://blog.goo.ne.jp/yokomichi1,,北海道札幌市,"北海道札幌西高等学校
東京都立九段高等学校
東京大学法学部",弁護士(1968-),"衆議院議員
衆議院議長
衆議院副議長
北海道知事",横路節雄,,,https://www.wikidata.org/wiki/Q130856,https://ja.wikipedia.org/wiki/%E6%A8%AA%E8%B7%AF%E5%AD%9D%E5%BC%98,higa4,10/7,10/7,,,
Q1315762,松本剛明,,自民,現職,28,,兵庫県 11区,,,男性,1959-04-25,58,,https://www.facebook.com/takeaki.matsumoto.94,,,,,,,,,,,,,,,https://www.wikidata.org/wiki/Q1315762,,,,,,,
Q132280,前原誠司,,民進,現職,26,,京都府 2区,,,男性,1962-04-30,55,,,,,,,,,,,,,,,,,https://www.wikidata.org/wiki/Q132280,,,,,,,
Q132345,安倍晋三,,自民,現職,35,,山口県 4区,,,男性,1954-09-21,63,AbeShinzo,https://www.facebook.com/abeshinzo,,,,,,,,,,,,,,,https://www.wikidata.org/wiki/Q132345,,,,,,,
Q132596,麻生太郎,,自民,現職,40,,福岡県 8区,,,男性,1940-09-20,77,taro_aso_,,,,,,,,,,,,,,,,https://www.wikidata.org/wiki/Q132596,,,,,,,
Q1335527,石破茂,,自民,現職,31,,鳥取県 1区,,,男性,1957-02-04,60,shigeruishiba,https://www.facebook.com/ishibashigeru,,,,,,,,,,,,,,,https://www.wikidata.org/wiki/Q1335527,,,,,,,
Q1336805,松原仁,,希望,現職,,東京ブロック,,,,男性,1956-07-31,61,,,,,,,,,,,,,,,,,https://www.wikidata.org/wiki/Q1336805,,,,,,,
Q1340817,棚橋泰文,,自民,現職,21,,岐阜県 2区,,,男性,1963-02-11,54,,,,,,,,,,,,,,,,,https://www.wikidata.org/wiki/Q1340817,,,,,,,
Q1478311,荒井聰,,民進,現職,1,北海道ブロック,,,,男性,1946-05-27,71,satoshisatoshia,https://www.facebook.com/Satoshi.Arai21,,,,,,,,,,,,,,,https://www.wikidata.org/wiki/Q1478311,,,,,,,
Q15220933,新谷正義,,自民,現職,,中国ブロック,,,,男性,1975-03-08,42,,https://www.facebook.com/shintani.officialpage,,,,,,,,,,,,,,,https://www.wikidata.org/wiki/Q15220933,,,,,,,
Q16263623,秋本真利,,自民,現職,,東京ブロック,,,,男性,1975-08-10,42,akimoto_chiba9,,,,,,,,,,,,,,,,https://www.wikidata.org/wiki/Q16263623,,,,,,,
Q16264927,岡本三成,,公明,現職,,北関東ブロック,,,,男性,1965-05-05,52,,,,,,,,,,,,,,,,,https://www.wikidata.org/wiki/Q16264927,,,,,,,
Q1654408,稲田朋美,,自民,現職,18,,福井県 1区,,,女性,1959-02-20,58,,https://www.facebook.com/tomomi.inada.5,,,,,,,,,,,,,,,https://www.wikidata.org/wiki/Q1654408,,,,,,,
Q1654639,岩屋毅,,自民,現職,44,,大分県 3区,,,男性,1957-08-24,60,takeshi108,https://www.facebook.com/iwayajimusho,,,,,,,,,,,,,,,https://www.wikidata.org/wiki/Q1654639,,,,,,,
Q1655220,下村博文,,自民,現職,13,,東京都 11区,,,男性,1954-05-23,63,,https://www.facebook.com/hakubun.shimomura,,,,,,,,,,,,,,,https://www.wikidata.org/wiki/Q1655220,,,,,,,
Q1655453,茂木敏充,,自民,現職,9,,栃木県 5区,,,男性,1955-10-07,62,moteging,https://www.facebook.com/moteging,,,,,,,,,,,,,,,https://www.wikidata.org/wiki/Q1655453,,,,,,,
Q1655755,中川郁子,なかがわ ゆうこ,自民,現職,1,,北海道 11区,"第46回衆議院議員総選挙
第47回衆議院議員総選挙","第46回衆議院議員総選挙(北海道第11区)
第47回衆議院議員総選挙(北海道第11区)",女性,1958-12-22,58,nakagawayuko,nakagawa.office,,,nakagawayuko,http://nakagawa-yuko.jp/,,,,新潟県,聖心女子大学外国語外国文学科(1981年卒),三菱商事(1981-1982),衆議院議員,,中川昭一,,https://www.wikidata.org/wiki/Q1655755,https://ja.wikipedia.org/wiki/%E4%B8%AD%E5%B7%9D%E9%83%81%E5%AD%90,higa4,10/7,10/7,,,
Q1656878,田村憲久,,自民,現職,24,,三重県 4区,,,男性,1964-12-15,52,,,,,,,,,,,,,,,,,https://www.wikidata.org/wiki/Q1656878,,,,,,,
Q1656896,宮腰光寛,,自民,現職,16,,富山県 2区,,,男性,1950-01-01,67,,,,,,,,,,,,,,,,,https://www.wikidata.org/wiki/Q1656896,,,,,,,
Q16769971,門山宏哲,,自民,現職,,南関東ブロック,,,,男性,1964-09-03,53,,,,,,,,,,,,,,,,,https://www.wikidata.org/wiki/Q16769971,,,,,,,
Q16770033,金子万寿夫,,自民,現職,46,,鹿児島県 2区,,,男性,1947-01-11,70,,,,,,,,,,,,,,,,,https://www.wikidata.org/wiki/Q16770033,,,,,,,
Q1689655,川崎二郎,,自民,現職,24,,三重県 1区,,,男性,1947-11-15,69,,,,,,http://www.kawasaki-jiro.ne.jp/,,,,,慶應義塾大学商学部卒業,,,,,,https://www.wikidata.org/wiki/Q1689655,,,,,,,
Q1704924,根本匠,,自民,現職,7,,福島県 2区,,,男性,1951-03-07,66,,https://www.facebook.com/Nemoto.Official,,,,,,,,,,,,,,,https://www.wikidata.org/wiki/Q1704924,,,,,,,
Q1704969,古屋圭司,,自民,現職,21,,岐阜県 5区,,,男性,1952-11-01,64,,https://www.facebook.com/furuyakeiji,,,,,,,,,,,,,,,https://www.wikidata.org/wiki/Q1704969,,,,,,,
Q1705028,高市早苗,,自民,現職,29,,奈良県 2区,,,女性,1961-03-07,56,,,,,,,,,,,,,,,,,https://www.wikidata.org/wiki/Q1705028,,,,,,,
Q17158474,今野智博,,自民,現職,,北関東ブロック,,,,男性,1975-07-25,42,,,,,,,,,,,,,,,,,https://www.wikidata.org/wiki/Q17158474,,,,,,,
Q17158549,斎藤洋明,,自民,現職,,北陸信越ブロック,,,,男性,1976-12-08,40,saito_hiroaki_,,,,,,,,,,,,,,,,https://www.wikidata.org/wiki/Q17158549,,,,,,,
Q17158714,坂本祐之輔,,民進,現職,,北関東ブロック,,,,男性,1955-01-30,62,nipponniyumeo,,,,,,,,,,,,,,,,https://www.wikidata.org/wiki/Q17158714,,,,,,,
Q17158871,佐々木紀,,自民,現職,17,,石川県 2区,,,男性,1974-10-18,42,hajime24331,https://www.facebook.com/start.sasaki.hajime,,,,,,,,,,,,,,,https://www.wikidata.org/wiki/Q17158871,,,,,,,
Q17159494,島田佳和,,自民,現職,,東海ブロック,,,,男性,1970-05-08,47,,,,,,,,,,,,,,,,,https://www.wikidata.org/wiki/Q17159494,,,,,,,
Q17160031,鈴木貴子,,無所属,現職,1,北海道ブロック,,,,女性,1986-01-05,31,,https://www.facebook.com/takakosuzukidaichi,,,,,,,,,,,,,,,https://www.wikidata.org/wiki/Q17160031,,,,,,,
Q17160872,田中英之,,自民,現職,26,,京都府 4区,,,男性,1970-07-11,47,,,,,,,,,,,,,,,,,https://www.wikidata.org/wiki/Q17160872,,,,,,,
Q17219387,鳩山二郎,,自民,現職,40,,福岡県 6区,,,男性,1979-01-13,38,,https://www.facebook.com/%E9%B3%A9%E5%B1%B1-%E4%BA%8C%E9%83%8E-611761022337730/,,,,,,,,,,,,,,,https://www.wikidata.org/wiki/Q17219387,,,,,,,
Q17223599,松田直久,,民進,現職,,東海ブロック,,,,男性,1954-05-08,63,,,,,,,,,,,,,,,,,https://www.wikidata.org/wiki/Q17223599,,,,,,,
Q1724004,照屋寛徳,,社民,現職,47,,沖縄県 2区,,,男性,1945-07-24,72,,,,,,,,,,,,,,,,,https://www.wikidata.org/wiki/Q1724004,,,,,,,
Q1737905,石井啓一,,公明,現職,,北関東ブロック,,,,男性,1958-03-20,59,,,,,,,,,,,,,,,,,https://www.wikidata.org/wiki/Q1737905,,,,,,,
Q1737907,浅尾慶一郎,,自民,現職,14,,神奈川県 4区,,,男性,1964-02-11,53,asao_keiichiro,https://www.facebook.com/KeiichiroASAO,,,,,,,,,,,,,,,https://www.wikidata.org/wiki/Q1737907,,,,,,,
Q1761759,下地幹郎,,維新,現職,,九州ブロック,,,,男性,1961-08-14,56,,,,,,,,,,,,,,,,,https://www.wikidata.org/wiki/Q1761759,,,,,,,
Q18458881,源馬謙太郎,,民進,,22,,静岡県 8区,,,男性,1972-12-21,44,,,,,,,,,,,,,,,,,https://www.wikidata.org/wiki/Q18458881,,,,,,,
Q18669603,池内沙織,,共産,,13,,東京都 12区,,,女性,1982-09-15,35,ikeuchi_saori,https://www.facebook.com/saolyn.ikeuchi/,,,,,,,,,,,,,,,https://www.wikidata.org/wiki/Q18669603,,,,,,,
Q18700742,梅村早江子,,共産,,11,,埼玉県 15区,,,女性,1964-06-28,53,,,,,,,,,,,,,,,,,https://www.wikidata.org/wiki/Q18700742,,,,,,,
Q18700919,落合貴之,,民進,現職,,東京ブロック,,,,男性,1979-08-17,38,ochiaitakayuki,https://www.facebook.com/pages/%E8%90%BD%E5%90%88%E8%B2%B4%E4%B9%8B-%E4%BA%8B%E5%8B%99%E6%89%80%E7%B6%AD%E6%96%B0%E3%81%AE%E5%85%9A-%E6%9D%B1%E4%BA%AC6%E5%8C%BA%E6%94%AF%E9%83%A8-%E4%B8%96%E7%94%B0%E8%B0%B7%E5%8C%BA/1000693033304452,,,,,,,,,,,,,,,https://www.wikidata.org/wiki/Q18700919,,,,,,,
Q18701018,加藤鮎子,,自民,現職,6,,山形県 3区,,,女性,1979-04-19,38,,,,,,,,,,,,,,,,,https://www.wikidata.org/wiki/Q18701018,,,,,,,
Q18817349,古田圭一,,自民,現職,,中国ブロック,,,,男性,1957-08-14,60,,,,,,,,,,,,,,,,,https://www.wikidata.org/wiki/Q18817349,,,,,,,
Q18817567,斉藤和子,,共産,現職,,南関東ブロック,,,,女性,1974-09-29,43,saitokazuko,https://www.facebook.com/saito9kazuko/?fref=nf,,,,,,,,,,,,,,,https://www.wikidata.org/wiki/Q18817567,,,,,,,
Q18817650,島津幸広,,共産,現職,,東海ブロック,,,,男性,1956-10-19,60,,,,,,,,,,,,,,,,,https://www.wikidata.org/wiki/Q18817650,,,,,,,
Q18817798,田村貴昭,,共産,現職,,九州ブロック,,,,男性,1961-04-30,56,@TAMURATAKAAKI,https://www.facebook.com/tamuratakaaki?fref=pb&hc_location=profile_browser,,,,,,,,,,,,,,,https://www.wikidata.org/wiki/Q18817798,,,,,,,
Q18817877,仲里利信,,無所属,現職,47,,沖縄県 4区,,,男性,1937-03-16,80,NakasatoOkinawa,https://www.facebook.com/nakasatookinawa,,,,,,,,,,,,,,,https://www.wikidata.org/wiki/Q18817877,,,,,,,
Q18817972,畠山和也,,共産,現職,1,北海道ブロック,,,,男性,1971-08-20,46,,,,,,,,,,,,,,,,,https://www.wikidata.org/wiki/Q18817972,,,,,,,
Q18818065,藤野保史,,共産,現職,,北陸信越ブロック,,,,男性,1970-06-04,47,,,,,,,,,,,,,,,,,https://www.wikidata.org/wiki/Q18818065,,,,,,,
Q18818101,堀内照文,,共産,現職,,近畿ブロック,,,,男性,1972-11-02,44,,,,,,,,,,,,,,,,,https://www.wikidata.org/wiki/Q18818101,,,,,,,
Q18818124,真島省三,,共産,現職,,九州ブロック,,,,男性,1963-01-12,54,syouzoumajima,https://www.facebook.com/majimasyouzou.jcp/,,,,,,,,,,,,,,,https://www.wikidata.org/wiki/Q18818124,,,,,,,
Q18818128,升田世喜男,,民進,現職,,東北ブロック,,,,男性,1957-06-05,60,,,,,,,,,,,,,,,,,https://www.wikidata.org/wiki/Q18818128,,,,,,,
Q18818200,宮本徹,,共産,現職,,東京ブロック,,,,男性,1972-01-22,45,,,,,,,,,,,,,,,,,https://www.wikidata.org/wiki/Q18818200,,,,,,,
Q18818207,宗清皇一,,自民,現職,27,,大阪府 13区,,,男性,1970-08-09,47,,,,,,,,,,,,,,,,,https://www.wikidata.org/wiki/Q18818207,,,,,,,
Q18818221,本村伸子,,共産,現職,,東海ブロック,,,,女性,1972-10-20,44,,,,,,,,,,,,,,,,,https://www.wikidata.org/wiki/Q18818221,,,,,,,
Q18818315,横山博幸,,希望,現職,,四国ブロック,,,,男性,1950-11-06,66,,,,,,,,,,,,,,,,,https://www.wikidata.org/wiki/Q18818315,,,,,,,
Q1906668,中川正春,,民進,現職,24,,三重県 2区,,,男性,1950-06-10,67,,,,,,,,,,,,,,,,,https://www.wikidata.org/wiki/Q1906668,,,,,,,
Q1949760,古川元久,,民進,現職,23,,愛知県 2区,,,男性,1965-12-06,51,Fullgen,https://www.facebook.com/FurukawaMotohisa,,,,,,,,,,,,,,,https://www.wikidata.org/wiki/Q1949760,,,,,,,
Q1965622,薗浦健太郎,,自民,現職,12,,千葉県 5区,,,男性,1972-06-03,45,sonourakentaro,,,,,,,,,,,,,,,,https://www.wikidata.org/wiki/Q1965622,,,,,,,
Q1995125,岸信夫,,自民,現職,35,,山口県 2区,,,男性,1959-04-01,58,KishiNobuo,https://www.facebook.com/kishinobuo,,,,,,,,,,,,,,,https://www.wikidata.org/wiki/Q1995125,,,,,,,
Q20039047,大隈和英,,自民,現職,,近畿ブロック,,,,男性,1969-08-23,48,,,,,,,,,,,,,,,,,https://www.wikidata.org/wiki/Q20039047,,,,,,,
Q20039110,大西宏幸,,自民,現職,,近畿ブロック,,,,男性,1967-07-15,50,,,,,,,,,,,,,,,,,https://www.wikidata.org/wiki/Q20039110,,,,,,,
Q20039172,岡下昌平,,自民,現職,,近畿ブロック,,,,男性,1975-03-08,42,,,,,,,,,,,,,,,,,https://www.wikidata.org/wiki/Q20039172,,,,,,,
Q20039502,神谷昇,,自民,現職,,近畿ブロック,,,,男性,1949-04-12,68,,,,,,,,,,,,,,,,,https://www.wikidata.org/wiki/Q20039502,,,,,,,
Q20039675,木村弥生,,自民,現職,,北関東ブロック,,,,女性,1965-08-11,52,,,,,,,,,,,,,,,,,https://www.wikidata.org/wiki/Q20039675,,,,,,,
Q20040828,鈴木隼人,,自民,現職,,東京ブロック,,,,男性,1977-08-08,40,,,,,,,,,,,,,,,,,https://www.wikidata.org/wiki/Q20040828,,,,,,,
Q20041303,谷川とむ,,自民,現職,,近畿ブロック,,,,男性,1976-04-27,41,,,,,,,,,,,,,,,,,https://www.wikidata.org/wiki/Q20041303,,,,,,,
Q20041482,角田秀穂,,公明,現職,,南関東ブロック,,,,男性,1961-03-25,56,,,,,,,,,,,,,,,,,https://www.wikidata.org/wiki/Q20041482,,,,,,,
Q20041786,中川康洋,,公明,現職,,東海ブロック,,,,男性,1968-02-12,49,,,,,,,,,,,,,,,,,https://www.wikidata.org/wiki/Q20041786,,,,,,,
Q212400,安住淳,,民進,現職,4,,宮城県 5区,,,男性,1962-01-17,55,,,,,,,,,,,,,,,,,https://www.wikidata.org/wiki/Q212400,,,,,,,
Q21655809,真山祐一,,公明,現職,,東北ブロック,,,,男性,1981-06-04,36,yuichi_mayama,https://www.facebook.com/%E7%9C%9F%E5%B1%B1%E7%A5%90%E4%B8%80-%E8%A1%86%E8%AD%B0%E9%99%A2%E8%AD%B0%E5%93%A1-424176007747296/,,,,,,,,,,,,,,,https://www.wikidata.org/wiki/Q21655809,,,,,,,
Q21655857,吉田豊史,よしだ とよふみ,維新,現職,,,富山1区,,,男性,1970-04-10,47,toyo23office,,,,,http://toyo23.net/,,,,,,,,,,,https://www.wikidata.org/wiki/Q21655857,https://ja.wikipedia.org/wiki/%E5%90%89%E7%94%B0%E8%B1%8A%E5%8F%B2,,,,,,
Q23907516,和田義明,,自民,現職,1,,北海道 5区,,,男性,1971-10-10,45,,,,,,,,,,,,,,,,,https://www.wikidata.org/wiki/Q23907516,,,,,,,
Q2484652,竹下亘,,自民,現職,32,,島根県 2区,,,男性,1946-11-03,70,,,,,,,,,,,,,,,,,https://www.wikidata.org/wiki/Q2484652,,,,,,,
Q2506910,福田達夫,,自民,現職,10,,群馬県 4区,,,男性,1967-03-05,50,TatsuoFukuda,https://www.facebook.com/tatsuo.fukuda.page,,,,,,,,,,,,,,,https://www.wikidata.org/wiki/Q2506910,,,,,,,
Q2576940,古川康,,自民,現職,41,,佐賀県 2区,,,男性,1958-07-15,59,,https://www.facebook.com/55furukawa.yasushi,,,,,,,,,,,,,,,https://www.wikidata.org/wiki/Q2576940,,,,,,,
Q2576975,末松義規,,民進,,13,,東京都 19区,,,男性,1956-12-06,60,,,,,,,,,,,,,,,,,https://www.wikidata.org/wiki/Q2576975,,,,,,,
Q263777,長妻昭,,立憲民主,現職,13,,東京都 7区,,,男性,1960-06-14,57,nagatsumaakira,https://www.facebook.com/nagatsumaakira,,,,,,,,,,,,,,,https://www.wikidata.org/wiki/Q263777,,,,,,,
Q265174,北川知克,,自民,現職,27,,大阪府 12区,,,男性,1951-11-08,65,,,,,,,,,,,,,,,,,https://www.wikidata.org/wiki/Q265174,,,,,,,
Q276275,上川陽子,,自民,現職,22,,静岡県 1区,,,女性,1953-03-01,64,,,,,,,,,,,,,,,,,https://www.wikidata.org/wiki/Q276275,,,,,,,
Q30144920,大平喜信,,共産,現職,,中国ブロック,,,,男性,1978-02-28,39,,,,,,,,,,,,,,,,,https://www.wikidata.org/wiki/Q30144920,,,,,,,
Q3136350,馳浩,,自民,現職,17,,石川県 1区,,,男性,1961-05-05,56,,https://www.facebook.com/hiroshi.hase,,,,,,,,,,,,,,,https://www.wikidata.org/wiki/Q3136350,,,,,,,
Q337406,太田昭宏,,公明,現職,13,,東京都 12区,,,男性,1945-10-06,72,teamohta,https://www.facebook.com/teamohta,,,,,,,,,,,,,,,https://www.wikidata.org/wiki/Q337406,,,,,,,
Q337507,志位和夫,,共産,現職,,南関東ブロック,,,,男性,1954-07-29,63,shiikazuo,,,,,,,,,,,,,,,,https://www.wikidata.org/wiki/Q337507,,,,,,,
Q3435725,福田昭夫,,民進,現職,9,,栃木県 2区,,,男性,1948-04-17,69,,,,,,,,,,,,,,,,,https://www.wikidata.org/wiki/Q3435725,,,,,,,
Q3482658,鈴木俊一,,自民,現職,3,,岩手県 2区,,,男性,1953-04-13,64,,,,,,,,,,,,,,,,,https://www.wikidata.org/wiki/Q3482658,,,,,,,
Q359480,岸田文雄,,自民,現職,34,,広島県 1区,,,男性,1957-07-29,60,,https://www.facebook.com/fkishida,,,,,,,,,,,,,,,https://www.wikidata.org/wiki/Q359480,,,,,,,
Q360395,塩崎恭久,,自民,現職,38,,愛媛県 1区,,,男性,1950-11-07,66,yasu_shio,,,,,,,,,,,,,,,,https://www.wikidata.org/wiki/Q360395,,,,,,,
Q382231,金子一義,,自民,現職,21,,岐阜県 4区,,,男性,1942-12-20,74,,,,,,,,,,,,,,,,,https://www.wikidata.org/wiki/Q382231,,,,,,,
Q382311,河村建夫,,自民,現職,35,,山口県 3区,,,男性,1942-11-10,74,takeokawamura,https://www.facebook.com/tspark.net,,,,,,,,,,,,,,,https://www.wikidata.org/wiki/Q382311,,,,,,,
Q388496,馬淵澄夫,,民進,現職,29,,奈良県 1区,,,男性,1960-08-23,57,mabuchi_sumio,,,,,,,,,,,,,,,,https://www.wikidata.org/wiki/Q388496,,,,,,,
Q405085,平沼赳夫,,自民,現職,33,,岡山県 3区,,,男性,1939-08-03,78,,,,,,,,,,,,,,,,,https://www.wikidata.org/wiki/Q405085,,,,,,,
Q405527,衛藤征士郎,,自民,現職,44,,大分県 2区,,,男性,1941-04-29,76,etoseishiro,https://www.facebook.com/SeishiroEto,,,,,,,,,,,,,,,https://www.wikidata.org/wiki/Q405527,,,,,,,
Q405533,辻元清美,,立憲民主,現職,27,,大阪府 10区,,,女性,1960-04-28,57,tsujimotokiyomi,https://www.facebook.com/100005838250019,,,,,,,,,,,,,,,https://www.wikidata.org/wiki/Q405533,,,,,,,
Q41583708,女鹿武,めが たけし,共産,,1,,北海道 10区,,,男性,1949-1-1,68,,,,,,,,,,,,,,,,"年齢のみ公開
http://www.jcp.or.jp/web_senkyo/cat1/",https://www.wikidata.org/wiki/Q41583708,,higa4,10/4,10/4,higa4,10/4,10/4
Q41618899,神谷裕,かみや ひろし,民進,,1,,北海道 10区,"第47回衆議院議員総選挙(得票：71,219)",,男性,1968-08-10,49,,,,,,,,,,,,,,,,,https://www.wikidata.org/wiki/Q41618899,,higa4,10/5,10/5,higa4,10/5,10/5
Q41685236,山下登美子,,共産,,40,,福岡県 11区,,,,,,,,,,,,,,,,,,,,,,https://www.wikidata.org/wiki/Q41685236,,,,,,,
Q418119,大畠章宏,,民進,現職,8,,茨城県 5区,,,男性,1947-10-05,70,,,,,,,,,,,,,,,,,https://www.wikidata.org/wiki/Q418119,,,,,,,
Q418675,甘利明,,自民,現職,14,,神奈川県 13区,,,男性,1949-08-27,68,,https://www.facebook.com/amariakiragenkikun,,,,,,,,,,,,,,,https://www.wikidata.org/wiki/Q418675,,,,,,,
Q455848,小渕優子,,自民,現職,10,,群馬県 5区,,,女性,1973-12-11,43,,,,,,,,,,,,,,,,,https://www.wikidata.org/wiki/Q455848,,,,,,,
Q456011,尾辻かな子,,民進,,27,,大阪府 2区,,,女性,1974-12-16,42,,,,,,,,,,,,,,,,,https://www.wikidata.org/wiki/Q456011,,,,,,,
Q457774,園田博之,,自民,現職,43,,熊本県 4区,,,男性,1942-02-19,75,,,,,,,,,,,,,,,,,https://www.wikidata.org/wiki/Q457774,,,,,,,
Q459698,野田聖子,,自民,現職,21,,岐阜県 1区,,,女性,1960-09-03,57,,https://www.facebook.com/seiko.noda.73,,,,,,,,,,,,,,,https://www.wikidata.org/wiki/Q459698,,,,,,,
Q459998,小沢一郎,,自由,現職,3,,岩手県 4区,,,男性,1942-05-24,75,ozawa_jimusho,,,,,,,,,,,,,,,,https://www.wikidata.org/wiki/Q459998,,,,,,,
Q462308,樽床伸二,,無所属,,27,,大阪府 12区,,,男性,1959-08-06,58,,,,,,,,,,,,,,,,,https://www.wikidata.org/wiki/Q462308,,,,,,,
Q463331,谷垣禎一,,自民,現職,26,,京都府 5区,,,男性,1945-03-07,72,tanigaki_s,,,,,,,,,,,,,,,,https://www.wikidata.org/wiki/Q463331,,,,,,,
Q467453,逢沢一郎,,自民,現職,33,,岡山県 1区,,,男性,1954-06-10,63,ichiroaisawa,https://www.facebook.com/IchiroAISAWA,,,,,,,,,,,,,,,https://www.wikidata.org/wiki/Q467453,,,,,,,
Q4700938,西村明宏,,自民,現職,4,,宮城県 3区,,,男性,1960-07-16,57,,,,,,,,,,,,,,,,,https://www.wikidata.org/wiki/Q4700938,,,,,,,
Q4700952,長島昭久,,希望,現職,,東京ブロック,,,,男性,1962-02-17,55,nagashima21,https://www.facebook.com/aki.nagashima21,,,,,,,,,,,,,,,https://www.wikidata.org/wiki/Q4700952,,,,,,,
Q4701145,笠井亮,,共産,現職,,東京ブロック,,,,男性,1952-10-15,64,akibacsi,,,,,,,,,,,,,,,,https://www.wikidata.org/wiki/Q4701145,,,,,,,
Q472792,高木義明,,民進,現職,,九州ブロック,,,,男性,1945-12-22,71,,,,,,,,,,,,,,,,,https://www.wikidata.org/wiki/Q472792,,,,,,,
Q47846,菅直人,,立憲民主,現職,,東京ブロック,,,,男性,1946-10-10,70,NaotoKan,https://www.facebook.com/naoto.kan,,,,,,,,,,,,,,,https://www.wikidata.org/wiki/Q47846,,,,,,,
Q4803390,三原朝彦,,自民,現職,40,,福岡県 9区,,,男性,1947-05-23,70,,,,,,,,,,,,,,,,,https://www.wikidata.org/wiki/Q4803390,,,,,,,
Q4817826,大島敦,,民進,現職,11,,埼玉県 6区,,,男性,1956-01-01,61,,,,,,,,,,,,,,,,,https://www.wikidata.org/wiki/Q4817826,,,,,,,
Q49875,階猛,,民進,現職,3,,岩手県 1区,,,男性,1966-01-01,51,shinatakeshi,,,,,,,,,,,,,,,,https://www.wikidata.org/wiki/Q49875,,,,,,,
Q49936,井上義久,,公明,現職,,東北ブロック,,,,男性,1947-07-24,70,,,,,,,,,,,,,,,,,https://www.wikidata.org/wiki/Q49936,,,,,,,
Q49943,近藤洋介,,民進,現職,,東北ブロック,,,,男性,1965-05-19,52,kondoyosuke21,https://www.facebook.com/kondo21,,,,,,,,,,,,,,,https://www.wikidata.org/wiki/Q49943,,,,,,,
Q49949,吉野正芳,,自民,現職,7,,福島県 5区,,,男性,1948-08-08,69,,,,,,,,,,,,,,,,,https://www.wikidata.org/wiki/Q49949,,,,,,,
Q49969,小野寺五典,,自民,現職,4,,宮城県 6区,,,男性,1960-05-05,57,itsunori510,,,,,,,,,,,,,,,,https://www.wikidata.org/wiki/Q49969,,,,,,,
Q49988,御法川信英,,自民,現職,5,,秋田県 3区,,,男性,1964-01-01,53,,,,,,,,,,,,,,,,,https://www.wikidata.org/wiki/Q49988,,,,,,,
Q49996,秋葉賢也,,自民,現職,4,,宮城県 2区,,,男性,1962-07-03,55,akibakenya,,,,,,,,,,,,,,,,https://www.wikidata.org/wiki/Q49996,,,,,,,
Q49998,大島理森,,自民,現職,2,,青森県 3区,,,男性,1946-09-06,71,tadamori_oshima,https://www.facebook.com/tadamori.oshima,,,,,,,,,,,,,,,https://www.wikidata.org/wiki/Q49998,,,,,,,
Q49999,江渡聡徳,,自民,現職,2,,青森県 2区,,,男性,1955-10-12,61,ETO_Akinori,,,,,,,,,,,,,,,,https://www.wikidata.org/wiki/Q49999,,,,,,,
Q506730,石原宏高,,自民,現職,13,,東京都 3区,,,男性,1964-06-19,53,ishiharahirotak,https://www.facebook.com/ishihara.hirotaka.18,,,,,,,,,,,,,,,https://www.wikidata.org/wiki/Q506730,,,,,,,
Q5100105,西村智奈美,,民進,現職,,北陸信越ブロック,,,,女性,1967-01-13,50,,,,,,,,,,,,,,,,,https://www.wikidata.org/wiki/Q5100105,,,,,,,
Q5102671,高橋千鶴子,,共産,現職,,東北ブロック,,,,女性,1959-09-16,58,chiduko916,,,,,,,,,,,,,,,,https://www.wikidata.org/wiki/Q5102671,,,,,,,
Q513317,岡田克也,,民進,現職,24,,三重県 3区,,,男性,1953-07-14,64,okada_katsuya,https://www.facebook.com/katsuyaokada,,,,,,,,,,,,,,,https://www.wikidata.org/wiki/Q513317,,,,,,,
Q516232,阿部知子,,立憲民主,現職,,南関東ブロック,,,,女性,1948-04-24,69,abe_tomoko,,,,,,,,,,,,,,,,https://www.wikidata.org/wiki/Q516232,,,,,,,
Q5209617,山際大志郎,,自民,現職,14,,神奈川県 18区,,,男性,1968-09-12,49,yamagiwa001,https://www.facebook.com/yamagiwadaishiro.office,,,,,,,,,,,,,,,https://www.wikidata.org/wiki/Q5209617,,,,,,,
Q5209645,松本大輔,,民進,,34,,広島県 2区,,,男性,1971-01-01,46,,,,,,,,,,,,,,,,,https://www.wikidata.org/wiki/Q5209645,,,,,,,
Q5209856,楠田大蔵,,民進,,40,,福岡県 5区,,,男性,1975-01-01,42,,,,,,,,,,,,,,,,,https://www.wikidata.org/wiki/Q5209856,,,,,,,
Q529792,新藤義孝,,自民,現職,11,,埼玉県 2区,,,男性,1958-01-20,59,shindo_y,https://www.facebook.com/100005256916522,,,,,,,,,,,,,,,https://www.wikidata.org/wiki/Q529792,,,,,,,
Q5349200,鷲尾英一郎,,民進,現職,,北陸信越ブロック,,,,男性,1977-01-01,40,,https://www.facebook.com/pages/%E9%B7%B2%E5%B0%BE-%E8%8B%B1%E4%B8%80%E9%83%8E/211206912260888,,,,,,,,,,,,,,,https://www.wikidata.org/wiki/Q5349200,,,,,,,
Q5371065,金子恵美,,民進,現職,,東北ブロック,,,,女性,1965-07-07,52,,,,,,,,,,,,,,,,,https://www.wikidata.org/wiki/Q5371065,,,,,,,
Q548239,原口一博,,民進,現職,41,,佐賀県 1区,,,男性,1959-07-02,58,kharaguchi,https://www.facebook.com/kharagucih,,,,,,,,,,,,,,,https://www.wikidata.org/wiki/Q548239,,,,,,,
Q5508556,松本文明,,自民,現職,,東京ブロック,,,,男性,1949-03-25,68,,,,,,,,,,,,,,,,,https://www.wikidata.org/wiki/Q5508556,,,,,,,
Q5517695,橋本岳,,自民,現職,33,,岡山県 4区,,,男性,1974-02-05,43,ga9_h,,,,,,,,,,,,,,,,https://www.wikidata.org/wiki/Q5517695,,,,,,,
Q5530859,中谷元,,自民,現職,39,,高知県 1区,,,男性,1957-10-14,59,,https://www.facebook.com/gen.nakatani.1,,,,,,,,,,,,,,,https://www.wikidata.org/wiki/Q5530859,,,,,,,
Q5533162,佐田玄一郎,,自民,現職,10,,群馬県 1区,,,男性,1952-12-22,64,,,,,,,,,,,,,,,,,https://www.wikidata.org/wiki/Q5533162,,,,,,,
Q5637084,小此木八郎,,自民,現職,14,,神奈川県 3区,,,男性,1965-06-22,52,,https://www.facebook.com/hachirouokonogi,,,,,,,,,,,,,,,https://www.wikidata.org/wiki/Q5637084,,,,,,,
Q5639959,船田元,,自民,現職,9,,栃木県 1区,,,男性,1953-01-01,64,,https://www.facebook.com/hajime.funada,,,,,,,,,,,,,,,https://www.wikidata.org/wiki/Q5639959,,,,,,,
Q5639964,広田一,,民進,,39,,高知県 2区,,,男性,1968-10-10,48,,,,,,,,,,,,,,,,,https://www.wikidata.org/wiki/Q5639964,,,,,,,
Q5680924,松本洋平,,自民,現職,13,,東京都 19区,,,男性,1973-08-31,44,matsumoto_yohei,https://www.facebook.com/matsumoto.yohei.7,,,,,,,,,,,,,,,https://www.wikidata.org/wiki/Q5680924,,,,,,,
Q5752395,牧原秀樹,,自民,現職,,北関東ブロック,,,,男性,1971-01-01,46,hmakihara,https://www.facebook.com/HidekiMacky,,,,,,,,,,,,,,,https://www.wikidata.org/wiki/Q5752395,,,,,,,
Q5752415,丹羽秀樹,,自民,現職,23,,愛知県 6区,,,男性,1972-12-20,44,niwahideki,https://www.facebook.com/hideki.niwa.148,,,,,,,,,,,,,,,https://www.wikidata.org/wiki/Q5752415,,,,,,,
Q57647,野田佳彦,,民進,現職,12,,千葉県 4区,,,男性,1957-05-20,60,NODAYOSHI55,,,,,,,,,,,,,,,,https://www.wikidata.org/wiki/Q57647,,,,,,,
Q5770152,笠浩史,,希望,現職,14,,神奈川県 9区,,,男性,1965-01-03,52,,,,,,,,,,,,,,,,,https://www.wikidata.org/wiki/Q5770152,,,,,,,
Q5770251,松野博一,,自民,現職,12,,千葉県 3区,,,男性,1962-01-01,55,,https://www.facebook.com/matsunohirokazu,,,,,,,,,,,,,,,https://www.wikidata.org/wiki/Q5770251,,,,,,,
Q5770815,平口洋,,自民,現職,34,,広島県 2区,,,男性,1948-01-01,69,,,,,,,,,,,,,,,,,https://www.wikidata.org/wiki/Q5770815,,,,,,,
Q5770884,梶山弘志,,自民,現職,8,,茨城県 4区,,,男性,1955-01-01,62,kajiyamahiroshi,,,,,,,,,,,,,,,,https://www.wikidata.org/wiki/Q5770884,,,,,,,
Q5770910,川内博史,,民進,,46,,鹿児島県 1区,,,男性,1961-11-02,55,,,,,,,,,,,,,,,,,https://www.wikidata.org/wiki/Q5770910,,,,,,,
Q5771003,大串博志,,民進,現職,,九州ブロック,,,,男性,1965-08-31,52,,,,,,,,,,,,,,,,,https://www.wikidata.org/wiki/Q5771003,,,,,,,
Q5772420,徳永久志,,民進,,25,,滋賀県 4区,,,男性,1963-06-27,54,,,,,,,,,,,,,,,,,https://www.wikidata.org/wiki/Q5772420,,,,,,,
Q58213,玄葉光一郎,,民進,現職,7,,福島県 3区,,,男性,1964-05-20,53,,,,,,,,,,,,,,,,,https://www.wikidata.org/wiki/Q58213,,,,,higa4,10/4,10/4
Q582685,赤松広隆,,立憲民主,現職,23,,愛知県 5区,,,男性,1948-05-03,69,,,,,,,,,,,,,,,,,https://www.wikidata.org/wiki/Q582685,,,,,,,
Q5986289,宮下一郎,,自民,現職,20,,長野県 5区,,,男性,1958-08-01,59,,,,,,,,,,,,,,,,,https://www.wikidata.org/wiki/Q5986289,,,,,,,
Q6088170,田島一成,,民進,現職,,近畿ブロック,,,,男性,1962-06-15,55,,,,,,,,,,,,,,,,,https://www.wikidata.org/wiki/Q6088170,,,,,,,
Q6094931,外山斎,,維新,,45,,宮崎県 1区,,,男性,1976-04-23,41,,,,,,,,,,,,,,,,,https://www.wikidata.org/wiki/Q6094931,,,,,,,
Q6102348,吉田泉,,民進,現職,,東北ブロック 5区,,,,男性,1949-02-26,68,,,,,,,,,,,,,,,,,https://www.wikidata.org/wiki/Q6102348,,,,,,,
Q6140382,緒方林太郎,,民進,現職,,九州ブロック,,,,男性,1973-01-08,44,,,,,,,,,,,,,,,,,https://www.wikidata.org/wiki/Q6140382,,,,,,,
Q614464,竹本直一,,自民,現職,27,,大阪府 15区,,,男性,1940-11-23,76,NaokazuTakemoto,,,,,,,,,,,,,,,,https://www.wikidata.org/wiki/Q614464,,,,,,,
Q614476,伊藤達也,,自民,現職,13,,東京都 22区,,,男性,1961-07-06,56,,,,,,,,,,,,,,,,,https://www.wikidata.org/wiki/Q614476,,,,,,,
Q6203082,赤間二郎,,自民,,14,,神奈川県 14区,,,男性,1968-03-27,49,akama_jiro,,,,,,,,,,,,,,,,https://www.wikidata.org/wiki/Q6203082,,,,,,,
Q6311513,松本純,,自民,現職,14,,神奈川県 1区,,,男性,1950-04-11,67,junmatsumoto411,,,,,,,,,,,,,,,,https://www.wikidata.org/wiki/Q6311513,,,,,,,
Q6314413,小川淳也,,民進,現職,,四国ブロック,,,,男性,1971-01-01,46,junyaog,,,,,,,,,,,,,,,,https://www.wikidata.org/wiki/Q6314413,,,,,,,
Q6360573,田嶋要,,民進,現職,12,,千葉県 1区,,,男性,1961-01-01,56,kanametajima,,,,,,,,,,,,,,,,https://www.wikidata.org/wiki/Q6360573,,,,,,,
Q6378065,平沢勝栄,,自民,現職,13,,東京都 17区,,,男性,1945-09-04,72,katsueihirasawa,https://www.facebook.com/hirasawakatuei,,,,,,,,,,,,,,,https://www.wikidata.org/wiki/Q6378065,,,,,,,
Q6378155,加藤勝信,,自民,現職,33,,岡山県 5区,,,男性,1955-11-22,61,katsunobukato,https://www.facebook.com/katsunobu.kato.7,,,,,,,,,,,,,,,https://www.wikidata.org/wiki/Q6378155,,,,,,,
Q6381578,太田和美,,民進,現職,,南関東ブロック,,,,女性,1979-08-28,38,,,,,,,,,,,,,,,,,https://www.wikidata.org/wiki/Q6381578,,,,,,,
Q6381615,田中和徳,,自民,現職,14,,神奈川県 10区,,,男性,1949-01-21,68,,,,,,,,,,,,,,,,,https://www.wikidata.org/wiki/Q6381615,,,,,,,
Q6381645,北側一雄,,公明,現職,27,,大阪府 16区,,,男性,1953-03-02,64,kitagawa_kazuo,https://www.facebook.com/kitagawasakai,,,,,,,,,,,,,,,https://www.wikidata.org/wiki/Q6381645,,,,,,,
Q6381788,赤羽一嘉,,公明,現職,28,,兵庫県 2区,,,男性,1958-01-01,59,AKBhyogo2ku,https://www.facebook.com/kazuyoshi.akaba,,,,,,,,,,,,,,,https://www.wikidata.org/wiki/Q6381788,,,,,,,
Q6381814,中根一幸,,自民,現職,,北関東ブロック,,,,男性,1969-07-11,48,,,,,,,,,,,,,,,,,https://www.wikidata.org/wiki/Q6381814,,,,,,,
Q6383605,桝屋敬悟,,公明,現職,,中国ブロック,,,,男性,1951-04-03,66,,,,,,,,,,,,,,,,,https://www.wikidata.org/wiki/Q6383605,,,,,,,
Q6383646,穀田恵二,,共産,現職,,近畿ブロック,,,,男性,1947-01-11,70,kokutakeiji,https://www.facebook.com/kokutakeiji,,,,,,,,,,,,,,,https://www.wikidata.org/wiki/Q6383646,,,,,,,
Q6383690,永岡桂子,,自民,現職,,北関東ブロック,,,,女性,1953-12-08,63,,,,,,,,,,,,,,,,,https://www.wikidata.org/wiki/Q6383690,,,,,,,
Q6383814,北神圭朗,,民進,現職,,近畿ブロック,,,,男性,1967-02-01,50,,,,,,,,,,,,,,,,,https://www.wikidata.org/wiki/Q6383814,,,,,,,
Q6383909,鈴木馨祐,,自民,現職,14,,神奈川県 7区,,,男性,1977-02-09,40,,,,,,,,,,,,,,,,,https://www.wikidata.org/wiki/Q6383909,,,,,,,
Q6383911,津村啓介,,民進,現職,,中国ブロック,,,,男性,1971-01-01,46,Tsumura_Keisuke,,,,,,,,,,,,,,,,https://www.wikidata.org/wiki/Q6383911,,,,,,,
Q6389276,上野賢一郎,,自民,,25,,滋賀県 2区,,,男性,1965-08-03,52,Ueno_Kenichiro,https://www.facebook.com/100003561880790,,,,,,,,,,,,,,,https://www.wikidata.org/wiki/Q6389276,,,,,,,
Q6389323,江田憲司,,民進,現職,14,,神奈川県 8区,,,男性,1956-04-28,61,edaoffice,https://www.facebook.com/edakenji,,,,,,,,,,,,,,,https://www.wikidata.org/wiki/Q6389323,,,,,,,
Q6389383,若宮健嗣,,自民,現職,13,,東京都 5区,,,男性,1961-01-01,56,wakamiya7788,,,,,,,,,,,,,,,,https://www.wikidata.org/wiki/Q6389383,,,,,,,
Q6389412,松木謙公,,自民,,1,,北海道 2区,,,男性,1959-02-22,58,,,,,,,,,,,,,,,,,https://www.wikidata.org/wiki/Q6389412,,,,,,,
Q6391984,泉健太,,民進,現職,26,,京都府 3区,,,男性,1974-07-29,43,,,,,,,,,,,,,,,,,https://www.wikidata.org/wiki/Q6391984,,,,,,,
Q6416606,中村喜四郎,,無所属,現職,8,,茨城県 7区,,,男性,1949-04-10,68,,,,,,,,,,,,,,,,,https://www.wikidata.org/wiki/Q6416606,,,,,,,
Q6418998,遠山清彦,,公明,現職,,九州ブロック,,,,男性,1969-06-05,48,kiyohiko_toyama,https://www.facebook.com/toyama.kiyohiko1,,,,,,,,,,,,,,,https://www.wikidata.org/wiki/Q6418998,,,,,,,
Q6419134,前川清成,,民進,,29,,奈良県 2区,,,男性,1962-01-01,55,,,,,,,,,,,,,,,,,https://www.wikidata.org/wiki/Q6419134,,,,,,,
Q6426211,萩生田光一,,自民,現職,13,,東京都 24区,,,男性,1963-08-31,54,,,,,,,,,,,,,,,,,https://www.wikidata.org/wiki/Q6426211,,,,,,,
Q6426239,武正公一,,民進,現職,,北関東ブロック,,,,男性,1961-03-23,56,takemasakoichi,https://www.facebook.com/takemasatoday,,,,,,,,,,,,,,,https://www.wikidata.org/wiki/Q6426239,,,,,,,
Q6426240,谷公一,,自民,現職,28,,兵庫県 5区,,,男性,1952-01-28,65,,,,,,,,,,,,,,,,,https://www.wikidata.org/wiki/Q6426240,,,,,,,
Q6426244,山本公一,,自民,現職,38,,愛媛県 4区,,,男性,1947-09-04,70,,,,,,,,,,,,,,,,,https://www.wikidata.org/wiki/Q6426244,,,,,,,
Q6426248,市村浩一郎,,維新,,28,,兵庫県 6区,,,男性,1964-07-16,53,,,,,,,,,,,,,,,,,https://www.wikidata.org/wiki/Q6426248,,,,,,,
Q6426455,佐藤公治,,自由,,34,,広島県 6区,,,男性,1959-07-28,58,,,,,,,,,,,,,,,,,https://www.wikidata.org/wiki/Q6426455,,,,,,,
Q6433881,長崎幸太郎,,無所属,現職,19,,山梨県 2区,,,男性,1968-08-18,49,,,,,,,,,,,,,,,,,https://www.wikidata.org/wiki/Q6433881,,,,,,,
Q6435116,西川公也,,自民,現職,,北関東ブロック,,,,男性,1942-12-26,74,,,,,,,,,,,,,,,,,https://www.wikidata.org/wiki/Q6435116,,,,,,,
Q6435368,山本幸三,,自民,現職,40,,福岡県 10区,,,男性,1948-08-08,69,,,,,,,,,,,,,,,,,https://www.wikidata.org/wiki/Q6435368,,,,,,,
Q653000,近藤昭一,,民進,現職,23,,愛知県 3区,,,男性,1958-05-26,59,,,,,,,,,,,,,,,,,https://www.wikidata.org/wiki/Q653000,,,,,,,
Q661410,小泉進次郎,,自民,現職,14,,神奈川県 11区,,,男性,1981-04-14,36,,https://www.facebook.com/shinjiro.koizumi,,,,,,,,,,,,,,,https://www.wikidata.org/wiki/Q661410,,,,,,,
Q6739516,菊田真紀子,,民進,現職,,北陸信越ブロック,,,,女性,1969-10-24,47,,,,,,,,,,,,,,,,,https://www.wikidata.org/wiki/Q6739516,,,,,,,
Q6746574,坂井学,,自民,現職,14,,神奈川県 5区,,,男性,1965-09-04,52,sakai_manabu,https://www.facebook.com/sakaimanabu.yokohama,,,,,,,,,,,,,,,https://www.wikidata.org/wiki/Q6746574,,,,,,,
Q6746585,寺田学,,民進,現職,,東北ブロック,,,,男性,1971-01-01,46,,,,,,,,,,,,,,,,,https://www.wikidata.org/wiki/Q6746585,,,,,,,
Q6782264,平将明,,自民,現職,13,,東京都 4区,,,男性,1967-02-21,50,TAIRAMASAAKI,https://www.facebook.com/tairamasaaki,,,,,,,,,,,,,,,https://www.wikidata.org/wiki/Q6782264,,,,,,,
Q6782350,柴山昌彦,,自民,現職,11,,埼玉県 8区,,,男性,1965-12-05,51,shiba_masa,https://www.facebook.com/549728848437286,,,,,,,,,,,,,,,https://www.wikidata.org/wiki/Q6782350,,,,,,,
Q6782366,今村雅弘,,自民,現職,,九州ブロック,,,,男性,1947-01-05,70,,,,,,,,,,,,,,,,,https://www.wikidata.org/wiki/Q6782366,,,,,,,
Q6782391,盛山正仁,,自民,現職,,近畿ブロック,,,,男性,1953-12-14,63,,,,,,,,,,,,,,,,,https://www.wikidata.org/wiki/Q6782391,,,,,,,
Q6782673,水戸将史,,民進,現職,,南関東ブロック,,,,男性,1962-07-28,55,,,,,,,,,,,,,,,,,https://www.wikidata.org/wiki/Q6782673,,,,,,,
Q6782686,土屋正忠,,自民,現職,13,,東京都 18区,,,男性,1942-01-13,75,,,,,,,,,,,,,,,,,https://www.wikidata.org/wiki/Q6782686,,,,,,,
Q6782738,石田真敏,,自民,現職,30,,和歌山県 2区,,,男性,1952-01-01,65,,https://www.facebook.com/pages/%E8%A1%86%E8%AD%B0%E9%99%A2%E8%AD%B0%E5%93%A1-%E7%9F%B3%E7%94%B0%E7%9,,,,,,,,,,,,,,,https://www.wikidata.org/wiki/Q6782738,,,,,,,
Q6782819,後藤田正純,,自民,現職,36,,徳島県 1区,,,男性,1969-08-05,48,gotodamasazumi,https://www.facebook.com/gotoda.masazumi,,,,,,,,,,,,,,,https://www.wikidata.org/wiki/Q6782819,,,,,,,
Q6837950,高木美智代,,公明,現職,,東京ブロック,,,,女性,1952-09-13,65,,,,,,,,,,,,,,,,,https://www.wikidata.org/wiki/Q6837950,,,,,,,
Q6837954,柚木道義,,民進,現職,,中国ブロック,,,,男性,1972-05-28,45,yunoki_m,https://www.facebook.com/michiyohi.yunoki,,,,,,,,,,,,,,,https://www.wikidata.org/wiki/Q6837954,,,,,,,
Q6842917,松島みどり,,自民,現職,13,,東京都 14区,,,女性,1956-07-15,61,matusimamidori,https://www.facebook.com/matsushimamidori,,,,,,,,,,,,,,,https://www.wikidata.org/wiki/Q6842917,,,,,,,
Q6864590,福田峰之,,希望,,14,,神奈川県 8区,,,男性,1964-01-01,53,fukudamineyuki,https://www.facebook.com/fukudamineyuki,,,,,,,,,,,,,,,https://www.wikidata.org/wiki/Q6864590,,,,,,,
Q6869306,寺田稔,,自民,現職,34,,広島県 5区,,,男性,1958-01-24,59,terada124,https://www.facebook.com/TeradaMinoru.page,,,,,,,,,,,,,,,https://www.wikidata.org/wiki/Q6869306,,,,,,,
Q6882969,下条みつ,,民進,,20,,長野県 2区,,,男性,1955-01-01,62,,,,,,,,,,,,,,,,,https://www.wikidata.org/wiki/Q6882969,,,,,,,
Q6883317,岡本充功,,民進,現職,,東海ブロック,,,,男性,1971-06-18,46,,https://www.facebook.com/okamotomitsunori/,,,,,,,,,,,,,,,https://www.wikidata.org/wiki/Q6883317,,,,,,,
Q697969,高村正彦,,自民,現職,35,,山口県 1区,,,男性,1942-03-15,75,,,,,,,,,,,,,,,,,https://www.wikidata.org/wiki/Q697969,,,,,,,
Q704345,山口壮,,自民,,28,,兵庫県 12区,,,男性,1954-10-03,63,,https://www.facebook.com/yamaguchi244,,,,,,,,,,,,,,,https://www.wikidata.org/wiki/Q704345,,,,,,,
Q7051265,古屋範子,,公明,現職,,南関東ブロック,,,,女性,1956-05-14,61,Noriko_Furuya,https://www.facebook.com/noriko.furuya514,,,,,,,,,,,,,,,https://www.wikidata.org/wiki/Q7051265,,,,,,,
Q7051315,三ツ矢憲生,,自民,現職,24,,三重県 4区,,,男性,1950-12-13,66,mitsuya_office,https://www.facebook.com/mitsuya.norio328/,,,,http://www.mitsuya-norio.com/,,,,,東京大学教養学部、米・コロンビア大学修士号取得,,,,,,https://www.wikidata.org/wiki/Q7051315,,,,,,,
Q7051352,石田祝稔,,公明,現職,,四国ブロック,,,,男性,1951-09-01,66,,,,,,,,,,,,,,,,,https://www.wikidata.org/wiki/Q7051352,,,,,,,
Q729599,伊吹文明,,自民,現職,26,,京都府 1区,,,男性,1938-01-09,79,,https://www.facebook.com/pages/%E4%BC%8A%E5%90%B9-%E6%96%87%E6%98%8E/306388919504640,,,,,,,,,,,,,,,https://www.wikidata.org/wiki/Q729599,,,,,,,
Q730991,鴨下一郎,,自民,現職,13,,東京都 13区,,,男性,1949-01-16,68,,,,,,,,,,,,,,,,,https://www.wikidata.org/wiki/Q730991,,,,,,,
Q732087,枝野幸男,,民進,現職,11,,埼玉県 5区,,,男性,1964-05-31,53,,,,,,,,,,,,,,,,,https://www.wikidata.org/wiki/Q732087,,,,,,,
Q7385320,赤沢亮正,,自民,,31,,鳥取県 2区,,,男性,1960-12-18,56,ryosei_akazawa,https://www.facebook.com/akazawa.ryosei,,,,,,,,,,,,,,,https://www.wikidata.org/wiki/Q7385320,,,,,,,
Q7385322,田中良生,,自民,現職,11,,埼玉県 15区,,,男性,1963-11-11,53,Tanaka_Ryosei,https://www.facebook.com/ryosei.tanaka.7,,,,,,,,,,,,,,,https://www.wikidata.org/wiki/Q7385322,,,,,,,
Q7385342,武田良太,,自民,現職,40,,福岡県 11区,,,男性,1968-04-01,49,,,,,,,,,,,,,,,,,https://www.wikidata.org/wiki/Q7385342,,,,,,,
Q7426418,高山智司,,民進,,11,,埼玉県 15区,,,男性,1970-04-20,47,,,,,,,,,,,,,,,,,https://www.wikidata.org/wiki/Q7426418,,,,,,,
Q7426422,梅村聡,,維新,,28,,兵庫県 1区,,,男性,1975-02-13,42,,,,,,,,,,,,,,,,,https://www.wikidata.org/wiki/Q7426422,,,,,,,
Q7446686,北村誠吾,,自民,現職,42,,長崎県 4区,,,男性,1947-01-29,70,,,,,,,,,,,,,,,,,https://www.wikidata.org/wiki/Q7446686,,,,,,,
Q7446719,村上誠一郎,,自民,現職,38,,愛媛県 2区,,,男性,1952-05-11,65,,,,,,,,,,,,,,,,,https://www.wikidata.org/wiki/Q7446719,,,,,,,
Q7446737,逢坂誠二,,民進,現職,1,,北海道 8区,,,男性,1959-04-24,58,,,,,,,,,,,,,,,,,https://www.wikidata.org/wiki/Q7446737,,,,,,,
Q7446761,赤嶺政賢,,共産,現職,47,,沖縄県 1区,,,男性,1947-12-18,69,akamineseiken,,,,,,,,,,,,,,,,https://www.wikidata.org/wiki/Q7446761,,,,,,,
Q7477634,中谷真一,,自民,現職,,南関東ブロック,,,,男性,1976-09-30,41,,,,,,,,,,,,,,,,,https://www.wikidata.org/wiki/Q7477634,,,,,,,
Q7496342,佐藤茂樹,,公明,現職,27,,大阪府 3区,,,男性,1959-06-08,58,shigeki3468,,,,,,,,,,,,,,,,https://www.wikidata.org/wiki/Q7496342,,,,,,,
Q7496361,北村茂男,,自民,現職,17,,石川県 3区,,,男性,1945-11-08,71,,,,,,,,,,,,,,,,,https://www.wikidata.org/wiki/Q7496361,,,,,,,
Q7496422,後藤茂之,,自民,現職,20,,長野県 4区,,,男性,1955-12-09,61,,,,,,,,,,,,,,,,,https://www.wikidata.org/wiki/Q7496422,,,,,,,
Q7496423,富田茂之,,公明,現職,,南関東ブロック,,,,男性,1953-10-01,64,,,,,,,,,,,,,,,,,https://www.wikidata.org/wiki/Q7496423,,,,,,,
Q7497524,古本伸一郎,,民進,現職,23,,愛知県 11区,,,男性,1965-03-11,52,,,,,,,,,,,,,,,,,https://www.wikidata.org/wiki/Q7497524,,,,,,,
Q7497583,井上信治,,自民,現職,13,,東京都 25区,,,男性,1969-10-07,48,,,,,,,,,,,,,,,,,https://www.wikidata.org/wiki/Q7497583,,,,,,,
Q7497769,奥野信亮,,自民,現職,29,,奈良県 3区,,,男性,1944-03-05,73,,,,,,,,,,,,,,,,,https://www.wikidata.org/wiki/Q7497769,,,,,,,
Q7497782,伊藤信太郎,,自民,現職,4,,宮城県 4区,,,男性,1953-05-06,64,,,,,,,,,,,,,,,,,https://www.wikidata.org/wiki/Q7497782,,,,,,,
Q7504421,渡辺周,,民進,現職,22,,静岡県 6区,,,男性,1961-12-11,55,,,,,,,,,,,,,,,,,https://www.wikidata.org/wiki/Q7504421,,,,,,,
Q7504756,高鳥修一,,自民,現職,15,,新潟県 6区,,,男性,1960-01-01,57,takatorishuichi,,,,,,,,,,,,,,,,https://www.wikidata.org/wiki/Q7504756,,,,,,,
Q7504802,吉良州司,,民進,現職,44,,大分県 1区,,,男性,1958-03-16,59,,,,,,,,,,,,,,,,,https://www.wikidata.org/wiki/Q7504802,,,,,,,
Q7505080,山口俊一,,自民,現職,36,,徳島県 2区,,,男性,1950-02-28,67,,,,,,,,,,,,,,,,,https://www.wikidata.org/wiki/Q7505080,,,,,,,
Q7505129,務台俊介,,自民,現職,20,,長野県 2区,,,男性,1956-01-01,61,mutaishunsuke,,,,,,,,,,,,,,,,https://www.wikidata.org/wiki/Q7505129,,,,,,,
Q7674280,伊藤忠彦,,自民,現職,23,,愛知県 8区,,,男性,1964-07-11,53,,,,,,,,,,,,,,,,,https://www.wikidata.org/wiki/Q7674280,,,,,,,
Q7676160,山口泰明,,自民,現職,11,,埼玉県 10区,,,男性,1948-11-10,68,taimei1,,,,,,,,,,,,,,,,https://www.wikidata.org/wiki/Q7676160,,,,,,,
Q7677066,佐々木隆博,,民進,現職,1,,北海道 6区,,,男性,1949-03-10,68,sasaki_stop_tpp,https://www.facebook.com/takahiro.sasaki.54966,,,,,,,,,,,,,,,https://www.wikidata.org/wiki/Q7677066,,,,,,,
Q7677156,吉川貴盛,,自民,現職,1,,北海道 2区,,,男性,1950-01-01,67,,https://www.facebook.com/takamori.yoshikawa,,,,,,,,,,,,,,,https://www.wikidata.org/wiki/Q7677156,,,,,,,
Q7677226,越智隆雄,,自民,現職,13,,東京都 6区,,,男性,1964-02-27,53,ochitakao,https://www.facebook.com/takao.ochi.9,,,,,,,,,,,,,,,https://www.wikidata.org/wiki/Q7677226,,,,,,,
Q7677320,石関貴史,,民進,現職,,北関東ブロック,,,,男性,1972-02-18,45,,,,,,,,,,,,,,,,,https://www.wikidata.org/wiki/Q7677320,,,,,,,
Q7677354,長安豊,,民進,,27,,大阪府 19区,,,男性,1968-09-05,49,,,,,,,,,,,,,,,,,https://www.wikidata.org/wiki/Q7677354,,,,,,,
Q7677366,大塚高司,,自民,現職,27,,大阪府 8区,,,男性,1964-09-11,53,,,,,,,,,,,,,,,,,https://www.wikidata.org/wiki/Q7677366,,,,,,,
Q7677369,篠原孝,,民進,現職,20,,長野県 1区,,,男性,1948-01-01,69,,,,,,,,,,,,,,,,,https://www.wikidata.org/wiki/Q7677369,,,,,,,
Q7677383,谷畑孝,,維新,現職,27,,大阪府 14区,,,男性,1947-01-10,70,,,,,,,,,,,,,,,,,https://www.wikidata.org/wiki/Q7677383,,,,,,,
Q7678527,江藤拓,,自民,現職,45,,宮崎県 2区,,,男性,1960-07-01,57,,,,,,,,,,,,,,,,,https://www.wikidata.org/wiki/Q7678527,,,,,,,
Q7678536,大塚拓,,自民,現職,11,,埼玉県 9区,,,男性,1973-06-14,44,,,,,,,,,,,,,,,,,https://www.wikidata.org/wiki/Q7678536,,,,,,,
Q7678622,平井卓也,,自民,,37,,香川県 1区,,,男性,1958-01-25,59,hiratakuchan,https://www.facebook.com/hiraitakuya,,,,,,,,,,,,,,,https://www.wikidata.org/wiki/Q7678622,,,,,,,
Q7705291,福井照,,自民,現職,,四国ブロック,,,,男性,1953-01-01,64,,,,,,,,,,,,,,,,,https://www.wikidata.org/wiki/Q7705291,,,,,,,
Q7706881,江崎鉄磨,,自民,,23,,愛知県 10区,,,男性,1943-09-17,74,,,,,,,,,,,,,,,,,https://www.wikidata.org/wiki/Q7706881,,,,,,,
Q7706925,坂本哲志,,自民,現職,43,,熊本県 3区,,,男性,1950-11-06,66,,,,,,,,,,,,,,,,,https://www.wikidata.org/wiki/Q7706925,,,,,,,
Q7706956,塩川鉄也,,共産,現職,,北関東ブロック,,,,男性,1961-12-18,55,ShiokawaTetsuya,https://www.facebook.com/shiokawa.jcp,,,,,,,,,,,,,,,https://www.wikidata.org/wiki/Q7706956,,,,,,,
Q7820173,浮島とも子,,公明,現職,,,,,,女性,1963-02-01,54,Tomo_Ukishima,,,,,http://www.t-ukishima.net/,,,,,,,,,,,,,,,,,,
Q7827415,黄川田徹,,民進,現職,3,,岩手県 3区,,,男性,1953-10-14,63,,,,,,,,,,,,,,,,,https://www.wikidata.org/wiki/Q7827415,,,,,,,
Q7827620,遠藤利明,,自民,現職,6,,山形県 1区,,,男性,1950-01-01,67,,https://www.facebook.com/endo.toshiaki0117,,,,,,,,,,,,,,,https://www.wikidata.org/wiki/Q7827620,,,,,,,
Q7827692,阿部俊子,,自民,,33,,岡山県 3区,,,女性,1959-05-19,58,abetoshiko,https://www.facebook.com/toshiko.abe.313,,,,,,,,,,,,,,,https://www.wikidata.org/wiki/Q7827692,,,,,,,
Q784087,伴野豊,,民進,現職,,東海ブロック,,,,男性,1961-01-01,56,,,,,,,,,,,,,,,,,https://www.wikidata.org/wiki/Q784087,,,,,,,
Q7850039,秋元司,,自民,現職,,東京ブロック,,,,男性,1971-10-23,45,akimoto_tsukasa,https://www.facebook.com/tsukasa.akimoto,,,,,,,,,,,,,,,https://www.wikidata.org/wiki/Q7850039,,,,,,,
Q7850337,冨岡勉,,自民,現職,42,,長崎県 1区,,,男性,1948-07-04,69,,,,,,,,,,,,,,,,,https://www.wikidata.org/wiki/Q7850337,,,,,,,
Q7850389,高木毅,,自民,現職,18,,福井県 2区,,,男性,1956-01-01,61,,,,,,,,,,,,,,,,,https://www.wikidata.org/wiki/Q7850389,,,,,,,
Q7862709,土井亨,,自民,現職,4,,宮城県 1区,,,男性,1958-08-12,59,doitooru812,,,,,,,,,,,,,,,,https://www.wikidata.org/wiki/Q7862709,,,,,,,
Q786752,保岡興治,,自民,現職,46,,鹿児島県 1区,,,男性,1939-05-11,78,,https://www.facebook.com/o.yasuoka,,,,,,,,,,,,,,,https://www.wikidata.org/wiki/Q786752,,,,,,,
Q7973013,伊藤渉,,公明,現職,,東海ブロック,,,,男性,1969-11-13,47,ito_wataru,,,,,,,,,,,,,,,,https://www.wikidata.org/wiki/Q7973013,,,,,,,
Q8046971,谷川弥一,,自民,現職,42,,長崎県 3区,,,男性,1941-08-12,76,,,,,,,,,,,,,,,,,https://www.wikidata.org/wiki/Q8046971,,,,,,,
Q8049965,中山泰秀,,自民,現職,27,,大阪府 4区,,,男性,1970-10-14,46,iloveyatchan,https://www.facebook.com/yasuhide.nakayama,,,,,,,,,,,,,,,https://www.wikidata.org/wiki/Q8049965,,,,,,,
Q8049977,葉梨康弘,,自民,現職,8,,茨城県 3区,,,男性,1959-01-01,58,,,,,,,,,,,,,,,,,https://www.wikidata.org/wiki/Q8049977,,,,,,,
Q8049988,小里泰弘,,自民,現職,46,,鹿児島県 4区,,,男性,1958-09-29,59,,,,,,,,,,,,,,,,,https://www.wikidata.org/wiki/Q8049988,,,,,,,
Q8050022,小宮山泰子,,民進,現職,,北関東ブロック,,,,女性,1965-04-25,52,komiyama_yasko,https://www.facebook.com/yasko.komiyama,,,,,,,,,,,,,,,https://www.wikidata.org/wiki/Q8050022,,,,,,,
Q8050092,金子恭之,,自民,現職,43,,熊本県 5区,,,男性,1961-02-27,56,nekotanchan,,,,,,,,,,,,,,,,https://www.wikidata.org/wiki/Q8050092,,,,,,,
Q8050121,西村康稔,,自民,現職,28,,兵庫県 9区,,,男性,1962-10-15,54,nishy03,,,,,,,,,,,,,,,,https://www.wikidata.org/wiki/Q8050121,,,,,,,
Q8050128,江田康幸,,公明,現職,,九州ブロック,,,,男性,1956-03-19,61,,,,,,,,,,,,,,,,,https://www.wikidata.org/wiki/Q8050128,,,,,,,
Q8054534,武藤容治,,自民,現職,21,,岐阜県 3区,,,男性,1955-10-18,61,mutouyouji,,,,,,,,,,,,,,,,https://www.wikidata.org/wiki/Q8054534,,,,,,,
Q8055323,松野頼久,,民進,現職,,九州ブロック,,,,男性,1960-09-19,57,,https://www.facebook.com/matsunoyorihisa,,,,,,,,,,,,,,,https://www.wikidata.org/wiki/Q8055323,,,,,,,
Q8055970,原田義昭,,自民,現職,40,,福岡県 5区,,,男性,1944-10-01,73,yoshiaki_harada,,,,,,,,,,,,,,,,https://www.wikidata.org/wiki/Q8055970,,,,,,,
Q8056061,関芳弘,,自民,現職,28,,兵庫県 3区,,,男性,1965-06-07,52,sekiyoshihiro,https://www.facebook.com/sekiyoshihiro,,,,,,,,,,,,,,,https://www.wikidata.org/wiki/Q8056061,,,,,,,
Q8056070,古川禎久,,自民,現職,45,,宮崎県 3区,,,男性,1965-08-03,52,,,,,,,,,,,,,,,,,https://www.wikidata.org/wiki/Q8056070,,,,,,,
Q8056240,牧義夫,,民進,現職,,東海ブロック,,,,男性,1958-01-14,59,,,,,,,,,,,,,,,,,https://www.wikidata.org/wiki/Q8056240,,,,,,,
Q8056243,望月義夫,,自民,現職,22,,静岡県 4区,,,男性,1947-05-02,70,,,,,,,,,,,,,,,,,https://www.wikidata.org/wiki/Q8056243,,,,,,,
Q8056255,漆原良夫,,公明,現職,,北陸信越ブロック,,,,男性,1944-11-18,72,,,,,,,,,,,,,,,,,https://www.wikidata.org/wiki/Q8056255,,,,,,,
Q8056290,桜田義孝,,自民,,12,,千葉県 8区,,,男性,1949-01-01,68,ysakurada,http://www.facebook.com/yoshitaka.sakurada,,,,,,,,,,,,,,,https://www.wikidata.org/wiki/Q8056290,,,,,,,
Q8056299,亀岡偉民,,自民,現職,7,,福島県 1区,,,男性,1955-09-10,62,kameokayositami,https://www.facebook.com/yoshitami.kameoka,,,,,,,,,,,,,,,https://www.wikidata.org/wiki/Q8056299,,,,,,,
Q8060529,山本有二,,自民,現職,39,,高知県 2区,,,男性,1952-05-11,65,,,,,,,,,,,,,,,,,https://www.wikidata.org/wiki/Q8060529,,,,,,,
Q8060577,佐藤ゆかり,,自民,現職,27,,大阪府 11区,,,女性,1961-08-19,56,SatoYukari,,,,,,,,,,,,,,,,https://www.wikidata.org/wiki/Q8060577,,,,,,,
Q8062685,高木陽介,,公明,現職,,東京ブロック,,,,男性,1959-12-16,57,,,,,,,,,,,,,,,,,https://www.wikidata.org/wiki/Q8062685,,,,,,,
Q806947,海江田万里,,民進,,13,,東京都 1区,,,男性,1949-02-26,68,,https://www.facebook.com/banri.kaieda/,,,,,,,,,,,,,,,https://www.wikidata.org/wiki/Q806947,,,,,,,
Q861808,丹羽雄哉,,自民,現職,8,,茨城県 6区,,,男性,1944-04-20,73,,,,,,,,,,,,,,,,,https://www.wikidata.org/wiki/Q861808,,,,,,,
Q9047844,田中健,,民進,,22,,静岡県 4区,,,男性,1966-01-06,51,,,,,,,,,,,,,,,,,https://www.wikidata.org/wiki/Q9047844,,,,,,,
Q9067667,左藤章,,自民,現職,27,,大阪府 2区,,,男性,1951-07-12,66,310akirasato,https://www.facebook.com/jimusyo.satoakira,,,,,,,,,,,,,,,https://www.wikidata.org/wiki/Q9067667,,,,,,,
Q923428,松浪健太,,維新,現職,,,大阪10区,,,男性,1971-08-17,46,matsunamikenta,,,,,,,,,,,,,,,,https://www.wikidata.org/wiki/Q923428,,,,,,,
Q926287,斉藤鉄夫,,公明,現職,,中国ブロック,,,,男性,1952-02-05,65,saitotetsuo,,,,,,,,,,,,,,,,https://www.wikidata.org/wiki/Q926287,,,,,,,
Q926370,林幹雄,,自民,現職,12,,千葉県 10区,,,男性,1947-01-03,70,,,,,,,,,,,,,,,,,https://www.wikidata.org/wiki/Q926370,,,,,,,
Q935199,塩谷立,,自民,現職,22,,静岡県 8区,,,男性,1950-02-18,67,,,,,,,,,,,,,,,,,https://www.wikidata.org/wiki/Q935199,,,,,,,
Q978256,小沢鋭仁,,維新,現職,,近畿ブロック,,,,男性,1954-05-31,63,OzawaSakihito,https://www.facebook.com/pages/%E5%B0%8F%E6%B2%A2%E3%81%95%E3%81%8D%E3%81%B2%E3%81%A8%E8%A1%86%E8%AD,,,,,,,,,,,,,,,https://www.wikidata.org/wiki/Q978256,,,,,,,
Q992930,石原伸晃,,自民,現職,13,,東京都 8区,,,男性,1957-04-19,60,IshiharaNobu,https://www.facebook.com/ishihara.nobuteru,,,,,,,,,,,,,,,https://www.wikidata.org/wiki/Q992930,,,,,,,
