金倉 まさとし,かなくら 昌俊,金倉昌俊,金倉,昌俊,かなくら,まさとし,43,新,北海道,北海道2区,党北海道2区国政対策委員長、准中央委員、道副委員長,kanakuramasato,https://www.facebook.com/kanakuramasatoshi,http://www.kanakura.net/,(重複)
石川 明美,いしかわ あけみ,石川明美,石川,明美,いしかわ,あけみ,66,新,,北海道7区,党北海道7区政策委員長、釧根地区副委員長,,,http://www2.plala.or.jp/ishiishi/,小選挙区
松橋 ちはる,まつはし 千春,松橋千春,松橋,千春,まつはし,ちはる,35,新,,北海道9区,党苫小牧若者未来プロジェクトリーダー、苫小牧地区常任委員,,https://www.facebook.com/profile.php?id=100008887746844,http://ameblo.jp/matsuhashi-chiharu/,小選挙区
菅原 まこと,すがわら 誠,菅原誠,菅原,誠,すがわら,まこと,44,新,,北海道12区,党北海道12区政策委員長、北見地区委員長,sugawara_makoto,http://www.facebook.com/makoto.sugawara.33,http://sugawara.jcpkitami.jp/,小選挙区
赤平 ゆうと,あかひら 勇人,赤平勇人,赤平,勇人,あかひら,ゆうと,27,新,,青森1区,党青森1区国政対策委員長、県委員,,,,小選挙区
奥本 なおみ,おくもと 菜保巳,奥本菜保巳,奥本,菜保巳,おくもと,なおみ,57,新,,青森2区,党青森2区くらし・平和対策委員長、三沢市委員長,,,,小選挙区
高柳 ひろあき,たかやなぎ 博明,高柳博明,高柳,博明,たかやなぎ,ひろあき,47,新,,青森3区,党津軽地区副委員長、青森県常任委員,,,,小選挙区
吉田 恭子,よしだ きょうこ,吉田恭子,吉田,恭子,よしだ,きょうこ,36,新,東北,岩手1区,党岩手県常任委員、党国会議員団岩手県事務所長,kyoko_yosida,,,(重複)
吉田 ごう,よしだ 剛,吉田剛,吉田,剛,よしだ,ごう,35,新,,宮城3区,党仙南地区常任委員、宮城県委員,gogoyoshidago,https://www.facebook.com/5555yoshida/,http://yoshida-go.jugem.jp/,小選挙区
たかむら 直也,高村,たかむら 直也,,,,,34,新,,宮城4区,党宮城県常任委員・平和運動部長,,,,小選挙区
横田 有史,よこた ゆうし,横田有史,横田,有史,よこた,ゆうし,73,新,,宮城6区,党宮城県副委員長、元党宮城県議団長,,,,小選挙区
さいとう 大悟,齊藤 だいご,齊藤大悟,齊藤,大悟,さいとう,だいご,38,新,,秋田1区,党秋田県青年学生対策委員会責任者,hana_daichan,https://www.facebook.com/s.k.daigo,,小選挙区
藤本 ゆり,ふじもと 友里,藤本友里,藤本,友里,ふじもと,ゆり,38,新,,秋田2区,党秋田県青年学生対策委員,fupo_cgsm,https://www.facebook.com/yuri.fupo,,小選挙区
冨岡 あきら,とみおか 昭,冨岡昭,冨岡,昭,とみおか,あきら,67,新,,秋田3区,党秋田県書記長,,,,小選挙区
石川 渉,いしかわ しょう,石川渉,石川,渉,いしかわ,しょう,43,新,,山形1区,党山形1区国政対策委員長、村山地区常任委員,,https://www.facebook.com/shoishikawa1973/,,小選挙区
岩本 こうじ,いわもと 康嗣,岩本康嗣,岩本,康嗣,いわもと,こうじ,52,新,,山形2区,党山形2区国政対策委員長、置賜地区委員長,,,,小選挙区
加藤 太一,かとう たいち,加藤太一,加藤,太一,かとう,たいち,66,新,,山形3区,党山形3区国政対策委員長、前鶴岡市議団長,,,,小選挙区
たいら 善彦,平 よしひこ,平善彦,平,善彦,たいら,よしひこ,65,新,,福島2区,党福島2区国政対策委員長、郡山・安達地区副委員長,,,,小選挙区
橋本 けんじ,はしもと 健二,橋本健二,橋本,健二,はしもと,けんじ,69,新,,福島3区,党福島3区国政対策委員長、前須賀川市議,,,,小選挙区
古川 よしのり,ふるかわ 芳憲,古川芳憲,古川,芳憲,ふるかわ,よしのり,66,新,,福島4区,党准福島県委員、4区国政対策委員長,,,,小選挙区
くまがい 智,熊谷 とも,熊谷智,熊谷,智,くまがい,とも,37,新,,福島5区,党福島県常任委員,h0use3,https://www.facebook.com/kumagaitomo3/,,小選挙区
大内 くみ子,おおうち 久美こ,大内子久美,大内,子久美,おおうち,くみこ,68,新,北関東,茨城1区,元茨城県議、党茨城県副委員長、党中央委員,,,,(重複)
星野 文雄,,星野 文雄,,,,,69,新,,茨城2区,党東部地区常任委員、茨城2区国政対策委員長,,,,小選挙区
林 みやこ,はやし 京,林京,林,京,はやし,みやこ,67,新,,茨城3区,元取手市議,,,,小選挙区
堀江 かくじ,ほりえ 鶴治,堀江鶴治,堀江,鶴治,ほりえ,かくじ,75,新,,茨城4区,党北部地区委員、茨城4区国政対策委員長,,,,小選挙区
川崎 あつ子,かわさき 篤こ,川崎子篤,川崎,子篤,かわさき,あつこ,64,新,,茨城5区,党茨城5区国政対策委員長、元東海村村議,jyuuouumare,,,小選挙区
古沢 よしゆき,ふるさわ 喜幸,古沢喜幸,古沢,喜幸,ふるさわ,よしゆき,71,新,,茨城6区,党南部地区常任委員、元土浦市議,,,,小選挙区
石嶋 いわお,いしじま 巌,石嶋巌,石嶋,巌,いしじま,いわお,63,新,,茨城7区,党茨城県委員、西部地区常任委員,,,,小選挙区
青木 ひろし,あおき 弘,青木弘,青木,弘,あおき,ひろし,56,新,,栃木1区,党栃木県委員、1区国政対策委員長,,,,小選挙区
小池 一徳,こいけ かずのり,小池一徳,小池,一徳,こいけ,かずのり,56,新,北関東,栃木2区,党栃木県書記長,,,,(重複)
まき 昌三,槙 しょうぞう,槙昌三,槙,昌三,まき,しょうぞう,74,新,,栃木3区,党栃木3区国政対策委員長、那須塩原市委員,,,,小選挙区
山崎 としひこ,やまざき 寿彦,山崎寿彦,山崎,寿彦,やまざき,としひこ,64,新,,栃木4区,党栃木県常任委員、党栃木4区国政対策委員長,,,,小選挙区
川上 ひとし,かわかみ 均,川上均,川上,均,かわかみ,ひとし,61,新,,栃木5区,党栃木県委員、党栃木5区国政対策委員長,,,,小選挙区
たなはし せつ子,店橋 世津こ,店橋子世津,店橋,子世津,たなはし,せつこ,56,新,北関東,群馬1区,党群馬1区国政対策責任者、前橋地区副委員長,,https://www.facebook.com/setuko2525,,(重複)
はせだ 直之,長谷田 なおゆき,長谷田直之,長谷田,直之,はせだ,なおゆき,61,新,,群馬2区,党群馬2区国政対策責任者、国会議員団群馬事務所長,takijidakkan,https://www.facebook.com/naoyuki.haseda,,小選挙区
渋沢 哲男,しぶさわ てつお,渋沢哲男,渋沢,哲男,しぶさわ,てつお,58,新,,群馬3区,党群馬3区国政対策責任者、東毛地区委員長,tetuosibusawa,https://www.facebook.com/tetuo.sibusawa,,小選挙区
はぎわら 貞夫,萩原 さだお,萩原貞夫,萩原,貞夫,はぎわら,さだお,68,新,,群馬4区,党群馬4区国政対策責任者,,,,小選挙区
伊藤 たつや,いとう 達也,伊藤達也,伊藤,達也,いとう,たつや,34,新,,群馬5区,党群馬5区国政対策責任者、青年学生部副部長,tatsuya_jcp,https://www.facebook.com/tatsuya.jcp.g,,小選挙区
とば めぐみ,鳥羽 恵,鳥羽恵,鳥羽,恵,とば,めぐみ,58,新,,埼玉1区,党埼玉1区国政対策委員長、さいたま地区常任委員,toba_megumi,https://www.facebook.com/megumi.toba.5,,小選挙区
平川 みちや,ひらかわ 道也,平川道也,平川,道也,ひらかわ,みちや,45,新,,埼玉2区,党南部地区常任委員,,,,小選挙区
あさか 英義,朝賀 ひでよし,朝賀英義,朝賀,英義,あさか,ひでよし,67,新,,埼玉4区,党埼玉4区国政対策委員長、西部東地区常任委員,,,,小選挙区
戸口 佐一,とぐち さいち,戸口佐一,戸口,佐一,とぐち,さいち,67,新,,埼玉6区,党埼玉6区国政対策委員長、中部地区委員,,,,小選挙区
長沼 ちね,ながぬま ちね,長沼ちね,長沼,ちね,ながぬま,ちね,67,新,,埼玉7区,党埼玉7区平和・くらし対策責任者、西部地区委員長,,,,小選挙区
つじ モトミ,辻 源巳,辻源巳,辻,源巳,つじ,モトミ,46,新,,埼玉8区,党埼玉8区くらしと平和守るプロジェクトリーダー、西南地区委員長,,,,小選挙区
神田 三春,かんだ みはる,神田三春,神田,三春,かんだ,みはる,63,新,,埼玉9区,党埼玉9区子ども・福祉・女性相談室長、西南地区常任委員,,,,小選挙区
柿沼 はるき,,柿沼 はるき,,,,,34,新,,埼玉10区,党県委員、党西部地区常任委員,,,,小選挙区
柴岡 ゆうま,しばおか 祐真,柴岡祐真,柴岡,祐真,しばおか,ゆうま,33,新,,埼玉11区,党准中央委員、北部地区委員長,shibaoka_yuma,https://www.facebook.com/shibaoka.yuma,http://www.shibaoka-yuma.jp/,小選挙区
林 ひでひろ,はやし 秀洋,林秀洋,林,秀洋,はやし,ひでひろ,43,新,,埼玉12区,党埼玉県常任委員,,,,小選挙区
苗村 京子,なえむら きょうこ,苗村京子,苗村,京子,なえむら,きょうこ,58,新,,埼玉14区,党埼玉14区政策責任者、東部南地区副委員長,,https://www.facebook.com/kyoko.nae,http://tcat.easymyweb.jp/member/mtk2-nae/,小選挙区
梅村 さえこ,うめむら 早江子,梅村早江子,梅村,早江子,うめむら,さえこ,53,現,北関東,埼玉15区,前衆議院議員、党准中央委員,umemura_saeko,https://www.facebook.com/umemurasaeko,http://www.jcp-umemura.jp/,(重複)
大野 たかし,おおの 隆,大野隆,大野,隆,おおの,たかし,48,新,,千葉1区,党千葉1区国政対策委員長、准中部地区委員,koredeiinoka,,http://korede.iinoka.net/,小選挙区
上野 ひろつぐ,うえの 洋嗣,上野洋嗣,上野,洋嗣,うえの,ひろつぐ,40,新,,千葉2区,党千葉2区国政対策委員長、県青年学生部長,,,,小選挙区
深津 としろう,ふかつ 俊郎,深津俊郎,深津,俊郎,ふかつ,としろう,69,新,,千葉4区,党千葉4区国政対策委員長、西部地区副委員長,,,,小選挙区
わたなべ 隆夫,渡部 たかお,渡部隆夫,渡部,隆夫,わたなべ,たかお,74,新,,千葉7区,党千葉7区くらし相談室長、東葛地区委員,,,,小選挙区
小野里 ていりょう,おのざと 定良,小野里定良,小野里,定良,おのざと,ていりょう,70,新,,千葉8区,党千葉8区国政対策委員長、東葛地区副委員長,,,,小選挙区
かもしだ 安代,鴨志田 やすしろ,鴨志田安代,鴨志田,安代,かもしだ,やすしろ,62,新,,千葉9区,党印旛地区委員長、千葉9区国政対策委員長,ky60954585,https://www.facebook.com/yasusiro.kamosida,http://yasusiro.at.webry.info/,小選挙区
笠原 正実,かさはら まさみ,笠原正実,笠原,正実,かさはら,まさみ,63,新,,千葉10区,党北部地区委員長、千葉県委員,,,,小選挙区
椎名 史明,しいな ふみあき,椎名史明,椎名,史明,しいな,ふみあき,60,新,,千葉11区,党東部地区委員長、千葉県委員,,https://www.facebook.com/fumiaki.shiina,,小選挙区
大西 わたる,おおにし 航,大西航,大西,航,おおにし,わたる,36,新,南関東,千葉12区,党千葉12区国政対策委員長、県常任委員,wataame_hare,http://www.facebook.com/wataame.hare,,(重複)
さいとう 和子,斉藤 かずこ,斉藤和子,斉藤,和子,さいとう,かずこ,43,現,南関東,千葉13区,前衆議院議員、党准中央委員,saitokazuko,https://www.facebook.com/saito9kazuko,http://saitokazuko.jp/,(重複)
おおぬき 清文,大貫 きよふみ,大貫清文,大貫,清文,おおぬき,きよふみ,60,新,,神奈川2区,党神奈川2区国政対策委員長、県委員,,,,小選挙区
くぎまる 進,釘丸 すすむ,釘丸進,釘丸,進,くぎまる,すすむ,44,新,,神奈川3区,党神奈川3区国政対策委員長、横浜北東地区委員長,KugimaruSusumu,https://www.facebook.com/susumu.kugimaru,,小選挙区
横山 せいご,よこやま 征吾,横山征吾,横山,征吾,よこやま,せいご,46,新,,神奈川5区,党神奈川5区国政対策委員長、横浜西南地区副委員長,,https://www.facebook.com/seigo.yokoyama.1/,http://yokoyama-seigo5.blogspot.jp/,小選挙区
加藤 リカ,かとう りか,加藤リカ,加藤,リカ,かとう,リカ,45,新,,神奈川8区,党神奈川8区子ども・子育て対策室長、横浜北東地区常任委員,,https://www.facebook.com/profile.php?id=100010277866022,http://ameblo.jp/katohrika/,小選挙区
斉藤 のどか,さいとう 温,斉藤温,斉藤,温,さいとう,のどか,26,新,,神奈川9区,党神奈川9区青年・女性部長,,,,小選挙区
はたの 君枝,畑野 きみえ,畑野君枝,畑野,君枝,はたの,きみえ,60,現,南関東,神奈川10区,前衆議院議員、党中央委員,hatanokimie,https://www.facebook.com/kimie.hatano.9,http://www.hatano-kimie.jp/,(重複)
せと 和弘,瀬戸 かずひろ,瀬戸和弘,瀬戸,和弘,せと,かずひろ,65,新,,神奈川11区,党神奈川11区国政対策委員長、三浦半島地区副委員長,,,https://kazu-seto.blogspot.jp/,小選挙区
岡崎 ゆたか,おかざき 裕,岡崎裕,岡崎,裕,おかざき,ゆたか,39,新,南関東,神奈川13区,党神奈川県青年学生対策部長・県常任委員,,https://www.facebook.com/jcp20141214okazaki/,,(重複)
中野渡 じゅん,なかのわたり 旬,中野渡旬,中野渡,旬,なかのわたり,じゅん,69,新,,神奈川14区,党神奈川14区国政対策委員長、北部地区副委員長,,,,小選挙区
池田 博英,いけだ ひろひで,池田博英,池田,博英,いけだ,ひろひで,54,新,,神奈川16区,党神奈川16区国政対策委員長、県央地区委員長,,,,小選挙区
横田 英司,よこた えいじ,横田英司,横田,英司,よこた,えいじ,59,新,,神奈川17区,党神奈川17区国政対策委員長、県委員,,https://www.facebook.com/profile.php?id=100004574320067,,小選挙区
宮内 げん,みやうち 現,宮内現,宮内,現,みやうち,げん,35,新,南関東,山梨1区,党山梨県常任委員,genmiyauchi1982,https://www.facebook.com/gen.miyauchi,,(重複)
大久保 令子,おおくぼ れいこ,大久保令子,大久保,令子,おおくぼ,れいこ,67,新,,山梨2区,党郡内東八西八地区委員長、党山梨県委員,,,,小選挙区
石沢 のりゆき,いしざわ 憲之,石沢憲之,石沢,憲之,いしざわ,のりゆき,30,新,,東京2区,党東京2区青年のはたらき方相談室長,,,,小選挙区
香西 かつ介,こうざい 克すけ,香西介克,香西,介克,こうざい,かつすけ,41,新,,東京3区,党准中央委員、品川地区委員長,kouzai2007,https://ja-jp.facebook.com/katusuke.kouzai,http://zaian7.exblog.jp/,小選挙区
青山 コウヘイ,あおやま 昂平,青山昂平,青山,昂平,あおやま,コウヘイ,26,新,,東京4区,党東京4区雇用と生活対策室長、都青年学生部員,iyaiya_55?lang=ja,https://ja-jp.facebook.com/kohei.aoyama.90,http://kouhei.jcp-ota.jp/,小選挙区
おさない 史子,長内 ふみこ,長内史子,長内,史子,おさない,ふみこ,29,新,,東京8区,党杉並地区学費・若者雇用対策室チーフ、民青同盟東京都副委員長,osanai235,https://www.facebook.com/osanai235/,,小選挙区
原 純子,はら じゅんこ,原純子,原,純子,はら,じゅんこ,53,新,東京,東京9区,元・田村智子参議院議員秘書、党東京都常任委員,harachanj,https://www.facebook.com/kukure.hara,http://hara-junko.com,(重複)
岸 良信,きし よしのぶ,岸良信,岸,良信,きし,よしのぶ,62,新,,東京10区,党東京10区国政対策委員長、都委員,,,,小選挙区
小堤 東,こづつみ あづま,小堤東,小堤,東,こづつみ,あづま,28,新,,東京11区,党東京11区青年雇用対策責任者、民青同盟東京都副委員長,azuma_united_fc,,,小選挙区
池内 さおり,いけうち 沙織,池内沙織,池内,沙織,いけうち,さおり,35,現,東京,東京12区,前衆議院議員、党准中央委員,ikeuchi_saori,https://www.facebook.com/saolyn.ikeuchi,http://www.saori-ikeuchi.com/,(重複)
そぶえ 元希,祖父江 もとき,祖父江元希,祖父江,元希,そぶえ,もとき,42,新,,東京13区,党准中央委員、足立地区副委員長,sobuemotoki/media,,http://blog.goo.ne.jp/motokisobue,小選挙区
あとう 和之,阿藤 かずゆき,阿藤和之,阿藤,和之,あとう,かずゆき,46,新,,東京14区,党東京14区国政対策責任者、准中央委員,atoukazuyuki?lang=ja,,http://plaza.rakuten.co.jp/atoukazuyuki/,小選挙区
吉田 としお,よしだ 年男,吉田年男,吉田,年男,よしだ,としお,69,新,,東京15区,党東京15区国政対策委員長、江東地区委員長,,,http://www.koto-minpo.jp/jcp-yoshidatoshio/,小選挙区
沢田 しゅんじ,,沢田 しゅんじ,,,,,66,新,,東京16区,党東京都委員・市民中小企業部副部長,,,,小選挙区
新井 杉生,あらい すぎお,新井杉生,新井,杉生,あらい,すぎお,58,新,,東京17区,党東京都委員、葛飾地区委員長,over_wash,,http://overwash.blog7.fc2.com/,小選挙区
杉下 茂雄,すぎした しげお,杉下茂雄,杉下,茂雄,すぎした,しげお,68,新,,東京19区,党東京19区国民運動委員会責任者、北多摩東部部地区委員,,,,小選挙区
宮本 徹,みやもと とおる,宮本徹,宮本,徹,みやもと,とおる,45,現,東京,東京20区,前衆議院議員、党中央委員,miyamototooru,https://www.facebook.com/miyamototooru.jcp,http://miyamototooru.info/,(重複)
阿部 真,あべ まこと,阿部真,阿部,真,あべ,まこと,43,新,,東京22区,党調布狛江府中地区委員長、東京22区国政対策委員長,rhein2011,https://www.facebook.com/makoto.abe.22,,小選挙区
松村 りょうすけ,まつむら 亮佑,松村亮佑,松村,亮佑,まつむら,りょうすけ,37,新,,東京23区,党東京23区国政対策委員長、町田地区副委員長,akahigepapa,https://www.facebook.com/ryosuke.matsumura.79,,小選挙区
飯田 みやこ,いいだ 美弥子,飯田美弥子,飯田,美弥子,いいだ,みやこ,57,新,東京,東京24区,弁護士、党東京都憲法・くらし・国政対策室長,,https://www.facebook.com/729898467032255/,,(重複)
井上 たかし,いのうえ 宣,井上宣,井上,宣,いのうえ,たかし,43,新,,東京25区,党東京25区国政対策室長、西多摩・青梅地区委員長,Inoue_9,https://www.facebook.com/takashi.inoue.jcp,http://peaceforat.com/it/,小選挙区
まちだ 明広,町田 あきひろ,町田明広,町田,明広,まちだ,あきひろ,52,新,,新潟1区,党新潟県委員、新潟地区常任委員,matidakun,https://www.facebook.com/akihiro.matida.3,,小選挙区
細井 よしお,ほそい 良雄,細井良雄,細井,良雄,ほそい,よしお,68,新,,新潟2区,前長岡市議、党中越地区委員,,https://www.facebook.com/yoshio.hoshoi,,小選挙区
いとう 誠,伊藤 まこと,伊藤誠,伊藤,誠,いとう,まこと,43,新,,新潟3区,党新潟県委員、下越地区副委員長,,,,小選挙区
五十嵐 たけひこ,いがらし 健彦,五十嵐健彦,五十嵐,健彦,いがらし,たけひこ,37,新,,新潟4区,民青同盟新潟県委員長、党新潟県委員,,https://www.facebook.com/profile.php?id=100004099751374,,小選挙区
青山 了介,,青山 了介,,,,,42,新,,富山1区,党県委員会勤務,,,,小選挙区
坂本 ひろし,さかもと 洋史,坂本洋史,坂本,洋史,さかもと,ひろし,47,新,北陸信越,富山3区,党富山県委員、呉西地区委員長,hi_sakamoto,https://www.facebook.com/55hiroshi/,http://jcp-sakamoto.sakura.ne.jp/,(重複)
黒崎 きよのり,くろさき 清則,黒崎清則,黒崎,清則,くろさき,きよのり,69,新,,石川1区,党金沢地区副委員長、石川県委員,,,,小選挙区
本田 正和,ほんだ まさかず,本田正和,本田,正和,ほんだ,まさかず,68,新,,石川2区,党加南地区委員長、石川県常任委員,,,,小選挙区
鈴木 こうた,すずき 宏太,鈴木宏太,鈴木,宏太,すずき,こうた,36,新,,石川3区,党能登地区常任委員,,,,小選挙区
かねもと 幸枝,金元 ゆきえ,金元幸枝,金元,幸枝,かねもと,ゆきえ,59,新,,福井1区,党福井県書記長,jcp_555,https://www.facebook.com/profile.php?id=100005810323550,http://jcp-fukui.jp/,小選挙区
さるはし 巧,猿橋 たくみ,猿橋巧,猿橋,巧,さるはし,たくみ,63,新,,福井2区,党福井県委員、党嶺南地区常任委員,,,http://jcp-fukui.jp/,小選挙区
小金沢 ゆか,こがねざわ 由佳,小金沢由佳,小金沢,由佳,こがねざわ,ゆか,34,新,,長野3区,党長野3区若者相談室長、准県委員,KoganezawaYuka,https://www.facebook.com/yuka.koganezawa.1,,小選挙区
もうり 栄子,毛利 えいこ,毛利栄子,毛利,栄子,もうり,えいこ,66,新,,長野4区,前長野県議、元岡谷市議,eimouri,https://www.facebook.com/eimouri,http://plaza.rakuten.co.jp/mourieiko/,小選挙区
やまこし とおる,山越 徹,山越徹,山越,徹,やまこし,とおる,47,新,東海,岐阜1区,党岐阜市委員長、准岐阜県委員,,https://www.facebook.com/yamakoshi.toru,,(重複)
森桜 ふさよし,もりざくら 房義,森桜房義,森桜,房義,もりざくら,ふさよし,60,新,,岐阜2区,党西濃地区委員長、岐阜県委員,,,,小選挙区
井上 さとし,いのうえ 諭,井上諭,井上,諭,いのうえ,さとし,50,新,,岐阜3区,党岐阜県常任委員、元民青同盟岐阜県委員長,,,,小選挙区
こみやま 恵美子,,こみやま 恵美子,,,,,62,新,,岐阜4区,党県委員、党飛騨地区副委員長,,,,小選挙区
おぜき 祥子,小関 しょうこ,小関祥子,小関,祥子,おぜき,しょうこ,64,新,,岐阜5区,党東濃西地区委員長、元土岐市議,,,,小選挙区
鈴木 ちか,すずき 千佳,鈴木千佳,鈴木,千佳,すずき,ちか,46,新,,静岡1区,党静岡県常任委員・女性児童部長,chikachika_gogo,https://www.facebook.com/chikachikagogo/,http://ameblo.jp/chikachika-gogo/,小選挙区
よつや 恵,四ツ谷 めぐみ,四ツ谷恵,四ツ谷,恵,よつや,めぐみ,65,新,,静岡2区,党中部地区副委員長,,https://www.facebook.com/cyuubutiku,https://meg-yotsuya.jimdo.com/,小選挙区
松浦 きよし,まつうら 喜芳,松浦喜芳,松浦,喜芳,まつうら,きよし,59,新,,静岡3区,ソーラー発電設備会社社長,,,,小選挙区
松原 さとし,まつばら 聡,松原聡,松原,聡,まつばら,さとし,55,新,,静岡4区,党静岡県常任委員,031004GOGO,,,小選挙区
井口 まさひこ,いぐち 昌彦,井口昌彦,井口,昌彦,いぐち,まさひこ,63,新,,静岡5区,党東部地区副委員長、静岡県委員,,https://www.facebook.com/iguchi.shizuoka,,小選挙区
内田 ゆたか,うちだ 豊,内田豊,内田,豊,うちだ,ゆたか,63,新,,静岡6区,党伊豆地区委員長、静岡県委員,,,,小選挙区
のざわ 正司,野澤 まさじ,野澤正司,野澤,正司,のざわ,まさじ,68,新,,静岡7区,党西部地区常任委員、浜松市北区副委員長,,,,小選挙区
しまだ 初江,嶋田 はつえ,嶋田初江,嶋田,初江,しまだ,はつえ,69,新,,静岡8区,元浜松市議、党西部地区副委員長,,https://www.facebook.com/jcpshizu.seibu,http://jcpseibu.hamazo.tv/,小選挙区
酒井 ケンタロー,さかい 健太朗,酒井健太朗,酒井,健太朗,さかい,ケンタロー,31,新,,愛知2区,党名古屋千種・名東・守山地区常任委員、民青同盟名古屋東部地区委員長,,https://www.facebook.com/kentaro.sakai.12,,小選挙区
西田 とし子,,西田 とし子,,,,,63,新,,愛知4区,党県委員、愛知4区くらし・平和対策委員長,,,,小選挙区
田上 みつのり,たがみ 光徳,田上光徳,田上,光徳,たがみ,みつのり,66,新,,愛知6区,党尾張中部地区副委員長,,,,小選挙区
長友 ただひろ,ながとも 忠弘,長友忠弘,長友,忠弘,ながとも,ただひろ,58,新,,愛知8区,党愛知県委員、知多地区委員長,clfcde1eljomceq,https://www.facebook.com/tadahiro.nagatomo,,小選挙区
渡辺 ひろし,わたなべ 裕,渡辺裕,渡辺,裕,わたなべ,ひろし,37,新,,愛知9区,党愛知9区若者雇用対策部長、准県委員,,,http://jcpweb.net/watanabe/,小選挙区
いたくら 正文,板倉 まさふみ,板倉正文,板倉,正文,いたくら,まさふみ,59,新,,愛知10区,党愛知10区生活相談室長、元一宮市議,2b28a3370fae4f9,https://www.facebook.com/masafumi.itakura.5,,小選挙区
本多 のぶひろ,ほんだ 信弘,本多信弘,本多,信弘,ほんだ,のぶひろ,41,新,,愛知11区,党愛知11区政策委員長、元民青新聞記者,,,,小選挙区
宮地 いさお,みやち 勲,宮地勲,宮地,勲,みやち,いさお,63,新,,愛知12区,党西三河地区委員,,,,小選挙区
下島 良一,しもじま りょういち,下島良一,下島,良一,しもじま,りょういち,71,新,,愛知13区,党西三河地区委員,,,,小選挙区
金原 のぶゆき,きんぱら 信之,金原信之,金原,信之,きんぱら,のぶゆき,57,新,,愛知14区,党東三地区常任委員,,,,小選挙区
のざわ 康幸,野澤やすゆき,のざわ 康幸,,,,,29,新,,愛知15区,党東三地区委員、民青同盟愛知県副委員長,,,,小選挙区
野村 まさひろ,のむら 真弘,野村真弘,野村,真弘,のむら,まさひろ,61,新,,三重3区,党三重3区国政対策委員長、北勢地区委員,,,,小選挙区
谷中 みよし,たになか みよし,谷中みよし,谷中,みよし,たになか,みよし,57,新,,三重4区,党南部地区委員長、党三重県常任委員,,https://www.facebook.com/profile.php?id=100005911840765,,小選挙区
石堂 あつし,いしどう 淳士,石堂淳士,石堂,淳士,いしどう,あつし,43,新,,滋賀3区,党滋賀県委員、湖南地区委員長,,https://www.facebook.com/atsushi.ishidoh,,小選挙区
西沢 こういち,にしざわ 耕一,西沢耕一,西沢,耕一,にしざわ,こういち,39,新,,滋賀4区,党滋賀県委員、湖東地区常任委員,,https://www.facebook.com/koichi.nishizawa.758,,小選挙区
こくた 恵二,穀田 けいじ,穀田恵二,穀田,恵二,こくた,けいじ,70,現,近畿,京都1区,前衆院議員、党国会対策委員長、党選挙対策委員長,kokutakeiji,https://www.facebook.com/kokutakeiji,http://www.kokuta-keiji.jp/,(重複)
ちさか 拓晃,地坂 たくあき,地坂拓晃,地坂,拓晃,ちさか,たくあき,44,新,近畿,京都2区,党京都府常任委員・青年・学生部長,chitak21,,,(重複)
金森 とおる,かなもり 亨,金森亨,金森,亨,かなもり,とおる,61,新,,京都3区,党京都府書記長、京都3区国政委員長,mimu_kanamori,https://www.facebook.com/tooru.kanamori,,小選挙区
吉田 幸一,よしだ こういち,吉田幸一,吉田,幸一,よしだ,こういち,43,新,,京都4区,党京都府委員、西地区副委員長,koichiyoshida4,,,小選挙区
山内 健,やまうち けん,山内健,山内,健,やまうち,けん,49,新,,京都5区,党京都府委員、中丹地区委員長,kyamauchi2,,,小選挙区
かみじょう 亮一,上條 りょういち,上條亮一,上條,亮一,かみじょう,りょういち,31,新,,京都6区,党京都府委員、京都6区国政委員長,ryoichikamijo,,,小選挙区
しば山 のぼる,柴やま 昇,山柴昇,山柴,昇,しばやま,のぼる,63,新,,大阪1区,党大阪1区国政対策委員長、生野天王寺地区委員長,,https://www.facebook.com/noboru.shibayama.9,https://www.twitter.com/ikunotennohji,小選挙区
わたなべ 結,渡部 ゆい,渡部結,渡部,結,わたなべ,ゆい,36,新,近畿,大阪3区,党大阪3区国政対策委員長、准中央委員,yuiwatanabe_osk,https://www.facebook.com/yui.watanabe.jcp.osk/,http://www.watanabeyui.net/,(重複)
清水 ただし,しみず 忠史,清水忠史,清水,忠史,しみず,ただし,49,現,近畿,大阪4区,前衆議院議員、党准中央委員,tadashishimizu,https://www.facebook.com/tadashi.shimizu.90,http://www.shimizu-tadashi.jp/,(重複)
北山 良三,きたやま りょうぞう,北山良三,北山,良三,きたやま,りょうぞう,65,新,,大阪5区,党大阪5区国政対策委員長、元大阪市議,jcpkitayama,https://www.facebook.com/kitayamasupport,http://kitayama.mints.ne.jp/blog/,小選挙区
村口 くみ子,むらぐち 久美こ,村口子久美,村口,子久美,むらぐち,くみこ,45,新,,大阪7区,党大阪7区国政対策委員長、吹田・摂津地区委員,,https://www.facebook.com/kumiko.muraguchi.7,http://muraguti-kumiko.cocolog-nifty.com/,小選挙区
あらい 真,新居 まこと,新居真,新居,真,あらい,まこと,57,新,,大阪8区,党大阪8区国政対策委員長、元豊中市議,,,http://arai-makoto.com/,小選挙区
みわ 智之,三和 ともゆき,三和智之,三和,智之,みわ,ともゆき,42,新,,大阪11区,党大阪11区国政対策部長、枚方交野地区副委員長,1975_miwa,https://www.facebook.com/tomoyuki.miwa3,http://shoot128.exblog.jp/,小選挙区
松尾 まさのり,まつお 正利,松尾正利,松尾,正利,まつお,まさのり,58,新,,大阪12区,党大阪12区国政対策委員長、北河内南地区委員長,,,,小選挙区
長岡 よしかず,ながおか 嘉一,長岡嘉一,長岡,嘉一,ながおか,よしかず,48,新,,大阪13区,党大阪13区国政対策委員長、元東大阪市議,,,,小選挙区
小松 ひさし,こまつ 久,小松久,小松,久,こまつ,ひさし,60,新,,大阪14区,党大阪14区国政対策委員長、元大阪府議,,,,小選挙区
ため 仁史,爲 きみひと,爲仁史,爲,仁史,ため,きみひと,68,新,,大阪15区,党大阪15区くらし相談室長,,,http://blog.goo.ne.jp/tame15,小選挙区
藤本 さちこ,ふじもと 幸子,藤本幸子,藤本,幸子,ふじもと,さちこ,42,新,,大阪17区,党大阪17区国政対策委員長、堺地区常任委員,,,,小選挙区
やの 忠重,矢野 ただしげ,矢野忠重,矢野,忠重,やの,ただしげ,67,新,,大阪18区,党大阪18区国政対策委員長、阪南地区副委員長,yanotadasige,https://www.facebook.com/tadasige.yano.7,http://www.jcp-hannan.net/18ku/yano.html,小選挙区
北村 みき,きたむら みき,北村みき,北村,みき,きたむら,みき,51,新,,大阪19区,党大阪19区国政対策委員長、阪南地区女性児童部長,0620_appletree,https://www.facebook.com/miki.t.kitamura,http://ameblo.jp/miraini-kibou/,小選挙区
りきしげ 智之,力重 ともゆき,力重智之,力重,智之,りきしげ,ともゆき,39,新,,兵庫1区,党兵庫1区国政対策委員長、県常任委員,,,,小選挙区
平松 順子,ひらまつ じゅんこ,平松順子,平松,順子,ひらまつ,じゅんこ,68,新,近畿,兵庫2区,党兵庫2区国政対策委員長、県常任委員,jhiramatu,,,(重複)
ふじたに 香恵子,冨士谷 かえこ,冨士谷香恵子,冨士谷,香恵子,ふじたに,かえこ,65,新,,兵庫3区,党兵庫3区国政対策委員長、神戸西地区委員,,,,小選挙区
おおすぎ 鉄夫,大椙 てつお,大椙鉄夫,大椙,鉄夫,おおすぎ,てつお,69,新,,兵庫4区,党兵庫4区国政対策委員長、神戸西地区委員長,,,,小選挙区
西中 たかお,にしなか 孝男,西中孝男,西中,孝男,にしなか,たかお,68,新,,兵庫5区,党兵庫5区国政対策委員長、阪神北地区副委員長、元三田市議,,,,小選挙区
吉見 秋彦,よしみ あきひこ,吉見秋彦,吉見,秋彦,よしみ,あきひこ,43,新,,兵庫6区,党兵庫6区国政対策委員長、阪神北地区委員長,,,,小選挙区
上田 さち子,うえだ 幸こ,上田子幸,上田,子幸,うえだ,さちこ,69,新,,兵庫7区,党兵庫7区国政対策委員長、前西宮市議,,,,小選挙区
堀内 照文,ほりうち てるふみ,堀内照文,堀内,照文,ほりうち,てるふみ,44,現,近畿,兵庫8区,前衆議院議員、党准中央委員,teruhoriuchi,https://www.facebook.com/terufumi.horiuchi,http://www.teru-horiuchi.com/,(重複)
金田 峰生,かねだ みねお,金田峰生,金田,峰生,かねだ,みねお,52,新,,兵庫10区,党国会議員団兵庫事務所長、党県常任委員、元兵庫県議,mineo_kaneda,https://www.facebook.com/kanedamineo,,小選挙区
稲村 さとる,いなむら 知,稲村知,稲村,知,いなむら,さとる,57,新,,兵庫11区,党兵庫11区国政対策委員長、西播地区委員,,,,小選挙区
堀 ゆずる,ほり 譲,堀譲,堀,譲,ほり,ゆずる,67,新,,兵庫12区,党兵庫12区国政対策委員長、前たつの市議,,,,小選挙区
井上 良子,いのうえ よしこ,井上良子,井上,良子,いのうえ,よしこ,53,新,近畿,奈良1区,党奈良県国政事務所長、県常任委員,,https://www.facebook.com/profile.php?id=100008607883601,,(重複)
しもとり 純一,霜鳥 じゅんいち,霜鳥純一,霜鳥,純一,しもとり,じゅんいち,56,新,,奈良2区,党奈良県くらし経済対策委員、県委員,,https://www.facebook.com/junichi.shimotori.1,,小選挙区
所 すすむ,ところ 進,所進,所,進,ところ,すすむ,38,新,,奈良3区,党大和高田市青年学生部長、奈良県青年学生対策部員,,https://www.facebook.com/profile.php?id=100009276016244,,小選挙区
原 やすひさ,はら 矢寸久,原矢寸久,原,矢寸久,はら,やすひさ,66,新,近畿,和歌山1区,党和歌山県副委員長,,,,(重複)
下村 まさひろ,しもむら 雅洋,下村雅洋,下村,雅洋,しもむら,まさひろ,62,新,,和歌山2区,党和歌山県常任委員・2区国政対策委員長,,https://www.facebook.com/shimomura.masahiro.54,,小選挙区
くすもと 文郎,楠本 ふみろう,楠本文郎,楠本,文郎,くすもと,ふみろう,63,新,,和歌山3区,党和歌山3区国政対策委員長、前御坊市議,,,,小選挙区
塚田 なるゆき,つかだ 成幸,塚田成幸,塚田,成幸,つかだ,なるゆき,53,新,,鳥取1区,党鳥取県委員、東中部地区委員長,aozoranaru,,,小選挙区
福住 ひでゆき,ふくずみ 英行,福住英行,福住,英行,ふくずみ,ひでゆき,41,新,,鳥取2区,党鳥取県常任委員,fukuzumih,https://www.facebook.com/fukuzumih,,小選挙区
むこせ 慎一,向瀬 しんいち,向瀬慎一,向瀬,慎一,むこせ,しんいち,46,新,,島根2区,党島根県西部地区委員長、県委員,mukose3,https://www.facebook.com/shinichi.mukose,,小選挙区
垣内 京美,かきうち きょうみ,垣内京美,垣内,京美,かきうち,きょうみ,51,新,中国,岡山2区,党准中央委員、岡山県書記長,haruka_tubasa,https://www.facebook.com/gu.jingmei,,(重複)
尾崎 ひろ子,おざき 宏こ,尾崎子宏,尾崎,子宏,おざき,ひろこ,61,新,,岡山3区,党岡山県委員、3区国政対策委員長,,https://www.facebook.com/people/Hiroko-Ozaki/100005889727144,,小選挙区
平林 明成,ひらばやし あきなり,平林明成,平林,明成,ひらばやし,あきなり,62,新,,岡山4区,党倉敷地区委員、岡山4区国政対策委員長,,,,小選挙区
みいみ 芳明,美見 よしあき,美見芳明,美見,芳明,みいみ,よしあき,60,新,,岡山5区,党西部地区委員長、岡山5区国政対策委員長,,,,小選挙区
大西 オサム,おおにし 理,大西理,大西,理,おおにし,オサム,51,新,,広島1区,党広島市東地区委員長、県委員,,,,小選挙区
藤本 さとし,ふじもと 聡志,藤本聡志,藤本,聡志,ふじもと,さとし,63,新,,広島2区,党広島県委員、広島市西地区副委員長,,https://www.facebook.com/profile.php?id=100006891949363,,小選挙区
清水 ていこ,しみず 貞子,清水貞子,清水,貞子,しみず,ていこ,70,新,,広島3区,党広島県委員、広島市安佐北区委員長,,https://www.facebook.com/profile.php?id=100007007315519,,小選挙区
中石 ひとし,なかいし 仁,中石仁,中石,仁,なかいし,ひとし,54,新,,広島4区,党広島県委員、広島市東地区常任委員,,,,小選挙区
尾崎 ひかる,おざき 光,尾崎光,尾崎,光,おざき,ひかる,64,新,,広島5区,党中部地区委員長、広島県委員,,,,小選挙区
しげむら 幸司,重村 こうじ,重村幸司,重村,幸司,しげむら,こうじ,66,新,,広島7区,党福山市委員長、広島県委員,,,,小選挙区
五島 博,ごとう ひろし,五島博,五島,博,ごとう,ひろし,61,新,,山口1区,党中部地区委員長,,,,小選挙区
松田 一志,まつだ かずし,松田一志,松田,一志,まつだ,かずし,60,新,,山口2区,党東部地区副委員長,,https://www.facebook.com/KazushiMatsuda53,http://blog.livedoor.jp/kazushi53/,小選挙区
西岡 広伸,にしおか ひろのぶ,西岡広伸,西岡,広伸,にしおか,ひろのぶ,54,新,,山口4区,党西部地区副委員長,,https://www.facebook.com/jcp.yamaguti.seibu,,小選挙区
山本 千代子,やまもと ちよこ,山本千代子,山本,千代子,やまもと,ちよこ,68,新,,徳島1区,党徳島県常任委員,yamachi0102,https://www.facebook.com/100005512444252,,小選挙区
久保 たかゆき,くぼ 孝之,久保孝之,久保,孝之,くぼ,たかゆき,54,新,,徳島2区,党徳島地区委員長、徳島県常任委員,,https://www.facebook.com/jcp.tokushima,,小選挙区
河村 ただし,かわむら 整,河村整,河村,整,かわむら,ただし,58,新,,香川2区,党香川県常任委員,,https://www.facebook.com/profile.php?id=100008264835156,,小選挙区
石本 憲一,いしもと けんいち,石本憲一,石本,憲一,いしもと,けんいち,70,新,,愛媛1区,党愛媛県書記長,,,,小選挙区
一色 一正,いっしき かずまさ,一色一正,一色,一正,いっしき,かずまさ,67,新,,愛媛2区,党東予地区委員長,,,,小選挙区
国田 むつみ,くにた 睦,国田睦,国田,睦,くにた,むつみ,65,新,,愛媛3区,党東予地区国対委員長,,,,小選挙区
西井 直人,にしい なおひと,西井直人,西井,直人,にしい,なおひと,60,新,,愛媛4区,党南予地区委員長,,,,小選挙区
松本 けんじ,まつもと 顕治,松本顕治,松本,顕治,まつもと,けんじ,33,新,,高知1区,党高知県常任委員、1区国政対策委員長,matsu_en,https://www.facebook.com/profile.php?id=100013854768106,,小選挙区
立川 孝彦,たちかわ たかひこ,立川孝彦,立川,孝彦,たちかわ,たかひこ,66,新,,福岡1区,党福岡1区国政対策委員長、東・博多地区委員長,,https://www.facebook.com/takahiko.tachikawa,,小選挙区
松尾 りつ子,まつお 律こ,松尾子律,松尾,子律,まつお,りつこ,45,新,,福岡2区,党福岡2区福祉・子育て相談室長、中央南地区常任委員,matsuo_ritsuko,https://www.facebook.com/rm11104,,小選挙区
山口 ゆうと,やまぐち 湧人,山口湧人,山口,湧人,やまぐち,ゆうと,28,新,,福岡3区,党福岡3区雇用・福祉対策委員長、西部地区委員,yama_yuuton12,,,小選挙区
しんどめ 清隆,新留 きよたか,新留清隆,新留,清隆,しんどめ,きよたか,62,新,,福岡4区,党福岡4区国政対策委員長、宗像粕屋地区委員長,,https://www.facebook.com/jcp.munakasu,,小選挙区
田中 ようじ,たなか 陽二,田中陽二,田中,陽二,たなか,ようじ,61,新,,福岡5区,党福岡5区国政対策委員長、筑紫朝倉地区委員長,tanakayoji,https://www.facebook.com/people/Yoji-Tanaka/100007628881907,,小選挙区
小林 とき子,こばやし 解こ,小林子解,小林,子解,こばやし,ときこ,37,新,,福岡6区,党福岡6区国政対策委員長、筑後地区委員長,,,,小選挙区
江口 まなぶ,えぐち 学,江口学,江口,学,えぐち,まなぶ,43,新,,福岡7区,党福岡7区国政対策委員長、党大牟田地区副委員長,omuta_eguchi,https://www.facebook.com/100008827811511,,小選挙区
宮嶋 つや子,みやじま つやこ,宮嶋子,宮嶋,子,みやじま,つやつやこ,66,新,,福岡8区,前飯塚市議、党福岡8区国政対策委員長,tsuyako1127,https://www.facebook.com/tsuyako.miyazima,,小選挙区
まじま 省三,真島 しょうぞう,真島省三,真島,省三,まじま,しょうぞう,54,現,九州・沖縄,福岡9区,前衆議院議員、元福岡県議,syouzoumajima,https://www.facebook.com/majimasyouzou.jcp,http://jcp-majimasyouzo.jp/,(重複)
田村 たかあき,たむら 貴昭,田村貴昭,田村,貴昭,たむら,たかあき,56,現,九州・沖縄,福岡10区,前衆議院議員、元北九州市議,TAMURATAKAAKI,https://www.facebook.com/tamuratakaaki/,http://tamura-takaaki.com/,(重複)
かみむら 泰稔,上村 やすとし,上村泰稔,上村,泰稔,かみむら,やすとし,52,新,,佐賀1区,党佐賀1区国政対策委員長、東部地区委員長,,https://www.facebook.com/vasutoshi.kamimura,,小選挙区
大森 ひとし,おおもり 斉,大森斉,大森,斉,おおもり,ひとし,62,新,,佐賀2区,党佐賀2区国政対策委員長、佐賀県委員,,,,小選挙区
牧山 隆,まきやま たかし,牧山隆,牧山,隆,まきやま,たかし,60,新,,長崎1区,党長崎県常任委員、南部地区委員長,,https://www.facebook.com/profile.php?id=100009414735635,,小選挙区
近藤 いちう,こんどう 一宇,近藤一宇,近藤,一宇,こんどう,いちう,68,新,,長崎2区,党長崎県委員、2区国政対策委員長,,,,小選挙区
石丸 完治,いしまる かんじ,石丸完治,石丸,完治,いしまる,かんじ,68,新,,長崎3区,党長崎県常任委員、県農林・漁民部長,,,,小選挙区
石川 さとる,いしかわ 悟,石川悟,石川,悟,いしかわ,さとる,65,新,,長崎4区,党長崎県常任委員、北部地区委員長,tukinokawasator,https://www.facebook.com/profile.php?id=100008387827735,,小選挙区
せきね しずか,関根 静香,関根静香,関根,静香,せきね,しずか,27,新,,熊本3区,党熊本県青年学生部員、保育士、3区国政対策委員長,,,,小選挙区
小手川 めぐみ,こてがわ 恵,小手川恵,小手川,恵,こてがわ,めぐみ,61,新,,大分1区,党中部地区自治体部長、元大分市議,,,,小選挙区
内田 静雄,うちだ しずお,内田静雄,内田,静雄,うちだ,しずお,68,新,,宮崎1区,党中部地区常任委員、宮崎1区国政対策責任者,,,,小選挙区
黒木 万治,くろき まんじ,黒木万治,黒木,万治,くろき,まんじ,69,新,,宮崎2区,前日向市議、党北部地区副委員長,,https://www.facebook.com/profile.php?id=100004194765892,,小選挙区
井福 美年,いふく みとし,井福美年,井福,美年,いふく,みとし,68,新,,宮崎3区,党宮崎県委員、3区国政対策委員長,,,,小選挙区
祝迫 みつはる,いわいざこ 光治,祝迫光治,祝迫,光治,いわいざこ,みつはる,74,新,,鹿児島2区,党鹿児島2区国政対策委員長,,,,小選挙区
山口 ゆうた,やまぐち ゆうた,山口ゆうた,山口,ゆうた,やまぐち,ゆうた,26,新,,鹿児島3区,党鹿児島県青年学生対策委員,,,,小選挙区
あかみね 政賢,赤嶺 せいけん,赤嶺政賢,赤嶺,政賢,あかみね,せいけん,69,現,九州・沖縄,沖縄1区,前衆議院議員、沖縄県委員長、党幹部会員,akamineseiken,https://www.facebook.com/akamineseiken,http://akamine-seiken.jp/,(重複)
山口 ゆうた,やまぐち ゆうた,山口ゆうた,山口,ゆうた,やまぐち,ゆうた,26,新,,鹿児島3区,党鹿児島県青年学生対策委員,,,,小選挙区
あかみね 政賢,赤嶺 せいけん,赤嶺政賢,赤嶺,政賢,あかみね,せいけん,69,現,九州・沖縄,沖縄1区,前衆議院議員、沖縄県委員長、党幹部会員,akamineseiken,https://www.facebook.com/akamineseiken,http://akamine-seiken.jp/,(重複)
はたやま 和也,畠山 かずや,畠山和也,畠山,和也,はたやま,かずや,45,現,北海道,,衆院議員1期、党政策委員会副責任者,hatayama_kazuya ,https://www.facebook.com/kazuya.hatayama.1,http://hatarogu.blogspot.jp/,比例代表
かわべ 竜二,川部 りゅうじ,川部竜二,川部,竜二,かわべ,りゅうじ,46,新,北海道,,党北海道政策委員長、3区国政対策委員長、札幌白石・厚別地区委員長,ryujikawabe,https://www.facebook.com/profile.php?id=100005961273973,https://kawaberyuji.blogspot.jp/,比例代表
金倉 まさとし,かなくら 昌俊,金倉昌俊,金倉,昌俊,かなくら,まさとし,43,新,北海道,北海道2区,党北海道2区国政対策委員長、准中央委員、道副委員長,kanakuramasato,https://www.facebook.com/kanakuramasatoshi,http://www.kanakura.net/,(重複)
高橋 ちづ子,たかはし 千鶴子,高橋子千鶴子,高橋,子千鶴子,たかはし,ちづ,57,現,東北,,衆院議員5期、党常任幹部会委員,chiduko916 ,https://www.facebook.com/profile.php?id=100006085722650,http://www.chiduko.gr.jp/,比例代表
ふなやま 由美,舩山 ゆみ,舩山由美,舩山,由美,ふなやま,ゆみ,48,新,東北,,仙台市議(4期)、党宮城県委員,,https://ja-jp.facebook.com/funayama.yumi.haiji,http://funayama-yumi.jp/,比例代表
吉田 恭子,よしだ きょうこ,吉田恭子,吉田,恭子,よしだ,きょうこ,36,新,東北,岩手1区,党岩手県常任委員、党国会議員団岩手県事務所長,kyoko_yosida,,,(重複)
笠井 亮,かさい あきら,笠井亮,笠井,亮,かさい,あきら,64,現,東京,,衆院議員4期(参院1期)、党常任幹部会委員,akibacsi,https://www.facebook.com/akira.kasai1,http://www.kasai-akira.jp/,比例代表
宮本 徹,みやもと とおる,宮本徹,宮本,徹,みやもと,とおる,45,現,東京,東京20区,前衆議院議員、党中央委員,miyamototooru,https://www.facebook.com/miyamototooru.jcp,http://miyamototooru.info/,(重複)
池内 さおり,いけうち 沙織,池内沙織,池内,沙織,いけうち,さおり,35,現,東京,東京12区,前衆議院議員、党准中央委員,ikeuchi_saori,https://www.facebook.com/saolyn.ikeuchi,http://www.saori-ikeuchi.com/,(重複)
谷川 智行,たにがわ ともゆき,谷川智行,谷川,智行,たにがわ,ともゆき,46,新,東京,,党東京都副委員長、医師,ttanigawa3,https://www.facebook.com/profile.php?id=100001997661120,,比例代表
原 純子,はら じゅんこ,原純子,原,純子,はら,じゅんこ,53,新,東京,東京9区,元・田村智子参議院議員秘書、党東京都常任委員,harachanj,https://www.facebook.com/kukure.hara,http://hara-junko.com,(重複)
飯田 みやこ,いいだ 美弥子,飯田美弥子,飯田,美弥子,いいだ,みやこ,57,新,東京,東京24区,弁護士、党東京都憲法・くらし・国政対策室長,,https://www.facebook.com/729898467032255/,,(重複)
坂井 和歌子,さかい わかこ,坂井和歌子,坂井,和歌子,さかい,わかこ,39,新,東京,,党准都委員、党都女性部副部長,,,,比例代表
塩川 鉄也,しおかわ てつや,塩川鉄也,塩川,鉄也,しおかわ,てつや,54,現,北関東,,衆院議員6期、衆院国対副委員長,ShiokawaTetsuya ,https://www.facebook.com/shiokawa.jcp,http://www.shiokawa-tetsuya.jp/,比例代表
梅村 さえこ,うめむら 早江子,梅村早江子,梅村,早江子,うめむら,さえこ,53,現,北関東,埼玉15区,前衆議院議員、党准中央委員,umemura_saeko,https://www.facebook.com/umemurasaeko,http://www.jcp-umemura.jp/,(重複)
大内 くみ子,おおうち 久美こ,大内子久美,大内,子久美,おおうち,くみこ,68,新,北関東,茨城1区,元茨城県議、党茨城県副委員長、党中央委員,,,,(重複)
たなはし せつ子,店橋 世津こ,店橋子世津,店橋,子世津,たなはし,せつこ,56,新,北関東,群馬1区,党群馬1区国政対策責任者、前橋地区副委員長,,https://www.facebook.com/setuko2525,,(重複)
小池 一徳,こいけ かずのり,小池一徳,小池,一徳,こいけ,かずのり,56,新,北関東,栃木2区,党栃木県書記長,,,,(重複)
志位 和夫,しい かずお,志位和夫,志位,和夫,しい,かずお,62,現,南関東,,党幹部会委員長、衆院議員8期,shiikazuo ,,http://www.shii.gr.jp/,比例代表
はたの 君枝,畑野 きみえ,畑野君枝,畑野,君枝,はたの,きみえ,60,現,南関東,神奈川10区,前衆議院議員、党中央委員,hatanokimie,https://www.facebook.com/kimie.hatano.9,http://www.hatano-kimie.jp/,(重複)
さいとう 和子,斉藤 かずこ,斉藤和子,斉藤,和子,さいとう,かずこ,43,現,南関東,千葉13区,前衆議院議員、党准中央委員,saitokazuko,https://www.facebook.com/saito9kazuko,http://saitokazuko.jp/,(重複)
岡崎 ゆたか,おかざき 裕,岡崎裕,岡崎,裕,おかざき,ゆたか,39,新,南関東,神奈川13区,党神奈川県青年学生対策部長・県常任委員,,https://www.facebook.com/jcp20141214okazaki/,,(重複)
宮内 げん,みやうち 現,宮内現,宮内,現,みやうち,げん,35,新,南関東,山梨1区,党山梨県常任委員,genmiyauchi1982,https://www.facebook.com/gen.miyauchi,,(重複)
大西 わたる,おおにし 航,大西航,大西,航,おおにし,わたる,36,新,南関東,千葉12区,党千葉12区国政対策委員長、県常任委員,wataame_hare,http://www.facebook.com/wataame.hare,,(重複)
若林 やすひさ,わかばやし 靖久,若林靖久,若林,靖久,わかばやし,やすひさ,32,新,南関東,,党神奈川7区国政対策委員長、准県委員,wakayasu1985,https://www.facebook.com/wakabayashi8/,,比例代表
藤野 やすふみ,ふじの 保史,藤野保史,藤野,保史,ふじの,やすふみ,46,現,北陸信越,,衆院議員1期,FujinoFujinooo,https://www.facebook.com/fujino.yasufumi,http://fujino.jcpweb.net/,比例代表
にしざわ 博,西澤 ひろし,西澤博,西澤,博,にしざわ,ひろし,36,新,北陸信越,,党新潟県政策委員長・青年学生部長,melf4511,https://www.facebook.com/hiroshi.nishizawa.3910,,比例代表
ながせ 由希子,長瀬 ゆきこ,長瀬由希子,長瀬,由希子,ながせ,ゆきこ,49,新,北陸信越,,党中央委員、長野県書記長,yukiko_nagase,,,比例代表
坂本 ひろし,さかもと 洋史,坂本洋史,坂本,洋史,さかもと,ひろし,47,新,北陸信越,富山3区,党富山県委員、呉西地区委員長,hi_sakamoto,https://www.facebook.com/55hiroshi/,http://jcp-sakamoto.sakura.ne.jp/,(重複)
もとむら 伸子,本村 のぶこ,本村伸子,本村,伸子,もとむら,のぶこ,44,現,東海,,衆院議員1期、党准中央委員,motomura_nobuko,https://www.facebook.com/nobuko.motomura.3,http://motomura-nobuko.jp/,比例代表
しまづ 幸広,島津 ゆきひろ,島津幸広,島津,幸広,しまづ,ゆきひろ,60,現,東海,,衆院議員1期,u_simazu,https://www.facebook.com/shimazu.yukihiro.jcp,http://www.jcp-shizuoka.jp/shimazu/,比例代表
中野 たけし,なかの 武史,中野武史,中野,武史,なかの,たけし,42,新,東海,,党三重県副委員長、准中央委員,,,http://jcpweb.net/nakano/,比例代表
大野 ひろみつ,おおの 宙光,大野宙光,大野,宙光,おおの,ひろみつ,54,新,東海,,党愛知県委員、名古屋東・北・西・中地区委員長,,https://ja-jp.facebook.com/hiromitsu.ohno.7,,比例代表
やまこし とおる,山越 徹,山越徹,山越,徹,やまこし,とおる,47,新,東海,岐阜1区,党岐阜市委員長、准岐阜県委員,,https://www.facebook.com/yamakoshi.toru,,(重複)
こくた 恵二,穀田 けいじ,穀田恵二,穀田,恵二,こくた,けいじ,70,現,近畿,京都1区,前衆院議員、党国会対策委員長、党選挙対策委員長,kokutakeiji,https://www.facebook.com/kokutakeiji,http://www.kokuta-keiji.jp/,(重複)
宮本 たけし,みやもと 岳志,宮本岳志,宮本,岳志,みやもと,たけし,56,現,近畿,,衆院議員3期(参院1期)、衆院国対副委員長,,https://www.facebook.com/takeshi.miyamoto.5661,http://www.miyamoto-net.net/,比例代表
清水 ただし,しみず 忠史,清水忠史,清水,忠史,しみず,ただし,49,現,近畿,大阪4区,前衆議院議員、党准中央委員,tadashishimizu,https://www.facebook.com/tadashi.shimizu.90,http://www.shimizu-tadashi.jp/,(重複)
堀内 照文,ほりうち てるふみ,堀内照文,堀内,照文,ほりうち,てるふみ,44,現,近畿,兵庫8区,前衆議院議員、党准中央委員,teruhoriuchi,https://www.facebook.com/terufumi.horiuchi,http://www.teru-horiuchi.com/,(重複)
わたなべ 結,渡部 ゆい,渡部結,渡部,結,わたなべ,ゆい,36,新,近畿,大阪3区,党大阪3区国政対策委員長、准中央委員,yuiwatanabe_osk,https://www.facebook.com/yui.watanabe.jcp.osk/,http://www.watanabeyui.net/,(重複)
平松 順子,ひらまつ じゅんこ,平松順子,平松,順子,ひらまつ,じゅんこ,68,新,近畿,兵庫2区,党兵庫2区国政対策委員長、県常任委員,jhiramatu,,,(重複)
さいとう 幸子,斉藤 さちこ,斉藤幸子,斉藤,幸子,さいとう,さちこ,59,新,近畿,,党滋賀県委員、大津湖西地区常任委員,,,,比例代表
ちさか 拓晃,地坂 たくあき,地坂拓晃,地坂,拓晃,ちさか,たくあき,44,新,近畿,京都2区,党京都府常任委員・青年・学生部長,chitak21,,,(重複)
井上 良子,いのうえ よしこ,井上良子,井上,良子,いのうえ,よしこ,53,新,近畿,奈良1区,党奈良県国政事務所長、県常任委員,,https://www.facebook.com/profile.php?id=100008607883601,,(重複)
原 やすひさ,はら 矢寸久,原矢寸久,原,矢寸久,はら,やすひさ,66,新,近畿,和歌山1区,党和歌山県副委員長,,,,(重複)
大平 よしのぶ,おおひら 喜信,大平喜信,大平,喜信,おおひら,よしのぶ,38,現,中国,,衆院議員1期,tekuteku_diary,https://www.facebook.com/yoshinobu.ohira,http://yoshinobuu.exblog.jp/,比例代表
垣内 京美,かきうち きょうみ,垣内京美,垣内,京美,かきうち,きょうみ,51,新,中国,岡山2区,党准中央委員、岡山県書記長,haruka_tubasa,https://www.facebook.com/gu.jingmei,,(重複)
藤本 かずのり,ふじもと 一規,藤本一規,藤本,一規,ふじもと,かずのり,52,新,中国,,前山口県議、党北南地区副委員長,1218Fuji,https://www.facebook.com/kazunori.fujimoto.587,http://ikki.jcp-web.net/,比例代表
白川 よう子,しらかわ 容こ,白川子容,白川,子容,しらかわ,ようこ,50,新,四国,,香川県議、党中央委員,,https://www.facebook.com/SirakawaYouko,http://twitter.com/YoukoSirakawa,比例代表
島﨑 やすおみ,しまさき 保臣,島﨑保臣,島﨑,保臣,しまさき,やすおみ,34,新,四国,,党高知県常任委員、2区国政対策委員長,sima_omi,https://www.facebook.com/yasuomi.shimasaki,,比例代表
あかみね 政賢,赤嶺 せいけん,赤嶺政賢,赤嶺,政賢,あかみね,せいけん,69,現,九州・沖縄,沖縄1区,前衆議院議員、沖縄県委員長、党幹部会員,akamineseiken,https://www.facebook.com/akamineseiken,http://akamine-seiken.jp/,(重複)
田村 たかあき,たむら 貴昭,田村貴昭,田村,貴昭,たむら,たかあき,56,現,九州・沖縄,福岡10区,前衆議院議員、元北九州市議,TAMURATAKAAKI,https://www.facebook.com/tamuratakaaki/,http://tamura-takaaki.com/,(重複)
まじま 省三,真島 しょうぞう,真島省三,真島,省三,まじま,しょうぞう,54,現,九州・沖縄,福岡9区,前衆議院議員、元福岡県議,syouzoumajima,https://www.facebook.com/majimasyouzou.jcp,http://jcp-majimasyouzo.jp/,(重複)
松岡 勝,まつおか まさる,松岡勝,松岡,勝,まつおか,まさる,44,新,九州・沖縄,,党熊本県書記長、准中央委員,monsmsg2,https://www.facebook.com/mtok48,http://matuoka44.webcrow.jp/,比例代表
山下 かい,やました 魁,山下魁,山下,魁,やました,かい,40,新,九州・沖縄,,党大分県書記長、学習教育部長,,,,比例代表
ますだ 牧子,益田 まきこ,益田牧子,益田,牧子,ますだ,まきこ,67,新,比例代表,,党熊本県委員、元熊本市議7期,,,,比例代表
