北海道１区,,,船橋　利実,56,自民,元
北海道１区,,,道下　大樹,41,立憲,新
北海道２区,,,松木　謙公,58,希望,前
北海道２区,,,小和田康文,47,維新,新
北海道２区,,,金倉　昌俊,43,共産,新
北海道２区,,,吉川　貴盛,67,自民,前
北海道３区,,,荒井　　聡,71,立憲,前
北海道３区,,,高木　宏寿,57,自民,前
北海道４区,,,本多　平直,52,立憲,元
北海道４区,,,中村　裕之,56,自民,前
北海道４区,,,高橋　美穂,52,希望,元
北海道５区,,,池田　真紀,45,立憲,新
北海道５区,,,森山　佳則,50,諸派,新
北海道５区,,,和田　義明,46,自民,前
北海道６区,,,今津　　寛,71,自民,前
北海道６区,,,佐々木隆博,68,立憲,前
北海道７区,,,伊東　良孝,68,自民,前
北海道７区,,,石川　明美,66,共産,新
北海道８区,,,逢坂　誠二,58,無,前
北海道８区,,,前田　一男,51,自民,前
北海道９区,,,山岡　達丸,38,希望,元
北海道９区,,,堀井　　学,45,自民,前
北海道９区,,,松橋　千春,35,共産,新
北海道１０区,,,稲津　　久,59,公明,前
北海道１０区,,,神谷　　裕,49,立憲,新
北海道１１区,,,石川　香織,33,立憲,新
北海道１１区,,,中川　郁子,58,自民,前
北海道１２区,,,武部　　新,47,自民,前
北海道１２区,,,水上　美華,35,希望,新
北海道１２区,,,菅原　　誠,44,共産,新
青森１区,,,津島　　淳,51,自民,前
青森１区,,,赤平　勇人,27,共産,新
青森１区,,,升田世喜男,60,希望,前
青森２区,,,工藤　武司,45,希望,新
青森２区,,,奥本菜保巳,57,共産,新
青森２区,,,大島　理森,71,自民,前
青森３区,,,三国　佑貴,32,諸派,新
青森３区,,,木村　次郎,49,自民,新
青森３区,,,山内　　崇,62,希望,新
青森３区,,,高柳　博明,47,共産,新
岩手１区,,,高橋比奈子,59,自民,前
岩手１区,,,吉田　恭子,36,共産,新
岩手１区,,,階　　　猛,51,希望,前
岩手２区,,,畑　　浩治,54,希望,元
岩手２区,,,鈴木　俊一,64,自民,前
岩手３区,,,小沢　一郎,75,無,前
岩手３区,,,藤原　　崇,34,自民,前
宮城１区,,,土井　　亨,59,自民,前
宮城１区,,,岡本　章子,53,立憲,新
宮城１区,,,畠山　昌樹,43,維新,新
宮城１区,,,伊藤　優太,32,希望,新
宮城１区,,,油井　哲史,37,諸派,新
宮城１区,,,今留　尚人,52,無,新
宮城２区,,,秋葉　賢也,55,自民,前
宮城２区,,,鎌田さゆり,52,無,元
宮城３区,,,一條　芳弘,44,希望,新
宮城３区,,,吉田　　剛,35,共産,新
宮城３区,,,西村　明宏,57,自民,前
宮城４区,,,伊藤信太郎,64,自民,前
宮城４区,,,坂東　毅彦,58,希望,新
宮城４区,,,高村　直也,34,共産,新
宮城５区,,,勝沼　栄明,42,自民,前
宮城５区,,,安住　　淳,55,無,前
宮城６区,,,小野寺五典,57,自民,前
宮城６区,,,横田　有史,73,共産,新
秋田１区,,,冨樫　博之,62,自民,前
秋田１区,,,松浦　大悟,48,希望,新
秋田１区,,,斉藤　大悟,38,共産,新
秋田２区,,,金田　勝年,68,自民,前
秋田２区,,,藤本　友里,38,共産,新
秋田２区,,,緑川　貴士,32,希望,新
秋田３区,,,村岡　敏英,57,希望,前
秋田３区,,,御法川信英,53,自民,前
秋田３区,,,冨岡　　昭,67,共産,新
山形１区,,,遠藤　利明,67,自民,前
山形１区,,,荒井　　寛,44,希望,新
山形１区,,,石川　　渉,43,共産,新
山形２区,,,鈴木　憲和,35,自民,前
山形２区,,,近藤　洋介,52,希望,前
山形２区,,,岩本　康嗣,52,共産,新
山形３区,,,城取　良太,40,諸派,新
山形３区,,,加藤　鮎子,38,自民,前
山形３区,,,加藤　太一,66,共産,新
山形３区,,,阿部　寿一,58,希望,元
福島１区,,,金子　恵美,52,無,前
福島１区,,,亀岡　偉民,62,自民,前
福島２区,,,根本　　匠,66,自民,前
福島２区,,,平　　善彦,65,共産,新
福島２区,,,岡部　光規,49,希望,新
福島２区,,,西村　恵美,54,維新,新
福島３区,,,橋本　健二,69,共産,新
福島３区,,,上杉謙太郎,42,自民,新
福島３区,,,玄葉光一郎,53,無,前
福島４区,,,渡辺　敏雄,68,社民,新
福島４区,,,小熊　慎司,49,希望,前
福島４区,,,古川　芳憲,66,共産,新
福島４区,,,菅家　一郎,62,自民,前
福島５区,,,吉野　正芳,69,自民,前
福島５区,,,吉田　　泉,68,希望,前
福島５区,,,熊谷　　智,37,共産,新
福島５区,,,遠藤　陽子,67,社民,新
茨城１区,,,川辺　賢一,30,諸派,新
茨城１区,,,福島　伸享,47,希望,前
茨城１区,,,田所　嘉徳,63,自民,前
茨城１区,,,大内久美子,68,共産,新
茨城２区,,,星野　文雄,69,共産,新
茨城２区,,,額賀福志郎,73,自民,前
茨城２区,,,石津　政雄,70,希望,元
茨城３区,,,林　　　京,67,共産,新
茨城３区,,,葉梨　康弘,58,自民,前
茨城３区,,,樋口　　舞,44,希望,新
茨城４区,,,堀江　鶴治,75,共産,新
茨城４区,,,大熊　利昭,54,希望,元
茨城４区,,,梶山　弘志,62,自民,前
茨城５区,,,石川　昭政,45,自民,前
茨城５区,,,川崎　篤子,64,共産,新
茨城５区,,,浅野　　哲,35,希望,新
茨城６区,,,国光　文乃,38,自民,新
茨城６区,,,青山　大人,38,希望,新
茨城６区,,,古沢　喜幸,71,共産,新
茨城７区,,,石嶋　　巌,63,共産,新
茨城７区,,,永岡　桂子,63,自民,前
茨城７区,,,中村喜四郎,68,無,前
栃木１区,,,渡辺　典喜,34,無,新
栃木１区,,,柏倉　祐司,48,希望,元
栃木１区,,,船田　　元,63,自民,前
栃木１区,,,青木　　弘,56,共産,新
栃木２区,,,西川　公也,74,自民,前
栃木２区,,,福田　昭夫,69,無,前
栃木３区,,,槙　　昌三,74,共産,新
栃木３区,,,石渡　　剛,48,諸派,新
栃木３区,,,渡辺美由紀,58,希望,新
栃木３区,,,簗　　和生,38,自民,前
栃木４区,,,佐藤　　勉,65,自民,前
栃木４区,,,山崎　寿彦,64,共産,新
栃木４区,,,藤岡　隆雄,40,希望,新
栃木５区,,,茂木　敏充,62,自民,前
栃木５区,,,大豆生田実,51,希望,新
栃木５区,,,川上　　均,61,共産,新
群馬１区,,,宮崎　岳志,47,希望,前
群馬１区,,,尾身　朝子,56,自民,前
群馬１区,,,店橋世津子,56,共産,新
群馬２区,,,井野　俊郎,37,自民,前
群馬２区,,,長谷田直之,61,共産,新
群馬２区,,,石関　貴史,45,希望,前
群馬３区,,,長谷川嘉一,64,立憲,新
群馬３区,,,笹川　博義,51,自民,前
群馬４区,,,萩原　貞夫,68,共産,新
群馬４区,,,不破　弘樹,51,希望,新
群馬４区,,,福田　達夫,50,自民,前
群馬５区,,,小渕　優子,43,自民,前
群馬５区,,,伊藤　達也,34,共産,新
群馬５区,,,高橋　宣之,63,社民,新
群馬５区,,,猪口　幸子,61,希望,新
埼玉１区,,,武正　公一,56,希望,前
埼玉１区,,,小檜山清人,60,維新,新
埼玉１区,,,鳥羽　　恵,58,共産,新
埼玉１区,,,村井　英樹,37,自民,前
埼玉２区,,,菅　　克己,51,希望,新
埼玉２区,,,平川　道也,45,共産,新
埼玉２区,,,新藤　義孝,59,自民,前
埼玉３区,,,飯田　　剛,58,諸派,新
埼玉３区,,,石川　英行,54,無,新
埼玉３区,,,三輪　麻美,30,希望,新
埼玉３区,,,黄川田仁志,47,自民,前
埼玉３区,,,山川百合子,48,立憲,新
埼玉３区,,,谷古宇勘司,66,維新,新
埼玉４区,,,朝賀　英義,67,共産,新
埼玉４区,,,青柳　仁士,38,維新,新
埼玉４区,,,吉田　芳朝,43,希望,新
埼玉４区,,,豊田真由子,43,無,前
埼玉４区,,,穂坂　　泰,43,自民,新
埼玉５区,,,牧原　秀樹,46,自民,前
埼玉５区,,,枝野　幸男,53,立憲,前
埼玉５区,,,高木　秀文,44,希望,新
埼玉６区,,,大島　　敦,60,希望,前
埼玉６区,,,中根　一幸,48,自民,前
埼玉６区,,,戸口　佐一,67,共産,新
埼玉７区,,,長沼　チネ,67,共産,新
埼玉７区,,,小宮山泰子,52,希望,前
埼玉７区,,,神山　佐市,63,自民,前
埼玉８区,,,辻　　源巳,46,共産,新
埼玉８区,,,小野塚勝俊,45,希望,元
埼玉８区,,,柴山　昌彦,51,自民,前
埼玉９区,,,神田　三春,63,共産,新
埼玉９区,,,大塚　　拓,44,自民,前
埼玉９区,,,杉村　慎治,41,希望,新
埼玉１０区,,,柿沼　遥輝,34,共産,新
埼玉１０区,,,坂本祐之輔,62,希望,前
埼玉１０区,,,山口　泰明,68,自民,前
埼玉１１区,,,柴岡　祐真,33,共産,新
埼玉１１区,,,今野　智博,42,無,前
埼玉１１区,,,三角　創太,29,希望,新
埼玉１１区,,,小泉　龍司,65,無,前
埼玉１２区,,,森田　俊和,43,希望,新
埼玉１２区,,,林　　秀洋,43,共産,新
埼玉１２区,,,野中　　厚,40,自民,前
埼玉１３区,,,北角　嘉幸,54,希望,新
埼玉１３区,,,土屋　品子,65,自民,前
埼玉１３区,,,池田万佐代,58,社民,新
埼玉１４区,,,榛野　　博,47,維新,新
埼玉１４区,,,苗村　京子,58,共産,新
埼玉１４区,,,鈴木　義弘,54,希望,前
埼玉１４区,,,三ツ林裕巳,62,自民,前
埼玉１５区,,,田中　良生,53,自民,前
埼玉１５区,,,梅村早江子,53,共産,前
埼玉１５区,,,高橋　英明,54,維新,新
埼玉１５区,,,高山　智司,47,希望,元
千葉１区,,,田嶋　　要,56,希望,前
千葉１区,,,門山　宏哲,53,自民,前
千葉１区,,,大野　　隆,48,共産,新
千葉１区,,,長谷川　豊,42,維新,新
千葉２区,,,藤巻　健太,34,維新,新
千葉２区,,,上野　洋嗣,40,共産,新
千葉２区,,,樋口　博康,58,立憲,新
千葉２区,,,竹ヶ原裕美子,46,希望,新
千葉２区,,,小林　鷹之,42,自民,前
千葉３区,,,松野　博一,55,自民,前
千葉３区,,,岡島　一正,59,立憲,元
千葉３区,,,櫛渕　万里,50,希望,元
千葉４区,,,深津　俊郎,69,共産,新
千葉４区,,,野田　佳彦,60,無,前
千葉４区,,,木村　哲也,48,自民,新
千葉４区,,,佐藤　　浩,52,維新,新
千葉５区,,,薗浦健太郎,45,自民,前
千葉５区,,,山田　厚史,69,立憲,新
千葉５区,,,岡野　純子,39,希望,新
千葉６区,,,遠藤　宣彦,54,希望,元
千葉６区,,,生方　幸夫,69,立憲,元
千葉６区,,,渡辺　博道,67,自民,前
千葉６区,,,星　健太郎,37,維新,新
千葉７区,,,渡部　隆夫,74,共産,新
千葉７区,,,斎藤　　健,58,自民,前
千葉７区,,,石塚　貞通,50,立憲,新
千葉７区,,,波多野里奈,44,希望,新
千葉８区,,,桜田　義孝,67,自民,前
千葉８区,,,小野里定良,70,共産,新
千葉８区,,,太田　和美,38,希望,前
千葉９区,,,秋本　真利,42,自民,前
千葉９区,,,鴨志田安代,62,共産,新
千葉９区,,,奥野総一郎,53,希望,前
千葉１０区,,,林　　幹雄,70,自民,前
千葉１０区,,,笠原　正実,63,共産,新
千葉１０区,,,谷田川　元,54,希望,元
千葉１１区,,,多ケ谷　亮,48,希望,新
千葉１１区,,,森　　英介,69,自民,前
千葉１１区,,,椎名　史明,60,共産,新
千葉１２区,,,大西　　航,36,共産,新
千葉１２区,,,浜田　靖一,62,自民,前
千葉１２区,,,樋高　　剛,51,希望,元
千葉１２区,,,皆川真一郎,63,社民,新
千葉１３区,,,宮川　　伸,47,立憲,新
千葉１３区,,,斉藤　和子,43,共産,前
千葉１３区,,,白須賀貴樹,42,自民,前
千葉１３区,,,水野　智彦,61,希望,元
東京１区,,,松沢　　香,39,希望,新
東京１区,,,原口　実季,28,諸派,新
東京１区,,,山田　美樹,43,自民,前
東京１区,,,又吉　光雄,73,諸派,新
東京１区,,,海江田万里,68,立憲,元
東京１区,,,犬丸　光加,57,諸派,新
東京２区,,,辻　　清人,38,自民,前
東京２区,,,松尾　明弘,42,立憲,新
東京２区,,,鳩山　太郎,43,希望,新
東京３区,,,香西　克介,41,共産,新
東京３区,,,石原　宏高,53,自民,前
東京３区,,,松原　　仁,61,希望,前
東京４区,,,井戸　正枝,51,立憲,元
東京４区,,,平　　将明,50,自民,前
東京４区,,,難波美智代,43,希望,新
東京４区,,,青山　昂平,26,共産,新
東京５区,,,手塚　仁雄,51,立憲,元
東京５区,,,福田　峰之,53,希望,前
東京５区,,,若宮　健嗣,56,自民,前
東京６区,,,越智　隆雄,53,自民,前
東京６区,,,落合　貴之,38,立憲,前
東京６区,,,中岡　茉妃,26,諸派,新
東京６区,,,植松恵美子,49,希望,新
東京７区,,,松本　文明,68,自民,前
東京７区,,,長妻　　昭,57,立憲,前
東京７区,,,荒木　章博,64,希望,新
東京７区,,,井上　郁磨,26,無,新
東京８区,,,木内　孝胤,51,希望,前
東京８区,,,円　より子,70,無,新
東京８区,,,斎藤　郁真,29,諸派,新
東京８区,,,長内　史子,29,共産,新
東京８区,,,吉田　晴美,45,立憲,新
東京８区,,,石原　伸晃,60,自民,前
東京９区,,,高松　智之,43,希望,新
東京９区,,,原　　純子,53,共産,新
東京９区,,,菅原　一秀,55,自民,前
東京９区,,,前田　吉成,62,無,新
東京１０区,,,若狭　　勝,60,希望,前
東京１０区,,,鈴木　庸介,41,立憲,新
東京１０区,,,鈴木　隼人,40,自民,前
東京１０区,,,岸　　良信,62,共産,新
東京１０区,,,吉井　利光,35,諸派,新
東京１０区,,,小山　　徹,42,無,新
東京１１区,,,宍戸　千絵,39,希望,新
東京１１区,,,前田順一郎,42,立憲,新
東京１１区,,,下村　博文,63,自民,前
東京１１区,,,小堤　　東,28,共産,新
東京１２区,,,中村　　勝,66,諸派,新
東京１２区,,,池内　沙織,35,共産,前
東京１２区,,,太田　昭宏,72,公明,前
東京１３区,,,祖父江元希,42,共産,新
東京１３区,,,鴨下　一郎,68,自民,前
東京１３区,,,北条　智彦,34,立憲,新
東京１４区,,,矢作　麻子,39,希望,新
東京１４区,,,阿藤　和之,46,共産,新
東京１４区,,,松島みどり,61,自民,前
東京１４区,,,清井　美穂,54,諸派,新
東京１４区,,,大塚紀久雄,76,無,新
東京１５区,,,吉田　年男,69,共産,新
東京１５区,,,柿沢　未途,46,希望,前
東京１５区,,,猪野　　隆,52,無,新
東京１５区,,,秋元　　司,46,自民,前
東京１６区,,,大西　英男,71,自民,前
東京１６区,,,初鹿　明博,48,立憲,前
東京１６区,,,田村　謙治,49,希望,元
東京１７区,,,新井　杉生,58,共産,新
東京１７区,,,平沢　勝栄,72,自民,前
東京１７区,,,西田　主税,55,希望,新
東京１８区,,,鴇田　　敦,51,希望,新
東京１８区,,,菅　　直人,71,立憲,前
東京１８区,,,土屋　正忠,75,自民,前
東京１９区,,,佐々木里加,50,希望,新
東京１９区,,,杉下　茂雄,68,共産,新
東京１９区,,,松本　洋平,44,自民,前
東京１９区,,,末松　義規,60,立憲,元
東京２０区,,,木原　誠二,47,自民,前
東京２０区,,,鹿野　　晃,44,希望,新
東京２０区,,,宮本　　徹,45,共産,前
東京２１区,,,小糸　健介,35,社民,新
東京２１区,,,長島　昭久,55,希望,前
東京２１区,,,天木　直人,70,諸派,新
東京２１区,,,小田原　潔,53,自民,前
東京２２区,,,山花　郁夫,50,立憲,元
東京２２区,,,伊藤　達也,56,自民,前
東京２２区,,,金ケ崎絵美,41,希望,新
東京２２区,,,阿部　　真,43,共産,新
東京２３区,,,松村　亮佑,37,共産,新
東京２３区,,,小倉　将信,36,自民,前
東京２３区,,,伊藤　俊輔,38,希望,新
東京２４区,,,吉羽　美華,37,希望,新
東京２４区,,,萩生田光一,54,自民,前
東京２４区,,,飯田美弥子,57,共産,新
東京２４区,,,高橋　斉久,44,立憲,新
東京２５区,,,井上　　宣,43,共産,新
東京２５区,,,山下　容子,58,立憲,新
東京２５区,,,井上　信治,48,自民,前
東京２５区,,,小沢　鋭仁,63,希望,前
神奈川１区,,,松本　　純,67,自民,前
神奈川１区,,,長島　一由,50,希望,元
神奈川１区,,,篠原　　豪,42,立憲,前
神奈川２区,,,高橋　野枝,43,立憲,新
神奈川２区,,,菅　　義偉,68,自民,前
神奈川２区,,,大貫　清文,60,共産,新
神奈川２区,,,橋本　久美,48,希望,新
神奈川３区,,,壱岐　愛子,32,諸派,新
神奈川３区,,,勝又恒一郎,54,希望,元
神奈川３区,,,小此木八郎,52,自民,前
神奈川３区,,,伊藤久美子,57,無,新
神奈川３区,,,釘丸　　進,44,共産,新
神奈川４区,,,山本　朋広,42,自民,前
神奈川４区,,,早稲田夕季,58,立憲,新
神奈川４区,,,浅尾慶一郎,53,無,前
神奈川４区,,,風間　法子,47,希望,新
神奈川５区,,,坂井　　学,52,自民,前
神奈川５区,,,横山　征吾,46,共産,新
神奈川５区,,,吉岡　憲史,39,希望,新
神奈川６区,,,串田　誠一,59,維新,新
神奈川６区,,,青柳陽一郎,48,立憲,前
神奈川６区,,,上田　　勇,59,公明,前
神奈川７区,,,鈴木　馨祐,40,自民,前
神奈川７区,,,川野　　案,35,希望,新
神奈川７区,,,中谷　一馬,34,立憲,新
神奈川８区,,,加藤　リカ,45,共産,新
神奈川８区,,,大西　恒樹,53,諸派,新
神奈川８区,,,江田　憲司,61,無,前
神奈川８区,,,三谷　英弘,41,自民,元
神奈川９区,,,斎藤　　温,26,共産,新
神奈川９区,,,中山　展宏,49,自民,前
神奈川９区,,,笠　　浩史,52,希望,前
神奈川１０区,,,市川　佳子,53,希望,新
神奈川１０区,,,畑野　君枝,60,共産,前
神奈川１０区,,,田中　和徳,68,自民,前
神奈川１１区,,,瀬戸　和弘,65,共産,新
神奈川１１区,,,真白リョウ,41,希望,新
神奈川１１区,,,小泉進次郎,36,自民,前
神奈川１１区,,,圷　　孝行,67,諸派,新
神奈川１２区,,,原　　輝雄,43,希望,新
神奈川１２区,,,星野　剛士,54,自民,前
神奈川１２区,,,阿部　知子,69,立憲,前
神奈川１３区,,,甘利　　明,68,自民,前
神奈川１３区,,,太　　栄志,40,希望,新
神奈川１３区,,,岡崎　　裕,39,共産,新
神奈川１４区,,,本村賢太郎,47,希望,前
神奈川１４区,,,中野渡　旬,69,共産,新
神奈川１４区,,,赤間　二郎,49,自民,前
神奈川１５区,,,河野　太郎,54,自民,前
神奈川１５区,,,佐々木克己,62,社民,新
神奈川１５区,,,乃木　涼介,53,希望,新
神奈川１６区,,,義家　弘介,46,自民,前
神奈川１６区,,,後藤　祐一,48,希望,前
神奈川１６区,,,池田　博英,54,共産,新
神奈川１７区,,,横田　英司,59,共産,新
神奈川１７区,,,牧島かれん,40,自民,前
神奈川１７区,,,神山　洋介,42,希望,前
神奈川１８区,,,山際大志郎,49,自民,前
神奈川１８区,,,三村　和也,42,希望,元
神奈川１８区,,,若林　靖久,32,共産,新
新潟１区,,,西村智奈美,50,立憲,前
新潟１区,,,石崎　　徹,33,自民,前
新潟２区,,,細田　健一,53,自民,前
新潟２区,,,鷲尾英一郎,40,無,前
新潟２区,,,五十嵐健彦,37,共産,新
新潟３区,,,三村　誉一,71,無,新
新潟３区,,,斎藤　洋明,40,自民,前
新潟３区,,,黒岩　宇洋,51,無,前
新潟４区,,,菊田真紀子,47,無,前
新潟４区,,,金子　恵美,39,自民,前
新潟５区,,,泉田　裕彦,55,自民,新
新潟５区,,,笠原　麗香,25,諸派,新
新潟５区,,,大平　悦子,61,無,新
新潟６区,,,高鳥　修一,57,自民,前
新潟６区,,,梅谷　　守,43,無,新
富山１区,,,田畑　裕明,44,自民,前
富山１区,,,吉田　豊史,47,維新,前
富山１区,,,青山　了介,42,共産,新
富山２区,,,宮腰　光寛,66,自民,前
富山２区,,,山崎　　彰,67,社民,新
富山３区,,,橘　慶一郎,56,自民,前
富山３区,,,柴田　　巧,56,希望,新
富山３区,,,坂本　洋史,47,共産,新
石川１区,,,馳　　　浩,56,自民,前
石川１区,,,黒崎　清則,69,共産,新
石川１区,,,田中美絵子,41,希望,元
石川２区,,,本田　正和,68,共産,新
石川２区,,,柴田　未来,46,希望,新
石川２区,,,佐々木　紀,43,自民,前
石川２区,,,宮元　　智,57,諸派,新
石川３区,,,西田　昭二,48,自民,新
石川３区,,,近藤　和也,43,希望,元
石川３区,,,鈴木　宏太,36,共産,新
福井１区,,,金元　幸枝,59,共産,新
福井１区,,,稲田　朋美,58,自民,前
福井１区,,,鈴木　宏治,43,希望,新
福井２区,,,高木　　毅,61,自民,前
福井２区,,,斉木　武志,43,希望,元
福井２区,,,猿橋　　巧,63,共産,新
山梨１区,,,宮内　　現,35,共産,新
山梨１区,,,西脇　　愛,32,諸派,新
山梨１区,,,中谷　真一,41,自民,前
山梨１区,,,中島　克仁,50,無,前
山梨２区,,,井桁　　亮,48,希望,新
山梨２区,,,長崎幸太郎,49,無,前
山梨２区,,,大久保令子,67,共産,新
山梨２区,,,堀内　詔子,51,無,前
山梨２区,,,小林　弘幸,45,立憲,新
長野１区,,,小松　　裕,55,自民,前
長野１区,,,篠原　　孝,69,無,前
長野１区,,,橋本　将之,37,維新,新
長野１区,,,駒村　幸成,61,諸派,新
長野２区,,,手塚　大輔,34,維新,新
長野２区,,,下条　みつ,61,希望,元
長野２区,,,中川　博司,59,社民,新
長野２区,,,務台　俊介,61,自民,前
長野３区,,,木内　　均,53,自民,前
長野３区,,,小金沢由佳,34,共産,新
長野３区,,,井出　庸生,39,希望,前
長野３区,,,及川　幸久,57,諸派,新
長野４区,,,寺島　義幸,64,希望,元
長野４区,,,毛利　栄子,66,共産,新
長野４区,,,後藤　茂之,61,自民,前
長野５区,,,曽我　逸郎,61,無,新
長野５区,,,中嶋　康介,40,希望,新
長野５区,,,宮下　一郎,59,自民,前
岐阜１区,,,野原　典子,60,諸派,新
岐阜１区,,,吉田　里江,51,無,新
岐阜１区,,,野田　聖子,57,自民,前
岐阜１区,,,服部　泰輔,36,無,新
岐阜２区,,,森桜　房義,60,共産,新
岐阜２区,,,棚橋　泰文,54,自民,前
岐阜３区,,,武藤　容治,62,自民,前
岐阜３区,,,井上　　諭,50,共産,新
岐阜３区,,,阪口　直人,54,希望,元
岐阜４区,,,今井　雅人,55,希望,前
岐阜４区,,,籠山恵美子,63,共産,新
岐阜４区,,,金子　俊平,39,自民,新
岐阜５区,,,阿知波吉信,54,希望,元
岐阜５区,,,小関　祥子,64,共産,新
岐阜５区,,,古屋　圭司,64,自民,前
静岡１区,,,上川　陽子,64,自民,前
静岡１区,,,青山　雅幸,55,立憲,新
静岡１区,,,小池　政就,43,希望,元
静岡１区,,,鈴木　千佳,46,共産,新
静岡２区,,,井林　辰憲,41,自民,前
静岡２区,,,松尾　　勉,33,希望,新
静岡２区,,,四ツ谷　恵,65,共産,新
静岡３区,,,鈴木　　望,68,希望,元
静岡３区,,,宮沢　博行,42,自民,前
静岡３区,,,小山　展弘,41,無,前
静岡４区,,,松原　　聡,55,共産,新
静岡４区,,,田中　　健,40,希望,新
静岡４区,,,望月　義夫,70,自民,前
静岡５区,,,吉川　　赳,35,自民,元
静岡５区,,,井口　昌彦,63,共産,新
静岡５区,,,細野　豪志,46,希望,前
静岡６区,,,内田　　豊,63,共産,新
静岡６区,,,勝俣　孝明,41,自民,前
静岡６区,,,渡辺　　周,55,希望,前
静岡７区,,,城内　　実,52,自民,前
静岡７区,,,日吉　雄太,49,立憲,新
静岡７区,,,野沢　正司,68,共産,新
静岡７区,,,福村　　隆,54,希望,新
静岡８区,,,源馬謙太郎,44,希望,新
静岡８区,,,塩谷　　立,67,自民,前
静岡８区,,,嶋田　初江,69,共産,新
愛知１区,,,吉田　統彦,42,立憲,元
愛知１区,,,佐藤　夕子,54,希望,元
愛知１区,,,熊田　裕通,53,自民,前
愛知２区,,,古川　元久,51,希望,前
愛知２区,,,田畑　　毅,45,自民,前
愛知２区,,,酒井健太朗,31,共産,新
愛知３区,,,近藤　昭一,59,立憲,前
愛知３区,,,余語冴耶香,39,希望,新
愛知３区,,,池田　佳隆,51,自民,前
愛知４区,,,西田　敏子,63,共産,新
愛知４区,,,牧　　義夫,59,希望,前
愛知４区,,,工藤　彰三,52,自民,前
愛知５区,,,野々部尚昭,47,希望,新
愛知５区,,,赤松　広隆,69,立憲,前
愛知５区,,,神田　憲次,54,自民,前
愛知６区,,,森本　和義,51,希望,元
愛知６区,,,丹羽　秀樹,44,自民,前
愛知６区,,,平山　良平,69,社民,新
愛知６区,,,田上　光徳,66,共産,新
愛知７区,,,山尾志桜里,43,無,前
愛知７区,,,鈴木　淳司,59,自民,前
愛知８区,,,長友　忠弘,58,共産,新
愛知８区,,,伴野　　豊,56,無,前
愛知８区,,,伊藤　忠彦,53,自民,前
愛知９区,,,長坂　康正,60,自民,前
愛知９区,,,渡辺　　裕,37,共産,新
愛知９区,,,岡本　充功,46,希望,前
愛知１０区,,,杉本　和巳,57,維新,元
愛知１０区,,,板倉　正文,59,共産,新
愛知１０区,,,江崎　鉄磨,74,自民,前
愛知１０区,,,安井美沙子,52,希望,新
愛知１１区,,,本多　信弘,41,共産,新
愛知１１区,,,古本伸一郎,52,希望,前
愛知１１区,,,八木　哲也,70,自民,前
愛知１２区,,,重徳　和彦,46,無,前
愛知１２区,,,宮地　　勲,63,共産,新
愛知１２区,,,青山　周平,40,自民,前
愛知１３区,,,大西　健介,46,希望,前
愛知１３区,,,大見　　正,59,自民,前
愛知１３区,,,下島　良一,71,共産,新
愛知１４区,,,金原　信之,57,共産,新
愛知１４区,,,今枝宗一郎,33,自民,前
愛知１４区,,,田中　克典,43,希望,新
愛知１５区,,,根本　幸典,52,自民,前
愛知１５区,,,関　健一郎,39,希望,新
愛知１５区,,,野沢　康幸,29,共産,新
三重１区,,,松田　直久,63,無,前
三重１区,,,田村　憲久,52,自民,前
三重２区,,,中川　正春,67,無,前
三重２区,,,川崎　二郎,69,自民,前
三重３区,,,坂本　麻貴,33,諸派,新
三重３区,,,岡田　克也,64,無,前
三重３区,,,野村　真弘,61,共産,新
三重３区,,,島田　佳和,47,自民,前
三重４区,,,三ツ矢憲生,66,自民,前
三重４区,,,谷中　三好,57,共産,新
三重４区,,,藤田　大助,41,希望,元
滋賀１区,,,小坂　淑子,77,社民,新
滋賀１区,,,大岡　敏孝,45,自民,前
滋賀１区,,,嘉田由紀子,67,無,新
滋賀２区,,,田島　一成,55,希望,前
滋賀２区,,,上野賢一郎,52,自民,前
滋賀２区,,,荒川　雅司,42,諸派,新
滋賀２区,,,対月　慈照,64,無,新
滋賀３区,,,小川　泰江,54,希望,新
滋賀３区,,,石堂　淳士,43,共産,新
滋賀３区,,,武村　展英,45,自民,前
滋賀４区,,,西沢　耕一,39,共産,新
滋賀４区,,,小寺　裕雄,57,自民,新
滋賀４区,,,徳永　久志,54,希望,新
京都１区,,,伊吹　文明,79,自民,前
京都１区,,,穀田　恵二,70,共産,前
京都１区,,,嶋村　聖子,40,希望,新
京都２区,,,地坂　拓晃,44,共産,新
京都２区,,,繁本　　護,44,自民,新
京都２区,,,前原　誠司,55,無,前
京都３区,,,泉　　健太,43,希望,前
京都３区,,,金森　　亨,61,共産,新
京都３区,,,森　　夏枝,36,維新,新
京都３区,,,木村　弥生,52,自民,前
京都３区,,,小田切新一郎,71,無,新
京都４区,,,吉田　幸一,43,共産,新
京都４区,,,北神　圭朗,50,希望,前
京都４区,,,縁田　有紀,27,諸派,新
京都４区,,,田中　英之,47,自民,前
京都５区,,,井上　一徳,55,希望,新
京都５区,,,中山　　泰,57,無,新
京都５区,,,山内　　健,49,共産,新
京都５区,,,鈴木麻理子,33,無,新
京都５区,,,本田　太郎,43,自民,新
京都６区,,,山井　和則,55,希望,前
京都６区,,,上條　亮一,31,共産,新
京都６区,,,安藤　　裕,52,自民,前
大阪１区,,,井上　英孝,45,維新,前
大阪１区,,,大西　宏幸,50,自民,前
大阪１区,,,小泉　修平,70,諸派,新
大阪１区,,,村上　賀厚,58,立憲,新
大阪１区,,,柴山　　昇,63,共産,新
大阪２区,,,尾辻かな子,42,立憲,新
大阪２区,,,椎木　　保,51,維新,前
大阪２区,,,左藤　　章,66,自民,前
大阪３区,,,渡部　　結,36,共産,新
大阪３区,,,佐藤　茂樹,58,公明,前
大阪３区,,,中条栄太郎,48,無,新
大阪４区,,,中山　泰秀,47,自民,前
大阪４区,,,清水　忠史,49,共産,前
大阪４区,,,美延　映夫,56,維新,新
大阪５区,,,数森　圭吾,38,諸派,新
大阪５区,,,国重　　徹,42,公明,前
大阪５区,,,長尾　秀樹,65,立憲,新
大阪５区,,,北山　良三,65,共産,新
大阪６区,,,村上　史好,65,立憲,元
大阪６区,,,伊佐　進一,42,公明,前
大阪７区,,,奥下　剛光,42,維新,新
大阪７区,,,渡嘉敷奈緒美,55,自民,前
大阪７区,,,村口久美子,45,共産,新
大阪８区,,,松井　博史,49,立憲,新
大阪８区,,,大塚　高司,53,自民,前
大阪８区,,,木下　智彦,48,維新,前
大阪８区,,,新居　　真,57,共産,新
大阪９区,,,服部　良一,67,社民,元
大阪９区,,,足立　康史,52,維新,前
大阪９区,,,原田　憲治,69,自民,前
大阪１０区,,,辻元　清美,57,立憲,前
大阪１０区,,,大隈　和英,48,自民,前
大阪１０区,,,松浪　健太,46,維新,前
大阪１１区,,,平野　博文,68,無,前
大阪１１区,,,伊東　信久,53,維新,前
大阪１１区,,,佐藤ゆかり,56,自民,前
大阪１２区,,,藤田　文武,36,維新,新
大阪１２区,,,松尾　正利,58,共産,新
大阪１２区,,,北川　知克,65,自民,前
大阪１３区,,,西野　弘一,48,無,元
大阪１３区,,,宗清　皇一,47,自民,前
大阪１３区,,,長岡　嘉一,48,共産,新
大阪１３区,,,青野　剛暁,43,維新,新
大阪１３区,,,姜　　英紀,45,立憲,新
大阪１４区,,,小松　　久,60,共産,新
大阪１４区,,,谷畑　　孝,70,維新,前
大阪１４区,,,長尾　　敬,54,自民,前
大阪１５区,,,竹本　直一,76,自民,前
大阪１５区,,,為　　仁史,68,共産,新
大阪１５区,,,浦野　靖人,44,維新,前
大阪１６区,,,森山　浩行,46,立憲,元
大阪１６区,,,北側　一雄,64,公明,前
大阪１７区,,,岡下　昌平,42,自民,前
大阪１７区,,,馬場　伸幸,52,維新,前
大阪１７区,,,藤本　幸子,42,共産,新
大阪１８区,,,遠藤　　敬,49,維新,前
大阪１８区,,,矢野　忠重,67,共産,新
大阪１８区,,,神谷　　昇,68,自民,前
大阪１９区,,,谷川　とむ,41,自民,前
大阪１９区,,,丸山　穂高,33,維新,前
大阪１９区,,,北村　みき,51,共産,新
兵庫１区,,,力重　智之,39,共産,新
兵庫１区,,,梅村　　聡,42,維新,新
兵庫１区,,,盛山　正仁,63,自民,前
兵庫１区,,,井坂　信彦,43,希望,前
兵庫２区,,,船川　治郎,50,無,新
兵庫２区,,,赤羽　一嘉,59,公明,前
兵庫２区,,,平松　順子,68,共産,新
兵庫３区,,,冨士谷香恵子,65,共産,新
兵庫３区,,,松木秀一郞,33,維新,新
兵庫３区,,,関　　芳弘,52,自民,前
兵庫３区,,,横畑　和幸,45,希望,新
兵庫４区,,,藤井比早之,46,自民,前
兵庫４区,,,佐藤　泰樹,46,無,新
兵庫４区,,,野口　威光,43,希望,新
兵庫４区,,,大椙　鉄夫,69,共産,新
兵庫５区,,,西中　孝男,68,共産,新
兵庫５区,,,梶原　康弘,61,希望,元
兵庫５区,,,谷　　公一,65,自民,前
兵庫６区,,,幾村奈応子,37,希望,新
兵庫６区,,,桜井　　周,47,立憲,新
兵庫６区,,,市村浩一郎,53,維新,元
兵庫６区,,,大串　正樹,51,自民,前
兵庫７区,,,上田　幸子,69,共産,新
兵庫７区,,,畠中　光成,45,希望,元
兵庫７区,,,三木　圭恵,51,維新,元
兵庫７区,,,山田　賢司,51,自民,前
兵庫８区,,,堀内　照文,44,共産,前
兵庫８区,,,中野　洋昌,39,公明,前
兵庫９区,,,西村　康稔,55,自民,前
兵庫９区,,,菊地　憲之,61,無,新
兵庫９区,,,川戸　康嗣,42,希望,新
兵庫１０区,,,渡海紀三朗,69,自民,前
兵庫１０区,,,金田　峰生,52,共産,新
兵庫１０区,,,柘植　厚人,45,希望,新
兵庫１１区,,,長安　　豊,49,希望,元
兵庫１１区,,,松本　剛明,58,自民,前
兵庫１１区,,,稲村　　知,57,共産,新
兵庫１２区,,,池畑浩太朗,43,希望,新
兵庫１２区,,,山口　　壮,63,自民,前
兵庫１２区,,,堀　　　譲,67,共産,新
奈良１区,,,井上　良子,53,共産,新
奈良１区,,,小林　茂樹,53,自民,元
奈良１区,,,吉野　忠男,58,維新,新
奈良１区,,,馬淵　澄夫,57,希望,前
奈良２区,,,松本　昌之,34,希望,新
奈良２区,,,霜鳥　純一,56,共産,新
奈良２区,,,高市　早苗,56,自民,前
奈良３区,,,田野瀬太道,43,自民,前
奈良３区,,,所　　　進,38,共産,新
奈良３区,,,前川　清成,54,希望,新
和歌山１区,,,原　矢寸久,66,共産,新
和歌山１区,,,岸本　周平,61,希望,前
和歌山１区,,,門　　博文,52,自民,前
和歌山２区,,,下村　雅洋,62,共産,新
和歌山２区,,,栄　　隆則,53,維新,新
和歌山２区,,,石田　真敏,65,自民,前
和歌山２区,,,坂田　隆徳,38,希望,新
和歌山３区,,,楠本　文郎,63,共産,新
和歌山３区,,,二階　俊博,78,自民,前
鳥取１区,,,塚田　成幸,53,共産,新
鳥取１区,,,石破　　茂,60,自民,前
鳥取２区,,,福住　英行,41,共産,新
鳥取２区,,,湯原　俊二,54,希望,元
鳥取２区,,,赤沢　亮正,56,自民,前
島根１区,,,細田　博之,73,自民,前
島根１区,,,亀井亜紀子,52,立憲,新
島根２区,,,福原　宗男,70,社民,新
島根２区,,,竹下　　亘,70,自民,前
島根２区,,,向瀬　慎一,46,共産,新
岡山１区,,,逢沢　一郎,63,自民,前
岡山１区,,,高井　崇志,48,立憲,前
岡山１区,,,蜂谷　弘美,61,希望,新
岡山２区,,,山下　貴司,52,自民,前
岡山２区,,,垣内　京美,51,共産,新
岡山２区,,,田部　雄治,41,諸派,新
岡山２区,,,津村　啓介,45,希望,前
岡山３区,,,尾崎　宏子,61,共産,新
岡山３区,,,内山　　晃,63,希望,元
岡山３区,,,平沼正二郎,37,無,新
岡山３区,,,阿部　俊子,58,無,前
岡山４区,,,橋本　　岳,43,自民,前
岡山４区,,,柚木　道義,45,希望,前
岡山４区,,,平林　明成,62,共産,新
岡山５区,,,美見　芳明,60,共産,新
岡山５区,,,樽井　良和,50,希望,元
岡山５区,,,加藤　勝信,61,自民,前
広島１区,,,岸田　文雄,60,自民,前
広島１区,,,大西　　理,51,共産,新
広島２区,,,平口　　洋,69,自民,前
広島２区,,,水野　善丈,26,諸派,新
広島２区,,,灰岡　香奈,34,維新,新
広島２区,,,藤本　聡志,63,共産,新
広島２区,,,松本　大輔,46,希望,元
広島３区,,,塩村　文夏,39,無,新
広島３区,,,河井　克行,54,自民,前
広島３区,,,野村　昌央,35,諸派,新
広島３区,,,今枝　　仁,47,維新,新
広島３区,,,玉田　憲勲,60,無,新
広島３区,,,西本　昭彦,72,無,新
広島４区,,,中石　　仁,54,共産,新
広島４区,,,空本　誠喜,53,維新,元
広島４区,,,新谷　正義,42,自民,前
広島４区,,,落合　洋司,53,無,新
広島４区,,,恵飛須圭二,34,無,新
広島４区,,,上野　寛治,35,希望,新
広島５区,,,尾崎　　光,64,共産,新
広島５区,,,寺田　　稔,59,自民,前
広島５区,,,橋本　琴絵,28,希望,新
広島６区,,,小島　敏文,67,自民,前
広島６区,,,寺田　明充,66,共産,新
広島６区,,,佐藤　公治,58,希望,元
広島７区,,,佐藤　広典,41,希望,新
広島７区,,,小林　史明,34,自民,前
広島７区,,,重村　幸司,66,共産,新
山口１区,,,五島　　博,61,共産,新
山口１区,,,高村　正大,46,自民,新
山口１区,,,大内　一也,44,希望,新
山口１区,,,河井美和子,55,諸派,新
山口２区,,,松田　一志,60,共産,新
山口２区,,,岸　　信夫,58,自民,前
山口３区,,,河村　建夫,74,自民,前
山口３区,,,坂本　史子,62,立憲,新
山口４区,,,安倍　晋三,63,自民,前
山口４区,,,藤田　時雄,63,希望,新
山口４区,,,西岡　広伸,54,共産,新
山口４区,,,黒川　敦彦,39,無,新
山口４区,,,郡　　昭浩,56,無,新
徳島１区,,,山本千代子,68,共産,新
徳島１区,,,後藤田正純,48,自民,前
徳島１区,,,仁木　博文,51,希望,元
徳島２区,,,久保　孝之,54,共産,新
徳島２区,,,山口　俊一,67,自民,前
徳島２区,,,福山　正敏,46,諸派,新
香川１区,,,小川　淳也,46,希望,前
香川１区,,,平井　卓也,59,自民,前
香川２区,,,瀬戸　隆一,52,自民,前
香川２区,,,玉木雄一郎,48,希望,前
香川２区,,,河村　　整,58,共産,新
香川３区,,,藤田　伸二,62,社民,新
香川３区,,,大野敬太郎,48,自民,前
愛媛１区,,,塩崎　恭久,66,自民,前
愛媛１区,,,石本　憲一,70,共産,新
愛媛１区,,,富永　喜代,50,希望,新
愛媛２区,,,西岡　　新,44,維新,元
愛媛２区,,,村上誠一郎,65,自民,前
愛媛２区,,,一色　一正,67,共産,新
愛媛２区,,,横山　博幸,66,希望,前
愛媛３区,,,白石　寛樹,29,自民,新
愛媛３区,,,国田　　睦,65,共産,新
愛媛３区,,,森田　浩二,57,諸派,新
愛媛３区,,,白石　洋一,54,希望,元
愛媛４区,,,山本　公一,70,自民,前
愛媛４区,,,桜内　文城,52,希望,元
愛媛４区,,,西井　直人,60,共産,新
高知１区,,,大石　　宗,37,希望,新
高知１区,,,松本　顕治,33,共産,新
高知１区,,,中谷　　元,60,自民,前
高知２区,,,広田　　一,49,無,新
高知２区,,,山本　有二,65,自民,前
福岡１区,,,山本　剛正,45,立憲,元
福岡１区,,,石井　英俊,41,希望,新
福岡１区,,,立川　孝彦,66,共産,新
福岡１区,,,井上　貴博,55,自民,前
福岡２区,,,鬼木　　誠,45,自民,前
福岡２区,,,稲富　修二,47,希望,元
福岡２区,,,松尾　律子,45,共産,新
福岡３区,,,山内　康一,44,立憲,元
福岡３区,,,古賀　　篤,45,自民,前
福岡４区,,,宮内　秀樹,55,自民,前
福岡４区,,,河野　正美,56,維新,前
福岡４区,,,新留　清隆,62,共産,新
福岡５区,,,原田　義昭,73,自民,前
福岡５区,,,楠田　大蔵,42,希望,元
福岡５区,,,田中　陽二,61,共産,新
福岡６区,,,西原　忠弘,62,諸派,新
福岡６区,,,小林　解子,37,共産,新
福岡６区,,,鳩山　二郎,38,自民,前
福岡６区,,,新井富美子,50,無,新
福岡７区,,,江口　　学,43,共産,新
福岡７区,,,原　　圭助,39,希望,新
福岡７区,,,藤丸　　敏,57,自民,前
福岡８区,,,麻生　太郎,77,自民,前
福岡８区,,,宮嶋つや子,66,共産,新
福岡９区,,,真島　省三,54,共産,前
福岡９区,,,緒方林太郎,44,希望,前
福岡９区,,,三原　朝彦,70,自民,前
福岡１０区,,,田村　貴昭,56,共産,前
福岡１０区,,,山本　幸三,69,自民,前
福岡１０区,,,城井　　崇,44,希望,元
福岡１１区,,,村上　智信,48,希望,新
福岡１１区,,,武田　良太,49,自民,前
福岡１１区,,,竹内　信昭,64,社民,新
佐賀１区,,,岩田　和親,44,自民,前
佐賀１区,,,中島　　徹,43,諸派,新
佐賀１区,,,原口　一博,58,無,前
佐賀２区,,,大森　　斉,62,共産,新
佐賀２区,,,大串　博志,52,希望,前
佐賀２区,,,古川　　康,59,自民,前
長崎１区,,,冨岡　　勉,69,自民,前
長崎１区,,,西岡　秀子,53,希望,新
長崎１区,,,牧山　　隆,60,共産,新
長崎２区,,,近藤　一宇,68,共産,新
長崎２区,,,山口　初實,69,希望,新
長崎２区,,,加藤　寛治,71,自民,前
長崎３区,,,末次　精一,54,希望,新
長崎３区,,,石丸　完治,68,共産,新
長崎３区,,,谷川　弥一,76,自民,前
長崎３区,,,口石　竜三,48,維新,新
長崎４区,,,北村　誠吾,70,自民,前
長崎４区,,,宮島　大典,54,希望,元
長崎４区,,,石川　　悟,65,共産,新
熊本１区,,,木原　　稔,48,自民,前
熊本１区,,,松野　頼久,57,希望,前
熊本２区,,,西野　太亮,39,無,新
熊本２区,,,木下　順子,58,諸派,新
熊本２区,,,野田　　毅,76,自民,前
熊本２区,,,和田　　要,68,社民,新
熊本３区,,,関根　静香,27,共産,新
熊本３区,,,坂本　哲志,66,自民,前
熊本４区,,,矢上　雅義,57,立憲,元
熊本４区,,,金子　恭之,56,自民,前
大分１区,,,吉良　州司,59,希望,前
大分１区,,,小手川　恵,61,共産,新
大分１区,,,穴見　陽一,48,自民,前
大分２区,,,吉川　　元,51,社民,前
大分２区,,,上田　敦子,50,諸派,新
大分２区,,,衛藤征士郎,76,自民,前
大分３区,,,岩屋　　毅,60,自民,前
大分３区,,,横光　克彦,73,立憲,元
宮崎１区,,,外山　　斎,41,希望,新
宮崎１区,,,内田　静雄,68,共産,新
宮崎１区,,,武井　俊輔,42,自民,前
宮崎２区,,,河野　一郎,57,諸派,新
宮崎２区,,,黒木　万治,69,共産,新
宮崎２区,,,江藤　　拓,57,自民,前
宮崎３区,,,井福　美年,68,共産,新
宮崎３区,,,古川　禎久,52,自民,前
宮崎３区,,,花輪　智史,51,希望,新
鹿児島１区,,,川内　博史,55,立憲,元
鹿児島１区,,,宮崎　一博,57,無,新
鹿児島１区,,,山之内　毅,35,維新,元
鹿児島１区,,,保岡　宏武,44,自民,新
鹿児島２区,,,林　　健二,40,無,新
鹿児島２区,,,祝迫　光治,74,共産,新
鹿児島２区,,,斎藤　佳代,38,希望,新
鹿児島２区,,,金子万寿夫,70,自民,前
鹿児島３区,,,野間　　健,59,希望,前
鹿児島３区,,,小里　泰弘,59,自民,前
鹿児島３区,,,山口　勇太,26,共産,新
鹿児島４区,,,森山　　裕,72,自民,前
鹿児島４区,,,野呂　正和,66,社民,新
沖縄１区,,,国場幸之助,44,自民,前
沖縄１区,,,赤嶺　政賢,69,共産,前
沖縄１区,,,下地　幹郎,56,維新,前
沖縄１区,,,下地　玲子,59,諸派,新
沖縄２区,,,照屋　寛徳,72,社民,前
沖縄２区,,,宮崎　政久,52,自民,前
沖縄３区,,,玉城デニー,58,無,前
沖縄３区,,,金城　竜郎,53,諸派,新
沖縄３区,,,比嘉奈津美,59,自民,前
沖縄４区,,,富川　泰全,38,諸派,新
沖縄４区,,,仲里　利信,80,無,前
沖縄４区,,,西銘恒三郎,63,自民,前
,比例　北海道ブロック 定数 8,1,佐藤　英道,57,公明党,前
,比例　北海道ブロック 定数 8,2,武田　久之,53,公明党,新
,比例　北海道ブロック 定数 8,1,鈴木　宗男,69,新党大地,元
,比例　北海道ブロック 定数 8,2,阿部　千里,27,新党大地,新
,比例　北海道ブロック 定数 8,1,畠山　和也,46,日本共産党,前
,比例　北海道ブロック 定数 8,2,川部　竜二,46,日本共産党,新
,比例　北海道ブロック 定数 8,3,金倉　昌俊,43,日本共産党,新
,比例　北海道ブロック 定数 8,4,本間　勝美,49,日本共産党,新
,比例　北海道ブロック 定数 8,5,佐々木明美,56,日本共産党,新
,比例　北海道ブロック 定数 8,1,渡辺　孝一,59,自由民主党,前
,比例　北海道ブロック 定数 8,2,鈴木　貴子,31,自由民主党,前
,比例　北海道ブロック 定数 8,3,船橋　利実,56,自由民主党,元
,比例　北海道ブロック 定数 8,3,吉川　貴盛,67,自由民主党,前
,比例　北海道ブロック 定数 8,3,高木　宏寿,57,自由民主党,前
,比例　北海道ブロック 定数 8,3,中村　裕之,56,自由民主党,前
,比例　北海道ブロック 定数 8,3,和田　義明,46,自由民主党,前
,比例　北海道ブロック 定数 8,3,今津　　寛,71,自由民主党,前
,比例　北海道ブロック 定数 8,3,伊東　良孝,68,自由民主党,前
,比例　北海道ブロック 定数 8,3,前田　一男,51,自由民主党,前
,比例　北海道ブロック 定数 8,3,堀井　　学,45,自由民主党,前
,比例　北海道ブロック 定数 8,3,中川　郁子,58,自由民主党,前
,比例　北海道ブロック 定数 8,3,武部　　新,47,自由民主党,前
,比例　北海道ブロック 定数 8,14,清水　誠一,68,自由民主党,元
,比例　北海道ブロック 定数 8,15,金沢知歌子,52,自由民主党,新
,比例　北海道ブロック 定数 8,1,松木　謙公,58,希望の党,前
,比例　北海道ブロック 定数 8,1,高橋　美穂,52,希望の党,元
,比例　北海道ブロック 定数 8,1,山岡　達丸,38,希望の党,元
,比例　北海道ブロック 定数 8,1,水上　美華,35,希望の党,新
,比例　北海道ブロック 定数 8,5,青木　和子,47,希望の党,新
,比例　北海道ブロック 定数 8,6,三好　新治,57,希望の党,新
,比例　北海道ブロック 定数 8,1,小和田康文,47,日本維新の会,新
,比例　北海道ブロック 定数 8,2,佐藤　　暁,55,日本維新の会,新
,比例　北海道ブロック 定数 8,1,道下　大樹,41,立憲民主党,新
,比例　北海道ブロック 定数 8,1,荒井　　聡,71,立憲民主党,前
,比例　北海道ブロック 定数 8,1,本多　平直,52,立憲民主党,元
,比例　北海道ブロック 定数 8,1,池田　真紀,45,立憲民主党,新
,比例　北海道ブロック 定数 8,1,神谷　　裕,49,立憲民主党,新
,比例　北海道ブロック 定数 8,1,石川　香織,33,立憲民主党,新
,比例　北海道ブロック 定数 8,7,山崎　摩耶,70,立憲民主党,元
,比例　北海道ブロック 定数 8,1,野市　裕司,53,幸福実現党,新
,比例　北海道ブロック 定数 8,2,中島　秀雄,68,幸福実現党,新
,比例　北海道ブロック 定数 8,1,豊巻　絹子,62,社会民主党,新
,比例　東北ブロック 定数 13,1,井上　義久,70,公明党,前
,比例　東北ブロック 定数 13,2,真山　祐一,36,公明党,前
,比例　東北ブロック 定数 13,3,渡辺　　大,34,公明党,新
,比例　東北ブロック 定数 13,1,畠山　昌樹,43,日本維新の会,新
,比例　東北ブロック 定数 13,1,西村　恵美,54,日本維新の会,新
,比例　東北ブロック 定数 13,1,高橋　克也,32,日本のこころ,新
,比例　東北ブロック 定数 13,1,渡辺　敏雄,68,社会民主党,新
,比例　東北ブロック 定数 13,1,遠藤　陽子,67,社会民主党,新
,比例　東北ブロック 定数 13,3,三上　武志,66,社会民主党,新
,比例　東北ブロック 定数 13,1,高橋千鶴子,58,日本共産党,前
,比例　東北ブロック 定数 13,2,舩山　由美,49,日本共産党,新
,比例　東北ブロック 定数 13,3,吉田　恭子,36,日本共産党,新
,比例　東北ブロック 定数 13,4,松井　秀明,48,日本共産党,新
,比例　東北ブロック 定数 13,1,矢内　筆勝,56,幸福実現党,新
,比例　東北ブロック 定数 13,2,石川　幹子,52,幸福実現党,新
,比例　東北ブロック 定数 13,3,佐藤　純郎,63,幸福実現党,新
,比例　東北ブロック 定数 13,1,江渡　聡徳,62,自由民主党,前
,比例　東北ブロック 定数 13,2,津島　　淳,51,自由民主党,前
,比例　東北ブロック 定数 13,2,大島　理森,71,自由民主党,前
,比例　東北ブロック 定数 13,2,木村　次郎,49,自由民主党,新
,比例　東北ブロック 定数 13,2,高橋比奈子,59,自由民主党,前
,比例　東北ブロック 定数 13,2,鈴木　俊一,64,自由民主党,前
,比例　東北ブロック 定数 13,2,藤原　　崇,34,自由民主党,前
,比例　東北ブロック 定数 13,2,土井　　亨,59,自由民主党,前
,比例　東北ブロック 定数 13,2,秋葉　賢也,55,自由民主党,前
,比例　東北ブロック 定数 13,2,西村　明宏,57,自由民主党,前
,比例　東北ブロック 定数 13,2,伊藤信太郎,64,自由民主党,前
,比例　東北ブロック 定数 13,2,勝沼　栄明,42,自由民主党,前
,比例　東北ブロック 定数 13,2,小野寺五典,57,自由民主党,前
,比例　東北ブロック 定数 13,2,冨樫　博之,62,自由民主党,前
,比例　東北ブロック 定数 13,2,金田　勝年,68,自由民主党,前
,比例　東北ブロック 定数 13,2,御法川信英,53,自由民主党,前
,比例　東北ブロック 定数 13,2,遠藤　利明,67,自由民主党,前
,比例　東北ブロック 定数 13,2,鈴木　憲和,35,自由民主党,前
,比例　東北ブロック 定数 13,2,加藤　鮎子,38,自由民主党,前
,比例　東北ブロック 定数 13,2,亀岡　偉民,62,自由民主党,前
,比例　東北ブロック 定数 13,2,根本　　匠,66,自由民主党,前
,比例　東北ブロック 定数 13,2,上杉謙太郎,42,自由民主党,新
,比例　東北ブロック 定数 13,2,菅家　一郎,62,自由民主党,前
,比例　東北ブロック 定数 13,2,吉野　正芳,69,自由民主党,前
,比例　東北ブロック 定数 13,25,橋本　英教,50,自由民主党,前
,比例　東北ブロック 定数 13,26,村上　文人,67,自由民主党,新
,比例　東北ブロック 定数 13,27,常盤　茂樹,47,自由民主党,新
,比例　東北ブロック 定数 13,1,寺田　　学,41,希望の党,前
,比例　東北ブロック 定数 13,2,升田世喜男,60,希望の党,前
,比例　東北ブロック 定数 13,2,工藤　武司,45,希望の党,新
,比例　東北ブロック 定数 13,2,山内　　崇,62,希望の党,新
,比例　東北ブロック 定数 13,2,階　　　猛,51,希望の党,前
,比例　東北ブロック 定数 13,2,畑　　浩治,54,希望の党,元
,比例　東北ブロック 定数 13,2,伊藤　優太,32,希望の党,新
,比例　東北ブロック 定数 13,2,一條　芳弘,44,希望の党,新
,比例　東北ブロック 定数 13,2,坂東　毅彦,58,希望の党,新
,比例　東北ブロック 定数 13,2,松浦　大悟,48,希望の党,新
,比例　東北ブロック 定数 13,2,緑川　貴士,32,希望の党,新
,比例　東北ブロック 定数 13,2,村岡　敏英,57,希望の党,前
,比例　東北ブロック 定数 13,2,荒井　　寛,44,希望の党,新
,比例　東北ブロック 定数 13,2,近藤　洋介,52,希望の党,前
,比例　東北ブロック 定数 13,2,阿部　寿一,58,希望の党,元
,比例　東北ブロック 定数 13,2,岡部　光規,49,希望の党,新
,比例　東北ブロック 定数 13,2,小熊　慎司,49,希望の党,前
,比例　東北ブロック 定数 13,2,吉田　　泉,68,希望の党,前
,比例　東北ブロック 定数 13,19,宇佐美　登,50,希望の党,元
,比例　東北ブロック 定数 13,20,高松　和夫,75,希望の党,元
,比例　東北ブロック 定数 13,1,岡本　章子,53,立憲民主党,新
,比例　東北ブロック 定数 13,2,山崎　　誠,54,立憲民主党,元
,比例　東北ブロック 定数 13,3,阿久津幸彦,61,立憲民主党,元
,比例　東北ブロック 定数 13,4,梶　　　護,46,立憲民主党,新
,比例　北関東ブロック 定数 19,1,福島　伸享,47,希望の党,前
,比例　北関東ブロック 定数 19,1,石津　政雄,70,希望の党,元
,比例　北関東ブロック 定数 19,1,樋口　　舞,44,希望の党,新
,比例　北関東ブロック 定数 19,1,大熊　利昭,54,希望の党,元
,比例　北関東ブロック 定数 19,1,浅野　　哲,35,希望の党,新
,比例　北関東ブロック 定数 19,1,青山　大人,38,希望の党,新
,比例　北関東ブロック 定数 19,1,柏倉　祐司,48,希望の党,元
,比例　北関東ブロック 定数 19,1,渡辺美由紀,58,希望の党,新
,比例　北関東ブロック 定数 19,1,藤岡　隆雄,40,希望の党,新
,比例　北関東ブロック 定数 19,1,大豆生田実,51,希望の党,新
,比例　北関東ブロック 定数 19,1,宮崎　岳志,47,希望の党,前
,比例　北関東ブロック 定数 19,1,石関　貴史,45,希望の党,前
,比例　北関東ブロック 定数 19,1,不破　弘樹,51,希望の党,新
,比例　北関東ブロック 定数 19,1,猪口　幸子,61,希望の党,新
,比例　北関東ブロック 定数 19,1,武正　公一,56,希望の党,前
,比例　北関東ブロック 定数 19,1,菅　　克己,51,希望の党,新
,比例　北関東ブロック 定数 19,1,三輪　麻美,30,希望の党,新
,比例　北関東ブロック 定数 19,1,吉田　芳朝,43,希望の党,新
,比例　北関東ブロック 定数 19,1,高木　秀文,44,希望の党,新
,比例　北関東ブロック 定数 19,1,大島　　敦,60,希望の党,前
,比例　北関東ブロック 定数 19,1,小宮山泰子,52,希望の党,前
,比例　北関東ブロック 定数 19,1,小野塚勝俊,45,希望の党,元
,比例　北関東ブロック 定数 19,1,杉村　慎治,41,希望の党,新
,比例　北関東ブロック 定数 19,1,坂本祐之輔,62,希望の党,前
,比例　北関東ブロック 定数 19,1,三角　創太,29,希望の党,新
,比例　北関東ブロック 定数 19,1,森田　俊和,43,希望の党,新
,比例　北関東ブロック 定数 19,1,北角　嘉幸,54,希望の党,新
,比例　北関東ブロック 定数 19,1,鈴木　義弘,54,希望の党,前
,比例　北関東ブロック 定数 19,1,高山　智司,47,希望の党,元
,比例　北関東ブロック 定数 19,30,永井　弥生,53,希望の党,新
,比例　北関東ブロック 定数 19,31,山下　　崇,44,希望の党,新
,比例　北関東ブロック 定数 19,32,並木　正芳,68,希望の党,元
,比例　北関東ブロック 定数 19,1,長谷川嘉一,64,立憲民主党,新
,比例　北関東ブロック 定数 19,1,山川百合子,48,立憲民主党,新
,比例　北関東ブロック 定数 19,1,枝野　幸男,53,立憲民主党,前
,比例　北関東ブロック 定数 19,4,堀越　啓仁,37,立憲民主党,新
,比例　北関東ブロック 定数 19,5,大河原雅子,64,立憲民主党,新
,比例　北関東ブロック 定数 19,6,高木錬太郎,45,立憲民主党,新
,比例　北関東ブロック 定数 19,1,青柳　仁士,38,日本維新の会,新
,比例　北関東ブロック 定数 19,2,小檜山清人,60,日本維新の会,新
,比例　北関東ブロック 定数 19,2,谷古宇勘司,66,日本維新の会,新
,比例　北関東ブロック 定数 19,2,榛野　　博,47,日本維新の会,新
,比例　北関東ブロック 定数 19,2,高橋　英明,54,日本維新の会,新
,比例　北関東ブロック 定数 19,1,小島　一郎,46,幸福実現党,新
,比例　北関東ブロック 定数 19,2,森田　貴行,46,幸福実現党,新
,比例　北関東ブロック 定数 19,3,三觜　明美,55,幸福実現党,新
,比例　北関東ブロック 定数 19,4,斉藤　芳男,60,幸福実現党,新
,比例　北関東ブロック 定数 19,1,石井　啓一,59,公明党,前
,比例　北関東ブロック 定数 19,2,岡本　三成,52,公明党,前
,比例　北関東ブロック 定数 19,3,輿水　恵一,55,公明党,前
,比例　北関東ブロック 定数 19,4,村上　知己,52,公明党,新
,比例　北関東ブロック 定数 19,1,池田万佐代,58,社会民主党,新
,比例　北関東ブロック 定数 19,1,高橋　宣之,63,社会民主党,新
,比例　北関東ブロック 定数 19,1,田所　嘉徳,63,自由民主党,前
,比例　北関東ブロック 定数 19,1,葉梨　康弘,58,自由民主党,前
,比例　北関東ブロック 定数 19,1,梶山　弘志,62,自由民主党,前
,比例　北関東ブロック 定数 19,1,石川　昭政,45,自由民主党,前
,比例　北関東ブロック 定数 19,1,国光　文乃,38,自由民主党,新
,比例　北関東ブロック 定数 19,1,永岡　桂子,63,自由民主党,前
,比例　北関東ブロック 定数 19,1,船田　　元,63,自由民主党,前
,比例　北関東ブロック 定数 19,1,簗　　和生,38,自由民主党,前
,比例　北関東ブロック 定数 19,1,佐藤　　勉,65,自由民主党,前
,比例　北関東ブロック 定数 19,1,茂木　敏充,62,自由民主党,前
,比例　北関東ブロック 定数 19,1,尾身　朝子,56,自由民主党,前
,比例　北関東ブロック 定数 19,1,井野　俊郎,37,自由民主党,前
,比例　北関東ブロック 定数 19,1,笹川　博義,51,自由民主党,前
,比例　北関東ブロック 定数 19,1,福田　達夫,50,自由民主党,前
,比例　北関東ブロック 定数 19,1,小渕　優子,43,自由民主党,前
,比例　北関東ブロック 定数 19,1,村井　英樹,37,自由民主党,前
,比例　北関東ブロック 定数 19,1,新藤　義孝,59,自由民主党,前
,比例　北関東ブロック 定数 19,1,黄川田仁志,47,自由民主党,前
,比例　北関東ブロック 定数 19,1,穂坂　　泰,43,自由民主党,新
,比例　北関東ブロック 定数 19,1,牧原　秀樹,46,自由民主党,前
,比例　北関東ブロック 定数 19,1,中根　一幸,48,自由民主党,前
,比例　北関東ブロック 定数 19,1,神山　佐市,63,自由民主党,前
,比例　北関東ブロック 定数 19,1,柴山　昌彦,51,自由民主党,前
,比例　北関東ブロック 定数 19,1,大塚　　拓,44,自由民主党,前
,比例　北関東ブロック 定数 19,1,山口　泰明,68,自由民主党,前
,比例　北関東ブロック 定数 19,1,野中　　厚,40,自由民主党,前
,比例　北関東ブロック 定数 19,1,土屋　品子,65,自由民主党,前
,比例　北関東ブロック 定数 19,1,三ツ林裕巳,62,自由民主党,前
,比例　北関東ブロック 定数 19,1,田中　良生,53,自由民主党,前
,比例　北関東ブロック 定数 19,30,中曽根康隆,35,自由民主党,新
,比例　北関東ブロック 定数 19,31,佐藤　明男,65,自由民主党,新
,比例　北関東ブロック 定数 19,32,百武　公親,55,自由民主党,新
,比例　北関東ブロック 定数 19,33,神田　　裕,59,自由民主党,新
,比例　北関東ブロック 定数 19,34,山脇　孝雄,60,自由民主党,新
,比例　北関東ブロック 定数 19,35,笹尾　憲司,68,自由民主党,新
,比例　北関東ブロック 定数 19,1,塩川　鉄也,55,日本共産党,前
,比例　北関東ブロック 定数 19,2,梅村早江子,53,日本共産党,前
,比例　北関東ブロック 定数 19,3,大内久美子,68,日本共産党,新
,比例　北関東ブロック 定数 19,4,店橋世津子,56,日本共産党,新
,比例　北関東ブロック 定数 19,5,小池　一徳,56,日本共産党,新
,比例　南関東ブロック 定数 22,1,佐々木克己,62,社会民主党,新
,比例　南関東ブロック 定数 22,1,皆川真一郎,63,社会民主党,新
,比例　南関東ブロック 定数 22,1,樋口　博康,58,立憲民主党,新
,比例　南関東ブロック 定数 22,1,岡島　一正,59,立憲民主党,元
,比例　南関東ブロック 定数 22,1,山田　厚史,69,立憲民主党,新
,比例　南関東ブロック 定数 22,1,生方　幸夫,69,立憲民主党,元
,比例　南関東ブロック 定数 22,1,石塚　貞通,50,立憲民主党,新
,比例　南関東ブロック 定数 22,1,宮川　　伸,47,立憲民主党,新
,比例　南関東ブロック 定数 22,1,篠原　　豪,42,立憲民主党,前
,比例　南関東ブロック 定数 22,1,高橋　野枝,43,立憲民主党,新
,比例　南関東ブロック 定数 22,1,早稲田夕季,58,立憲民主党,新
,比例　南関東ブロック 定数 22,1,青柳陽一郎,48,立憲民主党,前
,比例　南関東ブロック 定数 22,1,中谷　一馬,34,立憲民主党,新
,比例　南関東ブロック 定数 22,1,阿部　知子,69,立憲民主党,前
,比例　南関東ブロック 定数 22,1,小林　弘幸,45,立憲民主党,新
,比例　南関東ブロック 定数 22,1,長谷川　豊,42,日本維新の会,新
,比例　南関東ブロック 定数 22,1,藤巻　健太,34,日本維新の会,新
,比例　南関東ブロック 定数 22,1,佐藤　　浩,52,日本維新の会,新
,比例　南関東ブロック 定数 22,1,星　健太郎,37,日本維新の会,新
,比例　南関東ブロック 定数 22,1,串田　誠一,59,日本維新の会,新
,比例　南関東ブロック 定数 22,1,宮川　典子,38,自由民主党,前
,比例　南関東ブロック 定数 22,2,門山　宏哲,53,自由民主党,前
,比例　南関東ブロック 定数 22,2,小林　鷹之,42,自由民主党,前
,比例　南関東ブロック 定数 22,2,松野　博一,55,自由民主党,前
,比例　南関東ブロック 定数 22,2,木村　哲也,48,自由民主党,新
,比例　南関東ブロック 定数 22,2,薗浦健太郎,45,自由民主党,前
,比例　南関東ブロック 定数 22,2,渡辺　博道,67,自由民主党,前
,比例　南関東ブロック 定数 22,2,斎藤　　健,58,自由民主党,前
,比例　南関東ブロック 定数 22,2,桜田　義孝,67,自由民主党,前
,比例　南関東ブロック 定数 22,2,秋本　真利,42,自由民主党,前
,比例　南関東ブロック 定数 22,2,林　　幹雄,70,自由民主党,前
,比例　南関東ブロック 定数 22,2,森　　英介,69,自由民主党,前
,比例　南関東ブロック 定数 22,2,浜田　靖一,62,自由民主党,前
,比例　南関東ブロック 定数 22,2,白須賀貴樹,42,自由民主党,前
,比例　南関東ブロック 定数 22,2,松本　　純,67,自由民主党,前
,比例　南関東ブロック 定数 22,2,菅　　義偉,68,自由民主党,前
,比例　南関東ブロック 定数 22,2,小此木八郎,52,自由民主党,前
,比例　南関東ブロック 定数 22,2,山本　朋広,42,自由民主党,前
,比例　南関東ブロック 定数 22,2,坂井　　学,52,自由民主党,前
,比例　南関東ブロック 定数 22,2,鈴木　馨祐,40,自由民主党,前
,比例　南関東ブロック 定数 22,2,三谷　英弘,41,自由民主党,元
,比例　南関東ブロック 定数 22,2,中山　展宏,49,自由民主党,前
,比例　南関東ブロック 定数 22,2,田中　和徳,68,自由民主党,前
,比例　南関東ブロック 定数 22,2,星野　剛士,54,自由民主党,前
,比例　南関東ブロック 定数 22,2,甘利　　明,68,自由民主党,前
,比例　南関東ブロック 定数 22,2,赤間　二郎,49,自由民主党,前
,比例　南関東ブロック 定数 22,2,河野　太郎,54,自由民主党,前
,比例　南関東ブロック 定数 22,2,義家　弘介,46,自由民主党,前
,比例　南関東ブロック 定数 22,2,牧島かれん,40,自由民主党,前
,比例　南関東ブロック 定数 22,2,山際大志郎,49,自由民主党,前
,比例　南関東ブロック 定数 22,2,中谷　真一,41,自由民主党,前
,比例　南関東ブロック 定数 22,32,上野　宏史,46,自由民主党,元
,比例　南関東ブロック 定数 22,33,出畑　　実,67,自由民主党,新
,比例　南関東ブロック 定数 22,34,外川　正明,62,自由民主党,新
,比例　南関東ブロック 定数 22,35,小幡　和弘,59,自由民主党,新
,比例　南関東ブロック 定数 22,1,神武　桜子,31,幸福実現党,新
,比例　南関東ブロック 定数 22,2,古川　裕三,35,幸福実現党,新
,比例　南関東ブロック 定数 22,3,長村　康博,55,幸福実現党,新
,比例　南関東ブロック 定数 22,4,高橋　　彰,74,幸福実現党,新
,比例　南関東ブロック 定数 22,5,与国　秀行,41,幸福実現党,新
,比例　南関東ブロック 定数 22,1,田嶋　　要,56,希望の党,前
,比例　南関東ブロック 定数 22,1,竹ヶ原裕美子,46,希望の党,新
,比例　南関東ブロック 定数 22,1,櫛渕　万里,50,希望の党,元
,比例　南関東ブロック 定数 22,1,岡野　純子,39,希望の党,新
,比例　南関東ブロック 定数 22,1,遠藤　宣彦,54,希望の党,元
,比例　南関東ブロック 定数 22,1,波多野里奈,44,希望の党,新
,比例　南関東ブロック 定数 22,1,太田　和美,38,希望の党,前
,比例　南関東ブロック 定数 22,1,奥野総一郎,53,希望の党,前
,比例　南関東ブロック 定数 22,1,谷田川　元,54,希望の党,元
,比例　南関東ブロック 定数 22,1,多ケ谷　亮,48,希望の党,新
,比例　南関東ブロック 定数 22,1,樋高　　剛,51,希望の党,元
,比例　南関東ブロック 定数 22,1,水野　智彦,61,希望の党,元
,比例　南関東ブロック 定数 22,1,長島　一由,50,希望の党,元
,比例　南関東ブロック 定数 22,1,橋本　久美,48,希望の党,新
,比例　南関東ブロック 定数 22,1,勝又恒一郎,54,希望の党,元
,比例　南関東ブロック 定数 22,1,風間　法子,47,希望の党,新
,比例　南関東ブロック 定数 22,1,吉岡　憲史,39,希望の党,新
,比例　南関東ブロック 定数 22,1,川野　　案,35,希望の党,新
,比例　南関東ブロック 定数 22,1,笠　　浩史,52,希望の党,前
,比例　南関東ブロック 定数 22,1,市川　佳子,53,希望の党,新
,比例　南関東ブロック 定数 22,1,真白リョウ,41,希望の党,新
,比例　南関東ブロック 定数 22,1,原　　輝雄,43,希望の党,新
,比例　南関東ブロック 定数 22,1,太　　栄志,40,希望の党,新
,比例　南関東ブロック 定数 22,1,本村賢太郎,47,希望の党,前
,比例　南関東ブロック 定数 22,1,乃木　涼介,53,希望の党,新
,比例　南関東ブロック 定数 22,1,後藤　祐一,48,希望の党,前
,比例　南関東ブロック 定数 22,1,神山　洋介,42,希望の党,前
,比例　南関東ブロック 定数 22,1,三村　和也,42,希望の党,元
,比例　南関東ブロック 定数 22,1,井桁　　亮,48,希望の党,新
,比例　南関東ブロック 定数 22,30,石川　　藍,36,希望の党,新
,比例　南関東ブロック 定数 22,31,内山　正樹,49,希望の党,新
,比例　南関東ブロック 定数 22,32,秋山　岳久,54,希望の党,新
,比例　南関東ブロック 定数 22,1,富田　茂之,64,公明党,前
,比例　南関東ブロック 定数 22,2,古屋　範子,61,公明党,前
,比例　南関東ブロック 定数 22,3,角田　秀穂,56,公明党,前
,比例　南関東ブロック 定数 22,4,布施　正行,40,公明党,新
,比例　南関東ブロック 定数 22,5,井川　泰雄,43,公明党,新
,比例　南関東ブロック 定数 22,1,志位　和夫,63,日本共産党,前
,比例　南関東ブロック 定数 22,2,畑野　君枝,60,日本共産党,前
,比例　南関東ブロック 定数 22,3,斉藤　和子,43,日本共産党,前
,比例　南関東ブロック 定数 22,4,岡崎　　裕,39,日本共産党,新
,比例　南関東ブロック 定数 22,5,大西　　航,36,日本共産党,新
,比例　南関東ブロック 定数 22,5,宮内　　現,35,日本共産党,新
,比例　南関東ブロック 定数 22,5,若林　靖久,32,日本共産党,新
,比例　南関東ブロック 定数 22,8,今村あゆみ,52,日本共産党,新
,比例　東京ブロック 定数 17,1,笠井　　亮,65,日本共産党,前
,比例　東京ブロック 定数 17,2,宮本　　徹,45,日本共産党,前
,比例　東京ブロック 定数 17,3,池内　沙織,35,日本共産党,前
,比例　東京ブロック 定数 17,4,谷川　智行,46,日本共産党,新
,比例　東京ブロック 定数 17,5,原　　純子,53,日本共産党,新
,比例　東京ブロック 定数 17,6,飯田美弥子,57,日本共産党,新
,比例　東京ブロック 定数 17,7,坂井和歌子,40,日本共産党,新
,比例　東京ブロック 定数 17,8,冨田　直樹,41,日本共産党,新
,比例　東京ブロック 定数 17,9,石沢　憲之,30,日本共産党,新
,比例　東京ブロック 定数 17,10,岸　　武志,46,日本共産党,新
,比例　東京ブロック 定数 17,1,松沢　　香,39,希望の党,新
,比例　東京ブロック 定数 17,1,鳩山　太郎,43,希望の党,新
,比例　東京ブロック 定数 17,1,松原　　仁,61,希望の党,前
,比例　東京ブロック 定数 17,1,難波美智代,43,希望の党,新
,比例　東京ブロック 定数 17,1,福田　峰之,53,希望の党,前
,比例　東京ブロック 定数 17,1,植松恵美子,49,希望の党,新
,比例　東京ブロック 定数 17,1,荒木　章博,64,希望の党,新
,比例　東京ブロック 定数 17,1,木内　孝胤,51,希望の党,前
,比例　東京ブロック 定数 17,1,高松　智之,43,希望の党,新
,比例　東京ブロック 定数 17,1,若狭　　勝,60,希望の党,前
,比例　東京ブロック 定数 17,1,宍戸　千絵,39,希望の党,新
,比例　東京ブロック 定数 17,1,矢作　麻子,39,希望の党,新
,比例　東京ブロック 定数 17,1,柿沢　未途,46,希望の党,前
,比例　東京ブロック 定数 17,1,田村　謙治,49,希望の党,元
,比例　東京ブロック 定数 17,1,西田　主税,55,希望の党,新
,比例　東京ブロック 定数 17,1,鴇田　　敦,51,希望の党,新
,比例　東京ブロック 定数 17,1,佐々木里加,50,希望の党,新
,比例　東京ブロック 定数 17,1,鹿野　　晃,44,希望の党,新
,比例　東京ブロック 定数 17,1,長島　昭久,55,希望の党,前
,比例　東京ブロック 定数 17,1,金ケ崎絵美,41,希望の党,新
,比例　東京ブロック 定数 17,1,伊藤　俊輔,38,希望の党,新
,比例　東京ブロック 定数 17,1,吉羽　美華,37,希望の党,新
,比例　東京ブロック 定数 17,1,小沢　鋭仁,63,希望の党,前
,比例　東京ブロック 定数 17,24,小泉　俊明,60,希望の党,元
,比例　東京ブロック 定数 17,25,伊藤　正樹,45,希望の党,新
,比例　東京ブロック 定数 17,26,田淵　正文,59,希望の党,新
,比例　東京ブロック 定数 17,27,石飛　香織,34,希望の党,新
,比例　東京ブロック 定数 17,28,黒川　公美,44,希望の党,新
,比例　東京ブロック 定数 17,29,羽田　次郎,48,希望の党,新
,比例　東京ブロック 定数 17,30,竹内今日生,43,希望の党,新
,比例　東京ブロック 定数 17,31,栗山　由美,56,希望の党,新
,比例　東京ブロック 定数 17,32,竹田　光明,62,希望の党,元
,比例　東京ブロック 定数 17,33,森村　　廣,26,希望の党,新
,比例　東京ブロック 定数 17,1,釈　　量子,47,幸福実現党,新
,比例　東京ブロック 定数 17,2,七海ひろこ,33,幸福実現党,新
,比例　東京ブロック 定数 17,3,鈴木　　豪,38,幸福実現党,新
,比例　東京ブロック 定数 17,4,坂本　隆一,67,幸福実現党,新
,比例　東京ブロック 定数 17,1,小糸　健介,35,社会民主党,新
,比例　東京ブロック 定数 17,1,赤尾　由美,52,日本のこころ,新
,比例　東京ブロック 定数 17,1,海江田万里,68,立憲民主党,元
,比例　東京ブロック 定数 17,1,松尾　明弘,42,立憲民主党,新
,比例　東京ブロック 定数 17,1,井戸　正枝,51,立憲民主党,元
,比例　東京ブロック 定数 17,1,手塚　仁雄,51,立憲民主党,元
,比例　東京ブロック 定数 17,1,落合　貴之,38,立憲民主党,前
,比例　東京ブロック 定数 17,1,長妻　　昭,57,立憲民主党,前
,比例　東京ブロック 定数 17,1,吉田　晴美,45,立憲民主党,新
,比例　東京ブロック 定数 17,1,鈴木　庸介,41,立憲民主党,新
,比例　東京ブロック 定数 17,1,前田順一郎,42,立憲民主党,新
,比例　東京ブロック 定数 17,1,北条　智彦,34,立憲民主党,新
,比例　東京ブロック 定数 17,1,初鹿　明博,48,立憲民主党,前
,比例　東京ブロック 定数 17,1,菅　　直人,71,立憲民主党,前
,比例　東京ブロック 定数 17,1,末松　義規,60,立憲民主党,元
,比例　東京ブロック 定数 17,1,山花　郁夫,50,立憲民主党,元
,比例　東京ブロック 定数 17,1,高橋　斉久,44,立憲民主党,新
,比例　東京ブロック 定数 17,1,山下　容子,58,立憲民主党,新
,比例　東京ブロック 定数 17,1,高木　陽介,57,公明党,前
,比例　東京ブロック 定数 17,2,高木美智代,65,公明党,前
,比例　東京ブロック 定数 17,3,佐近　康昌,63,公明党,新
,比例　東京ブロック 定数 17,4,星　英一郎,41,公明党,新
,比例　東京ブロック 定数 17,1,山田　美樹,43,自由民主党,前
,比例　東京ブロック 定数 17,1,辻　　清人,38,自由民主党,前
,比例　東京ブロック 定数 17,1,石原　宏高,53,自由民主党,前
,比例　東京ブロック 定数 17,1,平　　将明,50,自由民主党,前
,比例　東京ブロック 定数 17,1,若宮　健嗣,56,自由民主党,前
,比例　東京ブロック 定数 17,1,越智　隆雄,53,自由民主党,前
,比例　東京ブロック 定数 17,1,松本　文明,68,自由民主党,前
,比例　東京ブロック 定数 17,1,石原　伸晃,60,自由民主党,前
,比例　東京ブロック 定数 17,1,菅原　一秀,55,自由民主党,前
,比例　東京ブロック 定数 17,1,鈴木　隼人,40,自由民主党,前
,比例　東京ブロック 定数 17,1,下村　博文,63,自由民主党,前
,比例　東京ブロック 定数 17,1,鴨下　一郎,68,自由民主党,前
,比例　東京ブロック 定数 17,1,松島みどり,61,自由民主党,前
,比例　東京ブロック 定数 17,1,秋元　　司,46,自由民主党,前
,比例　東京ブロック 定数 17,1,大西　英男,71,自由民主党,前
,比例　東京ブロック 定数 17,1,平沢　勝栄,72,自由民主党,前
,比例　東京ブロック 定数 17,1,松本　洋平,44,自由民主党,前
,比例　東京ブロック 定数 17,1,木原　誠二,47,自由民主党,前
,比例　東京ブロック 定数 17,1,小田原　潔,53,自由民主党,前
,比例　東京ブロック 定数 17,1,伊藤　達也,56,自由民主党,前
,比例　東京ブロック 定数 17,1,小倉　将信,36,自由民主党,前
,比例　東京ブロック 定数 17,1,萩生田光一,54,自由民主党,前
,比例　東京ブロック 定数 17,1,井上　信治,48,自由民主党,前
,比例　東京ブロック 定数 17,24,安藤　高夫,58,自由民主党,新
,比例　東京ブロック 定数 17,25,高木　　啓,52,自由民主党,新
,比例　東京ブロック 定数 17,26,与謝野　信,42,自由民主党,新
,比例　東京ブロック 定数 17,27,前川　　恵,42,自由民主党,前
,比例　東京ブロック 定数 17,28,西田　　譲,42,自由民主党,元
,比例　東京ブロック 定数 17,1,木村　剛司,46,日本維新の会,元
,比例　東京ブロック 定数 17,2,小林　　学,48,日本維新の会,新
,比例　東京ブロック 定数 17,3,中津川博郷,68,日本維新の会,元
,比例　東京ブロック 定数 17,1,佐野　秀光,47,支持政党なし,新
,比例　東京ブロック 定数 17,2,本藤　昭子,75,支持政党なし,新
,比例　東京ブロック 定数 17,3,中村　　治,64,支持政党なし,新
,比例　東京ブロック 定数 17,4,大槻　文彦,50,支持政党なし,新
,比例　北陸信越ブロック 定数 11,1,太田　昌孝,56,公明党,新
,比例　北陸信越ブロック 定数 11,2,高橋　秀明,52,公明党,新
,比例　北陸信越ブロック 定数 11,1,吉田　豊史,47,日本維新の会,前
,比例　北陸信越ブロック 定数 11,1,橋本　将之,37,日本維新の会,新
,比例　北陸信越ブロック 定数 11,1,手塚　大輔,34,日本維新の会,新
,比例　北陸信越ブロック 定数 11,1,吉田かをる,62,幸福実現党,新
,比例　北陸信越ブロック 定数 11,2,白川　康之,60,幸福実現党,新
,比例　北陸信越ブロック 定数 11,3,原　　伸次,56,幸福実現党,新
,比例　北陸信越ブロック 定数 11,1,山崎　　彰,67,社会民主党,新
,比例　北陸信越ブロック 定数 11,1,中川　博司,59,社会民主党,新
,比例　北陸信越ブロック 定数 11,1,山本　　拓,65,自由民主党,前
,比例　北陸信越ブロック 定数 11,2,石崎　　徹,33,自由民主党,前
,比例　北陸信越ブロック 定数 11,2,細田　健一,53,自由民主党,前
,比例　北陸信越ブロック 定数 11,2,斎藤　洋明,40,自由民主党,前
,比例　北陸信越ブロック 定数 11,2,金子　恵美,39,自由民主党,前
,比例　北陸信越ブロック 定数 11,2,泉田　裕彦,55,自由民主党,新
,比例　北陸信越ブロック 定数 11,2,高鳥　修一,57,自由民主党,前
,比例　北陸信越ブロック 定数 11,2,田畑　裕明,44,自由民主党,前
,比例　北陸信越ブロック 定数 11,2,宮腰　光寛,66,自由民主党,前
,比例　北陸信越ブロック 定数 11,2,橘　慶一郎,56,自由民主党,前
,比例　北陸信越ブロック 定数 11,2,馳　　　浩,56,自由民主党,前
,比例　北陸信越ブロック 定数 11,2,佐々木　紀,43,自由民主党,前
,比例　北陸信越ブロック 定数 11,2,西田　昭二,48,自由民主党,新
,比例　北陸信越ブロック 定数 11,2,稲田　朋美,58,自由民主党,前
,比例　北陸信越ブロック 定数 11,2,高木　　毅,61,自由民主党,前
,比例　北陸信越ブロック 定数 11,2,小松　　裕,55,自由民主党,前
,比例　北陸信越ブロック 定数 11,2,務台　俊介,61,自由民主党,前
,比例　北陸信越ブロック 定数 11,2,木内　　均,53,自由民主党,前
,比例　北陸信越ブロック 定数 11,2,後藤　茂之,61,自由民主党,前
,比例　北陸信越ブロック 定数 11,2,宮下　一郎,59,自由民主党,前
,比例　北陸信越ブロック 定数 11,21,若林　健太,53,自由民主党,新
,比例　北陸信越ブロック 定数 11,22,中原　八一,58,自由民主党,新
,比例　北陸信越ブロック 定数 11,23,助田　重義,57,自由民主党,前
,比例　北陸信越ブロック 定数 11,24,栗原　洋志,47,自由民主党,新
,比例　北陸信越ブロック 定数 11,25,小林　　靖,57,自由民主党,新
,比例　北陸信越ブロック 定数 11,1,柴田　　巧,56,希望の党,新
,比例　北陸信越ブロック 定数 11,1,田中美絵子,41,希望の党,元
,比例　北陸信越ブロック 定数 11,1,柴田　未来,46,希望の党,新
,比例　北陸信越ブロック 定数 11,1,近藤　和也,43,希望の党,元
,比例　北陸信越ブロック 定数 11,1,鈴木　宏治,43,希望の党,新
,比例　北陸信越ブロック 定数 11,1,斉木　武志,43,希望の党,元
,比例　北陸信越ブロック 定数 11,1,下条　みつ,61,希望の党,元
,比例　北陸信越ブロック 定数 11,1,井出　庸生,39,希望の党,前
,比例　北陸信越ブロック 定数 11,1,寺島　義幸,64,希望の党,元
,比例　北陸信越ブロック 定数 11,1,中嶋　康介,40,希望の党,新
,比例　北陸信越ブロック 定数 11,11,宮沢　隆仁,62,希望の党,元
,比例　北陸信越ブロック 定数 11,12,吉田　　治,55,希望の党,元
,比例　北陸信越ブロック 定数 11,13,三枝　英彦,50,希望の党,新
,比例　北陸信越ブロック 定数 11,1,藤野　保史,47,日本共産党,前
,比例　北陸信越ブロック 定数 11,2,西沢　　博,37,日本共産党,新
,比例　北陸信越ブロック 定数 11,3,長瀬由希子,49,日本共産党,新
,比例　北陸信越ブロック 定数 11,4,坂本　洋史,47,日本共産党,新
,比例　北陸信越ブロック 定数 11,5,伊藤　　誠,43,日本共産党,新
,比例　北陸信越ブロック 定数 11,1,西村智奈美,50,立憲民主党,前
,比例　北陸信越ブロック 定数 11,2,松平　浩一,43,立憲民主党,新
,比例　北陸信越ブロック 定数 11,3,山本和嘉子,49,立憲民主党,新
,比例　東海ブロック 定数 21,1,青山　雅幸,55,立憲民主党,新
,比例　東海ブロック 定数 21,1,日吉　雄太,49,立憲民主党,新
,比例　東海ブロック 定数 21,1,吉田　統彦,42,立憲民主党,元
,比例　東海ブロック 定数 21,1,近藤　昭一,59,立憲民主党,前
,比例　東海ブロック 定数 21,1,赤松　広隆,69,立憲民主党,前
,比例　東海ブロック 定数 21,6,松田　　功,49,立憲民主党,新
,比例　東海ブロック 定数 21,1,本村　伸子,45,日本共産党,前
,比例　東海ブロック 定数 21,2,島津　幸広,61,日本共産党,前
,比例　東海ブロック 定数 21,3,中野　武史,43,日本共産党,新
,比例　東海ブロック 定数 21,4,大野　宙光,54,日本共産党,新
,比例　東海ブロック 定数 21,5,山越　　徹,47,日本共産党,新
,比例　東海ブロック 定数 21,1,森国　英和,27,幸福実現党,新
,比例　東海ブロック 定数 21,2,中根　裕美,43,幸福実現党,新
,比例　東海ブロック 定数 21,3,加納有輝彦,57,幸福実現党,新
,比例　東海ブロック 定数 21,4,江頭　俊満,54,幸福実現党,新
,比例　東海ブロック 定数 21,5,加藤　龍義,65,幸福実現党,新
,比例　東海ブロック 定数 21,1,阪口　直人,54,希望の党,元
,比例　東海ブロック 定数 21,1,今井　雅人,55,希望の党,前
,比例　東海ブロック 定数 21,1,阿知波吉信,54,希望の党,元
,比例　東海ブロック 定数 21,1,小池　政就,43,希望の党,元
,比例　東海ブロック 定数 21,1,松尾　　勉,33,希望の党,新
,比例　東海ブロック 定数 21,1,鈴木　　望,68,希望の党,元
,比例　東海ブロック 定数 21,1,田中　　健,40,希望の党,新
,比例　東海ブロック 定数 21,1,渡辺　　周,55,希望の党,前
,比例　東海ブロック 定数 21,1,福村　　隆,54,希望の党,新
,比例　東海ブロック 定数 21,1,源馬謙太郎,44,希望の党,新
,比例　東海ブロック 定数 21,1,佐藤　夕子,54,希望の党,元
,比例　東海ブロック 定数 21,1,古川　元久,51,希望の党,前
,比例　東海ブロック 定数 21,1,余語冴耶香,39,希望の党,新
,比例　東海ブロック 定数 21,1,牧　　義夫,59,希望の党,前
,比例　東海ブロック 定数 21,1,野々部尚昭,47,希望の党,新
,比例　東海ブロック 定数 21,1,森本　和義,51,希望の党,元
,比例　東海ブロック 定数 21,1,岡本　充功,46,希望の党,前
,比例　東海ブロック 定数 21,1,安井美沙子,52,希望の党,新
,比例　東海ブロック 定数 21,1,古本伸一郎,52,希望の党,前
,比例　東海ブロック 定数 21,1,大西　健介,46,希望の党,前
,比例　東海ブロック 定数 21,1,田中　克典,43,希望の党,新
,比例　東海ブロック 定数 21,1,関　健一郎,39,希望の党,新
,比例　東海ブロック 定数 21,1,藤田　大助,41,希望の党,元
,比例　東海ブロック 定数 21,24,中根　康浩,55,希望の党,前
,比例　東海ブロック 定数 21,25,中瀬　博之,52,希望の党,新
,比例　東海ブロック 定数 21,1,平山　良平,69,社会民主党,新
,比例　東海ブロック 定数 21,1,野田　聖子,57,自由民主党,前
,比例　東海ブロック 定数 21,1,棚橋　泰文,54,自由民主党,前
,比例　東海ブロック 定数 21,1,武藤　容治,62,自由民主党,前
,比例　東海ブロック 定数 21,1,金子　俊平,39,自由民主党,新
,比例　東海ブロック 定数 21,1,古屋　圭司,64,自由民主党,前
,比例　東海ブロック 定数 21,1,上川　陽子,64,自由民主党,前
,比例　東海ブロック 定数 21,1,井林　辰憲,41,自由民主党,前
,比例　東海ブロック 定数 21,1,宮沢　博行,42,自由民主党,前
,比例　東海ブロック 定数 21,1,望月　義夫,70,自由民主党,前
,比例　東海ブロック 定数 21,1,吉川　　赳,35,自由民主党,元
,比例　東海ブロック 定数 21,1,勝俣　孝明,41,自由民主党,前
,比例　東海ブロック 定数 21,1,城内　　実,52,自由民主党,前
,比例　東海ブロック 定数 21,1,塩谷　　立,67,自由民主党,前
,比例　東海ブロック 定数 21,1,熊田　裕通,53,自由民主党,前
,比例　東海ブロック 定数 21,1,田畑　　毅,45,自由民主党,前
,比例　東海ブロック 定数 21,1,池田　佳隆,51,自由民主党,前
,比例　東海ブロック 定数 21,1,工藤　彰三,52,自由民主党,前
,比例　東海ブロック 定数 21,1,神田　憲次,54,自由民主党,前
,比例　東海ブロック 定数 21,1,丹羽　秀樹,44,自由民主党,前
,比例　東海ブロック 定数 21,1,鈴木　淳司,59,自由民主党,前
,比例　東海ブロック 定数 21,1,伊藤　忠彦,53,自由民主党,前
,比例　東海ブロック 定数 21,1,長坂　康正,60,自由民主党,前
,比例　東海ブロック 定数 21,1,八木　哲也,70,自由民主党,前
,比例　東海ブロック 定数 21,1,青山　周平,40,自由民主党,前
,比例　東海ブロック 定数 21,1,大見　　正,59,自由民主党,前
,比例　東海ブロック 定数 21,1,今枝宗一郎,33,自由民主党,前
,比例　東海ブロック 定数 21,1,根本　幸典,52,自由民主党,前
,比例　東海ブロック 定数 21,1,田村　憲久,52,自由民主党,前
,比例　東海ブロック 定数 21,1,川崎　二郎,69,自由民主党,前
,比例　東海ブロック 定数 21,1,島田　佳和,47,自由民主党,前
,比例　東海ブロック 定数 21,31,嶋田　幸司,43,自由民主党,新
,比例　東海ブロック 定数 21,32,今村　洋史,55,自由民主党,元
,比例　東海ブロック 定数 21,33,藤井　孝男,74,自由民主党,元
,比例　東海ブロック 定数 21,34,川田　隆,60,自由民主党,元
,比例　東海ブロック 定数 21,35,西田　和伸,43,自由民主党,新
,比例　東海ブロック 定数 21,1,大口　善徳,62,公明党,前
,比例　東海ブロック 定数 21,2,伊藤　　渉,47,公明党,前
,比例　東海ブロック 定数 21,3,中川　康洋,49,公明党,前
,比例　東海ブロック 定数 21,4,井筒　伸幸,40,公明党,新
,比例　東海ブロック 定数 21,5,越野　優一,38,公明党,新
,比例　東海ブロック 定数 21,1,杉本　和巳,57,日本維新の会,元
,比例　東海ブロック 定数 21,2,喜多　義典,50,日本維新の会,新
,比例　近畿ブロック 定数 28,1,竹内　　譲,59,公明党,前
,比例　近畿ブロック 定数 28,2,浮島　智子,54,公明党,前
,比例　近畿ブロック 定数 28,3,浜村　　進,42,公明党,前
,比例　近畿ブロック 定数 28,4,鰐淵　洋子,45,公明党,新
,比例　近畿ブロック 定数 28,5,田丸　義高,58,公明党,新
,比例　近畿ブロック 定数 28,6,鷲岡　秀明,52,公明党,新
,比例　近畿ブロック 定数 28,7,高橋　雅也,60,公明党,新
,比例　近畿ブロック 定数 28,8,田中　博之,59,公明党,新
,比例　近畿ブロック 定数 28,1,服部　良一,67,社会民主党,元
,比例　近畿ブロック 定数 28,1,小坂　淑子,77,社会民主党,新
,比例　近畿ブロック 定数 28,1,奥野　信亮,73,自由民主党,前
,比例　近畿ブロック 定数 28,2,大岡　敏孝,45,自由民主党,前
,比例　近畿ブロック 定数 28,2,上野賢一郎,52,自由民主党,前
,比例　近畿ブロック 定数 28,2,武村　展英,45,自由民主党,前
,比例　近畿ブロック 定数 28,2,小寺　裕雄,57,自由民主党,新
,比例　近畿ブロック 定数 28,2,繁本　　護,44,自由民主党,新
,比例　近畿ブロック 定数 28,2,木村　弥生,52,自由民主党,前
,比例　近畿ブロック 定数 28,2,田中　英之,47,自由民主党,前
,比例　近畿ブロック 定数 28,2,本田　太郎,43,自由民主党,新
,比例　近畿ブロック 定数 28,2,安藤　　裕,52,自由民主党,前
,比例　近畿ブロック 定数 28,2,大西　宏幸,50,自由民主党,前
,比例　近畿ブロック 定数 28,2,左藤　　章,66,自由民主党,前
,比例　近畿ブロック 定数 28,2,中山　泰秀,47,自由民主党,前
,比例　近畿ブロック 定数 28,2,渡嘉敷奈緒美,55,自由民主党,前
,比例　近畿ブロック 定数 28,2,大塚　高司,53,自由民主党,前
,比例　近畿ブロック 定数 28,2,原田　憲治,69,自由民主党,前
,比例　近畿ブロック 定数 28,2,大隈　和英,48,自由民主党,前
,比例　近畿ブロック 定数 28,2,佐藤ゆかり,56,自由民主党,前
,比例　近畿ブロック 定数 28,2,北川　知克,65,自由民主党,前
,比例　近畿ブロック 定数 28,2,宗清　皇一,47,自由民主党,前
,比例　近畿ブロック 定数 28,2,長尾　　敬,54,自由民主党,前
,比例　近畿ブロック 定数 28,2,岡下　昌平,42,自由民主党,前
,比例　近畿ブロック 定数 28,2,神谷　　昇,68,自由民主党,前
,比例　近畿ブロック 定数 28,2,谷川　とむ,41,自由民主党,前
,比例　近畿ブロック 定数 28,2,盛山　正仁,63,自由民主党,前
,比例　近畿ブロック 定数 28,2,関　　芳弘,52,自由民主党,前
,比例　近畿ブロック 定数 28,2,藤井比早之,46,自由民主党,前
,比例　近畿ブロック 定数 28,2,谷　　公一,65,自由民主党,前
,比例　近畿ブロック 定数 28,2,大串　正樹,51,自由民主党,前
,比例　近畿ブロック 定数 28,2,山田　賢司,51,自由民主党,前
,比例　近畿ブロック 定数 28,2,西村　康稔,55,自由民主党,前
,比例　近畿ブロック 定数 28,2,渡海紀三朗,69,自由民主党,前
,比例　近畿ブロック 定数 28,2,松本　剛明,58,自由民主党,前
,比例　近畿ブロック 定数 28,2,山口　　壮,63,自由民主党,前
,比例　近畿ブロック 定数 28,2,小林　茂樹,53,自由民主党,元
,比例　近畿ブロック 定数 28,2,高市　早苗,56,自由民主党,前
,比例　近畿ブロック 定数 28,2,田野瀬太道,43,自由民主党,前
,比例　近畿ブロック 定数 28,2,門　　博文,52,自由民主党,前
,比例　近畿ブロック 定数 28,2,石田　真敏,65,自由民主党,前
,比例　近畿ブロック 定数 28,40,湯峯　理之,57,自由民主党,新
,比例　近畿ブロック 定数 28,1,森　　夏枝,36,日本維新の会,新
,比例　近畿ブロック 定数 28,2,井上　英孝,45,日本維新の会,前
,比例　近畿ブロック 定数 28,2,椎木　　保,51,日本維新の会,前
,比例　近畿ブロック 定数 28,2,美延　映夫,56,日本維新の会,新
,比例　近畿ブロック 定数 28,2,奥下　剛光,42,日本維新の会,新
,比例　近畿ブロック 定数 28,2,木下　智彦,48,日本維新の会,前
,比例　近畿ブロック 定数 28,2,足立　康史,52,日本維新の会,前
,比例　近畿ブロック 定数 28,2,松浪　健太,46,日本維新の会,前
,比例　近畿ブロック 定数 28,2,伊東　信久,53,日本維新の会,前
,比例　近畿ブロック 定数 28,2,藤田　文武,36,日本維新の会,新
,比例　近畿ブロック 定数 28,2,青野　剛暁,43,日本維新の会,新
,比例　近畿ブロック 定数 28,2,谷畑　　孝,70,日本維新の会,前
,比例　近畿ブロック 定数 28,2,浦野　靖人,44,日本維新の会,前
,比例　近畿ブロック 定数 28,2,馬場　伸幸,52,日本維新の会,前
,比例　近畿ブロック 定数 28,2,遠藤　　敬,49,日本維新の会,前
,比例　近畿ブロック 定数 28,2,丸山　穂高,33,日本維新の会,前
,比例　近畿ブロック 定数 28,2,梅村　　聡,42,日本維新の会,新
,比例　近畿ブロック 定数 28,2,松木秀一郞,33,日本維新の会,新
,比例　近畿ブロック 定数 28,2,市村浩一郎,53,日本維新の会,元
,比例　近畿ブロック 定数 28,2,三木　圭恵,51,日本維新の会,元
,比例　近畿ブロック 定数 28,2,吉野　忠男,58,日本維新の会,新
,比例　近畿ブロック 定数 28,2,栄　　隆則,53,日本維新の会,新
,比例　近畿ブロック 定数 28,1,樽床　伸二,58,希望の党,元
,比例　近畿ブロック 定数 28,2,井上　一徳,55,希望の党,新
,比例　近畿ブロック 定数 28,3,田島　一成,55,希望の党,前
,比例　近畿ブロック 定数 28,3,小川　泰江,54,希望の党,新
,比例　近畿ブロック 定数 28,3,徳永　久志,54,希望の党,新
,比例　近畿ブロック 定数 28,3,嶋村　聖子,40,希望の党,新
,比例　近畿ブロック 定数 28,3,泉　　健太,43,希望の党,前
,比例　近畿ブロック 定数 28,3,北神　圭朗,50,希望の党,前
,比例　近畿ブロック 定数 28,3,山井　和則,55,希望の党,前
,比例　近畿ブロック 定数 28,3,井坂　信彦,43,希望の党,前
,比例　近畿ブロック 定数 28,3,横畑　和幸,45,希望の党,新
,比例　近畿ブロック 定数 28,3,野口　威光,43,希望の党,新
,比例　近畿ブロック 定数 28,3,梶原　康弘,61,希望の党,元
,比例　近畿ブロック 定数 28,3,幾村奈応子,37,希望の党,新
,比例　近畿ブロック 定数 28,3,畠中　光成,45,希望の党,元
,比例　近畿ブロック 定数 28,3,川戸　康嗣,42,希望の党,新
,比例　近畿ブロック 定数 28,3,柘植　厚人,45,希望の党,新
,比例　近畿ブロック 定数 28,3,長安　　豊,49,希望の党,元
,比例　近畿ブロック 定数 28,3,池畑浩太朗,43,希望の党,新
,比例　近畿ブロック 定数 28,3,馬淵　澄夫,57,希望の党,前
,比例　近畿ブロック 定数 28,3,松本　昌之,34,希望の党,新
,比例　近畿ブロック 定数 28,3,前川　清成,54,希望の党,新
,比例　近畿ブロック 定数 28,3,岸本　周平,61,希望の党,前
,比例　近畿ブロック 定数 28,3,坂田　隆徳,38,希望の党,新
,比例　近畿ブロック 定数 28,25,大沢千恵子,49,希望の党,新
,比例　近畿ブロック 定数 28,26,野中　幸市,54,希望の党,新
,比例　近畿ブロック 定数 28,27,白石　純子,55,希望の党,新
,比例　近畿ブロック 定数 28,28,請田　修一,63,希望の党,新
,比例　近畿ブロック 定数 28,1,松島　弘典,60,幸福実現党,新
,比例　近畿ブロック 定数 28,2,湊　　侑子,34,幸福実現党,新
,比例　近畿ブロック 定数 28,3,西本　　篤,47,幸福実現党,新
,比例　近畿ブロック 定数 28,4,田中　孝子,62,幸福実現党,新
,比例　近畿ブロック 定数 28,5,泉　　章子,58,幸福実現党,新
,比例　近畿ブロック 定数 28,6,油浅　頌子,30,幸福実現党,新
,比例　近畿ブロック 定数 28,1,村上　賀厚,58,立憲民主党,新
,比例　近畿ブロック 定数 28,1,尾辻かな子,42,立憲民主党,新
,比例　近畿ブロック 定数 28,1,長尾　秀樹,65,立憲民主党,新
,比例　近畿ブロック 定数 28,1,村上　史好,65,立憲民主党,元
,比例　近畿ブロック 定数 28,1,松井　博史,49,立憲民主党,新
,比例　近畿ブロック 定数 28,1,辻元　清美,57,立憲民主党,前
,比例　近畿ブロック 定数 28,1,姜　　英紀,45,立憲民主党,新
,比例　近畿ブロック 定数 28,1,森山　浩行,46,立憲民主党,元
,比例　近畿ブロック 定数 28,1,桜井　　周,47,立憲民主党,新
,比例　近畿ブロック 定数 28,10,塩見　俊次,68,立憲民主党,新
,比例　近畿ブロック 定数 28,1,穀田　恵二,70,日本共産党,前
,比例　近畿ブロック 定数 28,2,宮本　岳志,57,日本共産党,前
,比例　近畿ブロック 定数 28,3,清水　忠史,49,日本共産党,前
,比例　近畿ブロック 定数 28,4,堀内　照文,44,日本共産党,前
,比例　近畿ブロック 定数 28,5,渡部　　結,36,日本共産党,新
,比例　近畿ブロック 定数 28,6,平松　順子,68,日本共産党,新
,比例　近畿ブロック 定数 28,6,地坂　拓晃,44,日本共産党,新
,比例　近畿ブロック 定数 28,6,井上　良子,53,日本共産党,新
,比例　近畿ブロック 定数 28,6,原　矢寸久,66,日本共産党,新
,比例　近畿ブロック 定数 28,10,斉藤　幸子,60,日本共産党,新
,比例　近畿ブロック 定数 28,11,三和　智之,42,日本共産党,新
,比例　中国ブロック 定数 11,1,斉藤　鉄夫,65,公明党,前
,比例　中国ブロック 定数 11,2,桝屋　敬悟,66,公明党,前
,比例　中国ブロック 定数 11,3,日下　正喜,51,公明党,新
,比例　中国ブロック 定数 11,1,灰岡　香奈,34,日本維新の会,新
,比例　中国ブロック 定数 11,2,今枝　　仁,47,日本維新の会,新
,比例　中国ブロック 定数 11,2,空本　誠喜,53,日本維新の会,元
,比例　中国ブロック 定数 11,1,湯原　俊二,54,希望の党,元
,比例　中国ブロック 定数 11,1,蜂谷　弘美,61,希望の党,新
,比例　中国ブロック 定数 11,1,津村　啓介,45,希望の党,前
,比例　中国ブロック 定数 11,1,内山　　晃,63,希望の党,元
,比例　中国ブロック 定数 11,1,柚木　道義,45,希望の党,前
,比例　中国ブロック 定数 11,1,樽井　良和,50,希望の党,元
,比例　中国ブロック 定数 11,1,松本　大輔,46,希望の党,元
,比例　中国ブロック 定数 11,1,上野　寛治,35,希望の党,新
,比例　中国ブロック 定数 11,1,橋本　琴絵,28,希望の党,新
,比例　中国ブロック 定数 11,1,佐藤　公治,58,希望の党,元
,比例　中国ブロック 定数 11,1,佐藤　広典,41,希望の党,新
,比例　中国ブロック 定数 11,1,大内　一也,44,希望の党,新
,比例　中国ブロック 定数 11,1,藤田　時雄,63,希望の党,新
,比例　中国ブロック 定数 11,14,山口　克也,53,希望の党,新
,比例　中国ブロック 定数 11,1,国領　豊太,35,幸福実現党,新
,比例　中国ブロック 定数 11,2,佐伯　知子,38,幸福実現党,新
,比例　中国ブロック 定数 11,3,加藤　健太,27,幸福実現党,新
,比例　中国ブロック 定数 11,1,大平　喜信,39,日本共産党,前
,比例　中国ブロック 定数 11,2,垣内　京美,51,日本共産党,新
,比例　中国ブロック 定数 11,3,藤本　一規,52,日本共産党,新
,比例　中国ブロック 定数 11,4,岩田　　剛,36,日本共産党,新
,比例　中国ブロック 定数 11,1,石破　　茂,60,自由民主党,前
,比例　中国ブロック 定数 11,1,赤沢　亮正,56,自由民主党,前
,比例　中国ブロック 定数 11,1,竹下　　亘,70,自由民主党,前
,比例　中国ブロック 定数 11,1,逢沢　一郎,63,自由民主党,前
,比例　中国ブロック 定数 11,1,山下　貴司,52,自由民主党,前
,比例　中国ブロック 定数 11,1,橋本　　岳,43,自由民主党,前
,比例　中国ブロック 定数 11,1,加藤　勝信,61,自由民主党,前
,比例　中国ブロック 定数 11,1,岸田　文雄,60,自由民主党,前
,比例　中国ブロック 定数 11,1,平口　　洋,69,自由民主党,前
,比例　中国ブロック 定数 11,1,河井　克行,54,自由民主党,前
,比例　中国ブロック 定数 11,1,新谷　正義,42,自由民主党,前
,比例　中国ブロック 定数 11,1,寺田　　稔,59,自由民主党,前
,比例　中国ブロック 定数 11,1,小島　敏文,67,自由民主党,前
,比例　中国ブロック 定数 11,1,小林　史明,34,自由民主党,前
,比例　中国ブロック 定数 11,1,高村　正大,46,自由民主党,新
,比例　中国ブロック 定数 11,1,岸　　信夫,58,自由民主党,前
,比例　中国ブロック 定数 11,17,杉田　水脈,50,自由民主党,元
,比例　中国ブロック 定数 11,18,池田　道孝,70,自由民主党,前
,比例　中国ブロック 定数 11,19,古田　圭一,60,自由民主党,前
,比例　中国ブロック 定数 11,20,三浦　　靖,44,自由民主党,新
,比例　中国ブロック 定数 11,21,畦元　将吾,59,自由民主党,新
,比例　中国ブロック 定数 11,22,徳村純一郎,63,自由民主党,新
,比例　中国ブロック 定数 11,23,井桜　康司,61,自由民主党,新
,比例　中国ブロック 定数 11,1,福原　宗男,70,社会民主党,新
,比例　中国ブロック 定数 11,1,亀井亜紀子,52,立憲民主党,新
,比例　中国ブロック 定数 11,1,高井　崇志,48,立憲民主党,前
,比例　中国ブロック 定数 11,1,坂本　史子,62,立憲民主党,新
,比例　中国ブロック 定数 11,4,秋葉　忠利,74,立憲民主党,元
,比例　四国ブロック 定数 6,1,中西　利恵,54,幸福実現党,新
,比例　四国ブロック 定数 6,2,桃田　妙子,57,幸福実現党,新
,比例　四国ブロック 定数 6,1,白川　容子,51,日本共産党,新
,比例　四国ブロック 定数 6,2,島崎　保臣,34,日本共産党,新
,比例　四国ブロック 定数 6,1,武内　則男,59,立憲民主党,新
,比例　四国ブロック 定数 6,1,福井　　照,63,自由民主党,前
,比例　四国ブロック 定数 6,2,福山　　守,64,自由民主党,前
,比例　四国ブロック 定数 6,3,後藤田正純,48,自由民主党,前
,比例　四国ブロック 定数 6,3,山口　俊一,67,自由民主党,前
,比例　四国ブロック 定数 6,3,平井　卓也,59,自由民主党,前
,比例　四国ブロック 定数 6,3,瀬戸　隆一,52,自由民主党,前
,比例　四国ブロック 定数 6,3,大野敬太郎,48,自由民主党,前
,比例　四国ブロック 定数 6,3,塩崎　恭久,66,自由民主党,前
,比例　四国ブロック 定数 6,3,村上誠一郎,65,自由民主党,前
,比例　四国ブロック 定数 6,3,白石　寛樹,29,自由民主党,新
,比例　四国ブロック 定数 6,3,山本　公一,70,自由民主党,前
,比例　四国ブロック 定数 6,3,中谷　　元,60,自由民主党,前
,比例　四国ブロック 定数 6,3,山本　有二,65,自由民主党,前
,比例　四国ブロック 定数 6,14,二川　弘康,43,自由民主党,新
,比例　四国ブロック 定数 6,15,林　　　潤,45,自由民主党,元
,比例　四国ブロック 定数 6,1,仁木　博文,51,希望の党,元
,比例　四国ブロック 定数 6,1,小川　淳也,46,希望の党,前
,比例　四国ブロック 定数 6,1,玉木雄一郎,48,希望の党,前
,比例　四国ブロック 定数 6,1,富永　喜代,50,希望の党,新
,比例　四国ブロック 定数 6,1,横山　博幸,66,希望の党,前
,比例　四国ブロック 定数 6,1,白石　洋一,54,希望の党,元
,比例　四国ブロック 定数 6,1,桜内　文城,52,希望の党,元
,比例　四国ブロック 定数 6,1,大石　　宗,37,希望の党,新
,比例　四国ブロック 定数 6,9,藤岡佳代子,52,希望の党,新
,比例　四国ブロック 定数 6,10,鎌江　一平,40,希望の党,新
,比例　四国ブロック 定数 6,1,藤田　伸二,62,社会民主党,新
,比例　四国ブロック 定数 6,1,西岡　　新,44,日本維新の会,元
,比例　四国ブロック 定数 6,1,石田　祝稔,66,公明党,前
,比例　四国ブロック 定数 6,2,高村　宗男,47,公明党,新
,比例　九州ブロック 定数 20,1,園田　博之,75,自由民主党,前
,比例　九州ブロック 定数 20,2,宮路　拓馬,37,自由民主党,前
,比例　九州ブロック 定数 20,3,今村　雅弘,70,自由民主党,前
,比例　九州ブロック 定数 20,4,井上　貴博,55,自由民主党,前
,比例　九州ブロック 定数 20,4,鬼木　　誠,45,自由民主党,前
,比例　九州ブロック 定数 20,4,古賀　　篤,45,自由民主党,前
,比例　九州ブロック 定数 20,4,宮内　秀樹,55,自由民主党,前
,比例　九州ブロック 定数 20,4,原田　義昭,73,自由民主党,前
,比例　九州ブロック 定数 20,4,鳩山　二郎,38,自由民主党,前
,比例　九州ブロック 定数 20,4,藤丸　　敏,57,自由民主党,前
,比例　九州ブロック 定数 20,4,三原　朝彦,70,自由民主党,前
,比例　九州ブロック 定数 20,4,山本　幸三,69,自由民主党,前
,比例　九州ブロック 定数 20,4,武田　良太,49,自由民主党,前
,比例　九州ブロック 定数 20,4,岩田　和親,44,自由民主党,前
,比例　九州ブロック 定数 20,4,古川　　康,59,自由民主党,前
,比例　九州ブロック 定数 20,4,冨岡　　勉,69,自由民主党,前
,比例　九州ブロック 定数 20,4,加藤　寛治,71,自由民主党,前
,比例　九州ブロック 定数 20,4,北村　誠吾,70,自由民主党,前
,比例　九州ブロック 定数 20,4,木原　　稔,48,自由民主党,前
,比例　九州ブロック 定数 20,4,穴見　陽一,48,自由民主党,前
,比例　九州ブロック 定数 20,4,岩屋　　毅,60,自由民主党,前
,比例　九州ブロック 定数 20,4,武井　俊輔,42,自由民主党,前
,比例　九州ブロック 定数 20,4,江藤　　拓,57,自由民主党,前
,比例　九州ブロック 定数 20,4,古川　禎久,52,自由民主党,前
,比例　九州ブロック 定数 20,4,金子万寿夫,70,自由民主党,前
,比例　九州ブロック 定数 20,4,小里　泰弘,59,自由民主党,前
,比例　九州ブロック 定数 20,4,森山　　裕,72,自由民主党,前
,比例　九州ブロック 定数 20,4,国場幸之助,44,自由民主党,前
,比例　九州ブロック 定数 20,4,宮崎　政久,52,自由民主党,前
,比例　九州ブロック 定数 20,4,比嘉奈津美,59,自由民主党,前
,比例　九州ブロック 定数 20,4,西銘恒三郎,63,自由民主党,前
,比例　九州ブロック 定数 20,32,湯川　一行,68,自由民主党,元
,比例　九州ブロック 定数 20,33,西村　俊隆,62,自由民主党,新
,比例　九州ブロック 定数 20,34,大久保秀典,63,自由民主党,新
,比例　九州ブロック 定数 20,35,川上　　健,55,自由民主党,新
,比例　九州ブロック 定数 20,1,江夏　正敏,50,幸福実現党,新
,比例　九州ブロック 定数 20,2,吉冨　和枝,58,幸福実現党,新
,比例　九州ブロック 定数 20,3,富川　　昇,74,幸福実現党,新
,比例　九州ブロック 定数 20,4,前田　浩一,46,幸福実現党,新
,比例　九州ブロック 定数 20,1,江田　康幸,61,公明党,前
,比例　九州ブロック 定数 20,2,遠山　清彦,48,公明党,前
,比例　九州ブロック 定数 20,3,浜地　雅一,47,公明党,前
,比例　九州ブロック 定数 20,4,吉田　宣弘,49,公明党,前
,比例　九州ブロック 定数 20,5,上地　　崇,29,公明党,新
,比例　九州ブロック 定数 20,6,吉田久美子,54,公明党,新
,比例　九州ブロック 定数 20,1,照屋　寛徳,72,社会民主党,前
,比例　九州ブロック 定数 20,1,吉川　　元,51,社会民主党,前
,比例　九州ブロック 定数 20,1,竹内　信昭,64,社会民主党,新
,比例　九州ブロック 定数 20,1,和田　　要,68,社会民主党,新
,比例　九州ブロック 定数 20,1,野呂　正和,66,社会民主党,新
,比例　九州ブロック 定数 20,1,赤嶺　政賢,69,日本共産党,前
,比例　九州ブロック 定数 20,2,田村　貴昭,56,日本共産党,前
,比例　九州ブロック 定数 20,3,真島　省三,54,日本共産党,前
,比例　九州ブロック 定数 20,4,松岡　　勝,44,日本共産党,新
,比例　九州ブロック 定数 20,5,山下　　魁,40,日本共産党,新
,比例　九州ブロック 定数 20,6,益田　牧子,67,日本共産党,新
,比例　九州ブロック 定数 20,1,山本　剛正,45,立憲民主党,元
,比例　九州ブロック 定数 20,1,山内　康一,44,立憲民主党,元
,比例　九州ブロック 定数 20,1,矢上　雅義,57,立憲民主党,元
,比例　九州ブロック 定数 20,1,横光　克彦,73,立憲民主党,元
,比例　九州ブロック 定数 20,1,川内　博史,55,立憲民主党,元
,比例　九州ブロック 定数 20,6,仲間　昌信,69,立憲民主党,新
,比例　九州ブロック 定数 20,7,藤田　一枝,68,立憲民主党,元
,比例　九州ブロック 定数 20,1,中山　成彬,74,希望の党,元
,比例　九州ブロック 定数 20,2,石井　英俊,41,希望の党,新
,比例　九州ブロック 定数 20,2,稲富　修二,47,希望の党,元
,比例　九州ブロック 定数 20,2,楠田　大蔵,42,希望の党,元
,比例　九州ブロック 定数 20,2,原　　圭助,39,希望の党,新
,比例　九州ブロック 定数 20,2,緒方林太郎,44,希望の党,前
,比例　九州ブロック 定数 20,2,城井　　崇,44,希望の党,元
,比例　九州ブロック 定数 20,2,村上　智信,48,希望の党,新
,比例　九州ブロック 定数 20,2,大串　博志,52,希望の党,前
,比例　九州ブロック 定数 20,2,西岡　秀子,53,希望の党,新
,比例　九州ブロック 定数 20,2,山口　初實,69,希望の党,新
,比例　九州ブロック 定数 20,2,末次　精一,54,希望の党,新
,比例　九州ブロック 定数 20,2,宮島　大典,54,希望の党,元
,比例　九州ブロック 定数 20,2,松野　頼久,57,希望の党,前
,比例　九州ブロック 定数 20,2,吉良　州司,59,希望の党,前
,比例　九州ブロック 定数 20,2,外山　　斎,41,希望の党,新
,比例　九州ブロック 定数 20,2,花輪　智史,51,希望の党,新
,比例　九州ブロック 定数 20,2,斎藤　佳代,38,希望の党,新
,比例　九州ブロック 定数 20,2,野間　　健,59,希望の党,前
,比例　九州ブロック 定数 20,20,並木　浩一,56,希望の党,新
,比例　九州ブロック 定数 20,21,森田　俊文,54,希望の党,新
,比例　九州ブロック 定数 20,1,河野　正美,56,日本維新の会,前
,比例　九州ブロック 定数 20,1,口石　竜三,48,日本維新の会,新
,比例　九州ブロック 定数 20,1,山之内　毅,35,日本維新の会,元
,比例　九州ブロック 定数 20,1,下地　幹郎,56,日本維新の会,前
