池田　道孝,池田道孝,池田,道孝,自由民主党,中国ブロック,,,71,,,http://ikedamichitaka.main.jp/,岡山県議会議員,71歳,http://shugiin.go2senkyo.com/hirei/chugoku/1/
小島　敏文,小島敏文,小島,敏文,自由民主党,中国ブロック,,,67,https://twitter.com/kojimatoshifumi,https://www.facebook.com/kojimatoshifumi.fp,http://kojima-toshifumi.jp/,元国交委理事,67歳,http://shugiin.go2senkyo.com/hirei/chugoku/1/
杉田　水脈,杉田水脈,杉田,水脈,自由民主党,中国ブロック,,,51,https://twitter.com/miosugita,https://www.facebook.com/mio.sugita.5,http://sugitamio.net/,元衆議院議員,51歳,http://shugiin.go2senkyo.com/hirei/chugoku/1/
古田　圭一,古田圭一,古田,圭一,自由民主党,中国ブロック,,,60,,,http://furuta-keiichi.com/,衆議院 文部科学委員会委員,60歳,http://shugiin.go2senkyo.com/hirei/chugoku/1/
三浦　靖,三浦靖,三浦,靖,自由民主党,中国ブロック,,,45,,,,大田市議,45歳,http://shugiin.go2senkyo.com/hirei/chugoku/1/
津村　啓介,津村啓介,津村,啓介,希望の党,中国ブロック,,,46,https://twitter.com/Tsumura_Keisuke,https://www.facebook.com/tsumura1027,http://www.tsumura.org/,元内閣政務官,46歳,http://shugiin.go2senkyo.com/hirei/chugoku/15/
柚木　道義,柚木道義,柚木,道義,希望の党,中国ブロック,,,46,https://twitter.com/yunoki_m,https://www.facebook.com/michiyohi.yunoki,http://www.yuzu.jp/,元財務政務官,46歳,http://shugiin.go2senkyo.com/hirei/chugoku/15/
亀井　亜紀子,亀井亜紀子,亀井,亜紀子,立憲民主党,中国ブロック,,,53,https://twitter.com/kameiakikoweb,,http://akiko-kamei.home-p.info/,元参院議員,53歳,http://shugiin.go2senkyo.com/hirei/chugoku/17/
高井　崇志,高井崇志,高井,崇志,立憲民主党,中国ブロック,,,48,https://twitter.com/t_takai,https://www.facebook.com/takashi.takai.okayama/,http://takaitakashi.com/,科技特委理事,48歳,http://shugiin.go2senkyo.com/hirei/chugoku/17/
斉藤　鉄夫,斉藤鉄夫,斉藤,鉄夫,公明党,中国ブロック,,,66,https://twitter.com/saitotetsuo,https://www.facebook.com/komei.tetsuosaito/,https://www.saitotetsuo.com/,元環境相,66歳,http://shugiin.go2senkyo.com/hirei/chugoku/3/
桝屋　敬悟,桝屋敬悟,桝屋,敬悟,公明党,中国ブロック,,,67,,https://www.facebook.com/masuya.keigo.komei/,http://www.komei.or.jp/km/masuya-keigo/,元厚生労働副大臣,67歳,http://shugiin.go2senkyo.com/hirei/chugoku/3/
奥野　信亮,奥野信亮,奥野,信亮,自由民主党,近畿ブロック,,,74,,https://www.facebook.com/okuno.shinsuke?fref=ts,https://www.okunoshinsuke.jp/,日産自動車取締役,74歳,http://shugiin.go2senkyo.com/hirei/hkinki/1/
大隈　和英,大隈和英,大隈,和英,自由民主党,近畿ブロック,,,48,,https://www.facebook.com/okuma10,http://www.okuma10.com/,医師,48歳,http://shugiin.go2senkyo.com/hirei/hkinki/1/
岡下　昌平,岡下昌平,岡下,昌平,自由民主党,近畿ブロック,,,43,,https://www.facebook.com/shohei.okashita,http://okashita-shohei.com/,元府議,43歳,http://shugiin.go2senkyo.com/hirei/hkinki/1/
門　博文,門博文,門,博文,自由民主党,近畿ブロック,,,52,https://twitter.com/kado_wakayama,https://www.facebook.com/kado.warau/,http://www.warau-kado.jp/,元会社役員,52歳,http://shugiin.go2senkyo.com/hirei/hkinki/1/
神谷　昇,神谷昇,神谷,昇,自由民主党,近畿ブロック,,,69,https://twitter.com/noboru_kamitani,https://www.facebook.com/noborukamitani412/,http://noboru-kamitani.com/,元泉大津市長,69歳,http://shugiin.go2senkyo.com/hirei/hkinki/1/
木村　弥生,木村弥生,木村,弥生,自由民主党,近畿ブロック,,,52,https://twitter.com/kimura841,https://www.facebook.com/kimuyayo,http://www.kimuyayo.jp/,看護師,52歳,http://shugiin.go2senkyo.com/hirei/hkinki/1/
佐藤　ゆかり,佐藤ゆかり,佐藤,ゆかり,自由民主党,近畿ブロック,,,56,https://twitter.com/SatoYukari,https://www.facebook.com/satoyukari.jp/,http://www.satoyukari.jp/,元経産政務官,56歳,http://shugiin.go2senkyo.com/hirei/hkinki/1/
繁本　護,繁本護,繁本,護,自由民主党,近畿ブロック,,,45,https://twitter.com/shigeport,https://www.facebook.com/MamoruShigemoto/,http://shigemoto.kyoto,元国交省職員,45歳,http://shugiin.go2senkyo.com/hirei/hkinki/1/
谷川　とむ,谷川とむ,谷川,とむ,自由民主党,近畿ブロック,,,42,https://twitter.com/Tom_Tanigawa,https://www.facebook.com/tanigawa.tom,http://www.tanigawatom.com,元議員秘書,42歳,http://shugiin.go2senkyo.com/hirei/hkinki/1/
樽床　伸二,樽床伸二,樽床,伸二,希望の党,近畿ブロック,,,58,,https://www.facebook.com/tarutokoshinji/,http://www.tarutoko.jp/,元総務相,58歳,http://shugiin.go2senkyo.com/hirei/hkinki/15/
井上　一徳,井上一徳,井上,一徳,希望の党,近畿ブロック,,,55,https://twitter.com/＠kazunori_kibou,https://www.facebook.com/inouekazunori0731,,元防衛省大臣官房審議官,55歳,http://shugiin.go2senkyo.com/hirei/hkinki/15/
山井　和則,山井和則,山井,和則,希望の党,近畿ブロック,,,56,https://twitter.com/yamanoikazunori,https://www.facebook.com/yamanoikazunori,http://yamanoi.net/,党国対委員長,56歳,http://shugiin.go2senkyo.com/hirei/hkinki/15/
尾辻　かな子,尾辻かな子,尾辻,かな子,立憲民主党,近畿ブロック,,,43,https://twitter.com/otsujikanako,https://www.facebook.com/otsujiosaka?fref=ts,http://www.otsuji.club/,元参院議員,43歳,http://shugiin.go2senkyo.com/hirei/hkinki/17/
長尾　秀樹,長尾秀樹,長尾,秀樹,立憲民主党,近畿ブロック,,,66,,https://www.facebook.com/%E3%81%AA%E3%81%8C%E3%81%8A%E7%A7%80%E6%A8%B9-669747393123270/,http://nagaohideki.com/,元大阪市議,66歳,http://shugiin.go2senkyo.com/hirei/hkinki/17/
村上　史好,村上史好,村上,史好,立憲民主党,近畿ブロック,,,66,https://twitter.com/fumiyoshi610,https://www.facebook.com/profile.php?id=100011741872006&fref=ts,,元文科委理事,66歳,http://shugiin.go2senkyo.com/hirei/hkinki/17/
森山　浩行,森山浩行,森山,浩行,立憲民主党,近畿ブロック,,,47,https://twitter.com/MORIYAMAhiro,https://www.facebook.com/genki.m0rim0ri,http://moriyama.club/,元災害特理事,47歳,http://shugiin.go2senkyo.com/hirei/hkinki/17/
櫻井　周,櫻井周,櫻井,周,立憲民主党,近畿ブロック,,,47,https://twitter.com/sakurai_shu,https://www.facebook.com/shu.sakurai.7?fref=ts,http://sakuraishu.net/,伊丹市議,47歳,http://shugiin.go2senkyo.com/hirei/hkinki/17/
竹内　譲,竹内譲,竹内,譲,公明党,近畿ブロック,,,59,https://twitter.com/takeuchi_yuzuru,https://www.facebook.com/takeuchi.yuzuru,http://www.takeuchi-yuzuru.com/,元厚生労働副大臣,59歳,http://shugiin.go2senkyo.com/hirei/hkinki/3/
浮島　智子,浮島智子,浮島,智子,公明党,近畿ブロック,,,55,https://twitter.com/Tomo_Ukishima,https://www.facebook.com/ukishimatomoko/,http://www.t-ukishima.net/,元環境・内閣府大臣政務官,55歳,http://shugiin.go2senkyo.com/hirei/hkinki/3/
濱村　進,濱村進,濱村,進,公明党,近畿ブロック,,,42,https://twitter.com/HamamuraSusumu,https://www.facebook.com/hamamurasusumu,http://sumuhama.com/,党国会対策副委員長,42歳,http://shugiin.go2senkyo.com/hirei/hkinki/3/
鰐淵　洋子,鰐淵洋子,鰐淵,洋子,公明党,近畿ブロック,,,46,https://twitter.com/WanibuchiYoko,https://www.facebook.com/yoko.wanibuchi/,,元参議院議員,46歳,http://shugiin.go2senkyo.com/hirei/hkinki/3/
穀田　恵二,穀田恵二,穀田,恵二,日本共産党,近畿ブロック,,,71,https://twitter.com/kokutakeiji,https://www.facebook.com/kokutakeiji,http://www.kokuta-keiji.jp/,党国対委員長、党常任幹部会員,71歳,http://shugiin.go2senkyo.com/hirei/hkinki/4/
宮本　岳志,宮本岳志,宮本,岳志,日本共産党,近畿ブロック,,,58,,https://www.facebook.com/takeshi.miyamoto.5661,http://miyamoto-net.net/,参院１期、衆院国対副委員長,58歳,http://shugiin.go2senkyo.com/hirei/hkinki/4/
森　夏枝,森夏枝,森,夏枝,日本維新の会,近畿ブロック,,,36,https://twitter.com/MoriNatsue,https://www.facebook.com/Natsue.Mori.page/,http://morinatsue.net/,元党職員,36歳,http://shugiin.go2senkyo.com/hirei/hkinki/5/
井上　英孝,井上英孝,井上,英孝,日本維新の会,近畿ブロック,,,45,,https://www.facebook.com/inouehidetaka.ishin/,https://www.hidetaka-inoue.com/,党組織局長,45歳,http://shugiin.go2senkyo.com/hirei/hkinki/5/
足立　康史,足立康史,足立,康史,日本維新の会,近畿ブロック,,,51,https://twitter.com/adachiyasushi,https://www.facebook.com/issue.net,http://adachiyasushi.jp/,元安保委理事,51歳,http://shugiin.go2senkyo.com/hirei/hkinki/5/
谷畑　孝,谷畑孝,谷畑,孝,日本維新の会,近畿ブロック,,,70,,,http://www.tanihata.net/,元厚労副大臣,70歳,http://shugiin.go2senkyo.com/hirei/hkinki/5/
浦野　靖人,浦野靖人,浦野,靖人,日本維新の会,近畿ブロック,,,44,https://twitter.com/uranoyasuto,https://www.facebook.com/urano.yasuto/,http://uranoyasuto.net/,元厚労委理事,44歳,http://shugiin.go2senkyo.com/hirei/hkinki/5/
渡辺　孝一,渡辺孝一,渡辺,孝一,自由民主党,北海道ブロック,,,60,,https://www.facebook.com/watanabekoichi1957,http://watanabekoichi.jp/index.shtml,岩見沢市長,60歳,http://shugiin.go2senkyo.com/hirei/hokkaido/1/
鈴木　貴子,鈴木貴子,鈴木,貴子,自由民主党,北海道ブロック,,,32,,https://www.facebook.com/takako.daichi,http://www.suzukitakako.jp/,NHK職員,32歳,http://shugiin.go2senkyo.com/hirei/hokkaido/1/
船橋　利実,船橋利実,船橋,利実,自由民主党,北海道ブロック,,,57,https://twitter.com/t_funahashi,https://www.facebook.com/funahashi.toshimitsu,http://funahashi-toshimitsu.jp/,元道議,57歳,http://shugiin.go2senkyo.com/hirei/hokkaido/1/
山岡　達丸,山岡達丸,山岡,達丸,希望の党,北海道ブロック,,,38,,,http://tatumaru1979.blog.jp/,元沖北特理事,38歳,http://shugiin.go2senkyo.com/hirei/hokkaido/15/
本多　平直,本多平直,本多,平直,立憲民主党,北海道ブロック,,,53,https://twitter.com/pontapiranao,https://www.facebook.com/hondahiranao/,http://www.hiranao.com/,元首相補佐官,53歳,http://shugiin.go2senkyo.com/hirei/hokkaido/17/
池田　真紀,池田真紀,池田,真紀,立憲民主党,北海道ブロック,,,46,https://twitter.com/ikemakihonki,https://www.facebook.com/ikemakitsukuru/,http://ikemaki.jp/,社会福祉士,46歳,http://shugiin.go2senkyo.com/hirei/hokkaido/17/
神谷　裕,神谷裕,神谷,裕,立憲民主党,北海道ブロック,,,49,,,,元議員秘書,49歳,http://shugiin.go2senkyo.com/hirei/hokkaido/17/
佐藤　英道,佐藤英道,佐藤,英道,公明党,北海道ブロック,,,57,https://twitter.com/hidemichisato,https://www.facebook.com/hidemichi.sato.7,http://www.kmplan.net/usr/sato/,元農林水産大臣政務官,57歳,http://shugiin.go2senkyo.com/hirei/hokkaido/3/
山本　拓,山本拓,山本,拓,自由民主党,北陸信越ブロック,,,65,https://twitter.com/yamamoto_taku,https://www.facebook.com/takunetwork/,http://yamamototaku.jp/,福井県議会議員,65歳,http://shugiin.go2senkyo.com/hirei/hokurikushinetsu/1/
石崎　徹,石崎徹,石崎,徹,自由民主党,北陸信越ブロック,,,34,https://twitter.com/TohruIshizaki,https://www.facebook.com/ishizaki.tohru/,http://www.tohru-ishizaki.com/,元総務委理事,34歳,http://shugiin.go2senkyo.com/hirei/hokurikushinetsu/1/
斎藤　洋明,斎藤洋明,斎藤,洋明,自由民主党,北陸信越ブロック,,,41,https://twitter.com/saito_hiroaki_,https://www.facebook.com/saitohiroaki2,http://www.saitoh-hiroaki.jp/blog/?page_id=1531,農水委理事,41歳,http://shugiin.go2senkyo.com/hirei/hokurikushinetsu/1/
細田　健一,細田健一,細田,健一,自由民主党,北陸信越ブロック,,,53,https://twitter.com/hosoda_kenichi,https://www.facebook.com/profile.php?id=100008738145092i,http://hosoda-kenichi.jp/,元農水政務官,53歳,http://shugiin.go2senkyo.com/hirei/hokurikushinetsu/1/
務台　俊介,務台俊介,務台,俊介,自由民主党,北陸信越ブロック,,,61,https://twitter.com/mutaishunsuke,https://www.facebook.com/mutai.shunsuke,http://www.mutai-shunsuke.jp/,元内閣政務官,61歳,http://shugiin.go2senkyo.com/hirei/hokurikushinetsu/1/
近藤　和也,近藤和也,近藤,和也,希望の党,北陸信越ブロック,,,44,https://twitter.com/kondokazuya,https://www.facebook.com/kondokazuya3/,http://www.kondokazuya.com/,党県代表,44歳,http://shugiin.go2senkyo.com/hirei/hokurikushinetsu/15/
斉木　武志,斉木武志,斉木,武志,希望の党,北陸信越ブロック,,,44,,,,元ＮＨＫアナ,44歳,http://shugiin.go2senkyo.com/hirei/hokurikushinetsu/15/
松平　浩一,松平浩一,松平,浩一,立憲民主党,北陸信越ブロック,,,43,,,,弁護士,43歳,http://shugiin.go2senkyo.com/hirei/hokurikushinetsu/17/
山本　和嘉子,山本和嘉子,山本,和嘉子,立憲民主党,北陸信越ブロック,,,49,,,,参院議員秘書,49歳,http://shugiin.go2senkyo.com/hirei/hokurikushinetsu/17/
太田　昌孝,太田昌孝,太田,昌孝,公明党,北陸信越ブロック,,,56,https://twitter.com/ootamasataka,https://www.facebook.com/ota.masataka,http://www.m-oota.com/,党北陸信越方面副本部長,56歳,http://shugiin.go2senkyo.com/hirei/hokurikushinetsu/3/
藤野　保史,藤野保史,藤野,保史,日本共産党,北陸信越ブロック,,,48,https://twitter.com/FujinoFujinooo,https://www.facebook.com/fujino.yasufumi,http://www.fujino-yasufumi-jcp.net/,衆院議員１期,48歳,http://shugiin.go2senkyo.com/hirei/hokurikushinetsu/4/
中曽根　康隆,中曽根康隆,中曽根,康隆,自由民主党,北関東ブロック,,,36,https://twitter.com/yasutaka_nksn,https://www.facebook.com/nakasone0119/,http://yasu-nakasone.com/,元議員秘書,36歳,http://shugiin.go2senkyo.com/hirei/kitakanto/1/
神田　裕,神田裕,神田,裕,自由民主党,北関東ブロック,,,60,,,,自民党茨城県連事務局長,60歳,http://shugiin.go2senkyo.com/hirei/kitakanto/1/
永岡　桂子,永岡桂子,永岡,桂子,自由民主党,北関東ブロック,,,64,https://twitter.com/keiko_nagaoka,https://www.facebook.com/profile.php?id=100002781598616,http://keiko-nagaoka.jp/,文科委員長,64歳,http://shugiin.go2senkyo.com/hirei/kitakanto/1/
中根　一幸,中根一幸,中根,一幸,自由民主党,北関東ブロック,,,48,,https://www.facebook.com/%E8%87%AA%E7%94%B1%E6%B0%91%E4%B8%BB%E5%85%9A-%E4%B8%AD%E6%A0%B9%E3%81%8B%E3%81%9A%E3%82%86%E3%81%8D-232585887274980/,https://www.nakane-kazuyuki.com/,外務副大臣,48歳,http://shugiin.go2senkyo.com/hirei/kitakanto/1/
佐藤　明男,佐藤明男,佐藤,明男,自由民主党,北関東ブロック,,,66,,https://www.facebook.com/people/%E4%BD%90%E8%97%A4%E6%98%8E%E7%94%B7/100005578512549,,自民党栃木県連事務局長,66歳,http://shugiin.go2senkyo.com/hirei/kitakanto/1/
百武　公親,百武公親,百武,公親,自由民主党,北関東ブロック,,,56,,,,自民党埼玉県連事務局長,56歳,http://shugiin.go2senkyo.com/hirei/kitakanto/1/
牧原　秀樹,牧原秀樹,牧原,秀樹,自由民主党,北関東ブロック,,,47,https://twitter.com/hmakihara,https://www.facebook.com/HidekiMacky/,http://hmacky.net/,厚労副大臣,47歳,http://shugiin.go2senkyo.com/hirei/kitakanto/1/
浅野　哲,浅野哲,浅野,哲,希望の党,北関東ブロック,,,35,https://twitter.com/Asano__Satoshi,https://www.facebook.com/satoshi.asano.564,https://asanosatoshi.com/,衆院議員秘書,35歳,http://shugiin.go2senkyo.com/hirei/kitakanto/15/
青山　大人,青山大人,青山,大人,希望の党,北関東ブロック,,,39,https://twitter.com/aoyamayamato,https://www.facebook.com/aoyamayamatooffice/,http://www.aoyamayamato.net/,元県議,39歳,http://shugiin.go2senkyo.com/hirei/kitakanto/15/
小宮山　泰子,小宮山泰子,小宮山,泰子,希望の党,北関東ブロック,,,53,https://twitter.com/komiyama_yasko,https://www.facebook.com/yasko.komiyama?fref=ts,http://www.yasko.net/,元農水委員長,53歳,http://shugiin.go2senkyo.com/hirei/kitakanto/15/
森田　俊和,森田俊和,森田,俊和,希望の党,北関東ブロック,,,43,https://twitter.com/mori_morita,https://www.facebook.com/MORIMORI.MORITA.TOSHIKAZU,http://www.morita-toshikazu.com/,元県議,43歳,http://shugiin.go2senkyo.com/hirei/kitakanto/15/
大河原　雅子,大河原雅子,大河原,雅子,立憲民主党,北関東ブロック,,,65,,https://www.facebook.com/ookawaramasako/,https://ookawaramasako.com/,リベラル市民政治研究所代表,65歳,http://shugiin.go2senkyo.com/hirei/kitakanto/17/
堀越　啓仁,堀越啓仁,堀越,啓仁,立憲民主党,北関東ブロック,,,38,https://twitter.com/horikoshikeinin,https://www.facebook.com/horikoshi.keinin/,,作業療法士,38歳,http://shugiin.go2senkyo.com/hirei/kitakanto/17/
高木　錬太郎,高木錬太郎,高木,錬太郎,立憲民主党,北関東ブロック,,,45,,,,衆議員秘書,45歳,http://shugiin.go2senkyo.com/hirei/kitakanto/17/
長谷川　嘉一,長谷川嘉一,長谷川,嘉一,立憲民主党,北関東ブロック,,,65,https://twitter.com/HasegawaKaichi,https://www.facebook.com/hasegawakaichi/,http://hasegawa-kaichi.org/,元県議,65歳,http://shugiin.go2senkyo.com/hirei/kitakanto/17/
山川　百合子,山川百合子,山川,百合子,立憲民主党,北関東ブロック,,,48,,https://www.facebook.com/yuriko.yamakawa.35,http://www.yamakawa-yuriko.jp/,県議,48歳,http://shugiin.go2senkyo.com/hirei/kitakanto/17/
石井　啓一,石井啓一,石井,啓一,公明党,北関東ブロック,,,60,,,http://www.k1-ishii.com/,国土交通相,60歳,http://shugiin.go2senkyo.com/hirei/kitakanto/3/
岡本　三成,岡本三成,岡本,三成,公明党,北関東ブロック,,,53,https://twitter.com/OkamotoOffice,https://www.facebook.com/okamoto.office/,http://www.m-okamoto.jp/,外務大臣政務官,53歳,http://shugiin.go2senkyo.com/hirei/kitakanto/3/
塩川　鉄也,塩川鉄也,塩川,鉄也,日本共産党,北関東ブロック,,,56,https://twitter.com/ShiokawaTetsuya,https://www.facebook.com/shiokawa.jcp,http://www.shiokawa-tetsuya.jp/,衆院国対副委員長,56歳,http://shugiin.go2senkyo.com/hirei/kitakanto/4/
今村　雅弘,今村雅弘,今村,雅弘,自由民主党,九州ブロック,,,71,,https://www.facebook.com/profile.php?id=100004704792867,http://www.imamura-masahiro.com/,元復興相,71歳,http://shugiin.go2senkyo.com/hirei/kyushu/1/
園田　博之,園田博之,園田,博之,自由民主党,九州ブロック,,,76,,,http://sonoda-hiroyuki.com/,元官房副長官,76歳,http://shugiin.go2senkyo.com/hirei/kyushu/1/
宮路　拓馬,宮路拓馬,宮路,拓馬,自由民主党,九州ブロック,,,38,https://twitter.com/miyajitakuma,https://www.facebook.com/miyaji.takuma/,http://miyaji-takuma.com/,総務省職員,38歳,http://shugiin.go2senkyo.com/hirei/kyushu/1/
岩田　和親,岩田和親,岩田,和親,自由民主党,九州ブロック,,,44,https://twitter.com/Kazuchika_Iwata,https://www.facebook.com/KazuchikaIwataOfficial/,http://www.k-iwata.jp/,元佐賀県議会議員,44歳,http://shugiin.go2senkyo.com/hirei/kyushu/1/
国場　幸之助,国場幸之助,国場,幸之助,自由民主党,九州ブロック,,,45,https://twitter.com/kokubkonosuke,https://www.facebook.com/kokubakonosuke/,http://www.konosuke.com/,沖北特委理事,45歳,http://shugiin.go2senkyo.com/hirei/kyushu/1/
冨岡　勉,冨岡勉,冨岡,勉,自由民主党,九州ブロック,,,69,,https://www.facebook.com/tomioka2tom/,http://www.dream-nagasaki.jp/tomioka.php,元文科副大臣,69歳,http://shugiin.go2senkyo.com/hirei/kyushu/1/
古川　康,古川康,古川,康,自由民主党,九州ブロック,,,59,,https://www.facebook.com/55furukawa.yasushi,http://www.power-full.com/,元知事,59歳,http://shugiin.go2senkyo.com/hirei/kyushu/1/
中山　成彬,中山成彬,中山,成彬,希望の党,九州ブロック,,,75,https://twitter.com/nakayamanariaki,https://www.facebook.com/nakayamanariaki.official,http://nakayamanariaki.com/,元文部科学相,75歳,http://shugiin.go2senkyo.com/hirei/kyushu/15/
稲富　修二,稲富修二,稲富,修二,希望の党,九州ブロック,,,47,https://twitter.com/inatomi_office,https://www.facebook.com/inatomishuji/?fref=ts,http://inatomi.jp/,元経産委理事,47歳,http://shugiin.go2senkyo.com/hirei/kyushu/15/
城井　崇,城井崇,城井,崇,希望の党,九州ブロック,,,44,https://twitter.com/kiitakashi,https://www.facebook.com/takashi.kii,http://kiitaka.net/,元文科政務官,44歳,http://shugiin.go2senkyo.com/hirei/kyushu/15/
吉良　州司,吉良州司,吉良,州司,希望の党,九州ブロック,,,60,,,http://www.kirashuji.com/,元外務副大臣,60歳,http://shugiin.go2senkyo.com/hirei/kyushu/15/
山内　康一,山内康一,山内,康一,立憲民主党,九州ブロック,,,44,https://twitter.com/yamauchiko1,https://www.facebook.com/yamauchi.office/,http://www.kou1.info/,元ＮＧＯ職員,44歳,http://shugiin.go2senkyo.com/hirei/kyushu/17/
矢上　雅義,矢上雅義,矢上,雅義,立憲民主党,九州ブロック,,,57,,https://www.facebook.com/profile.php?id=100013662278466,,元相良村長,57歳,http://shugiin.go2senkyo.com/hirei/kyushu/17/
横光　克彦,横光克彦,横光,克彦,立憲民主党,九州ブロック,,,74,https://twitter.com/yokomitsu_oita3,https://www.facebook.com/pg/yokomitu10.22/about/,,俳優 環境副大臣 衆議院議員,74歳,http://shugiin.go2senkyo.com/hirei/kyushu/17/
江田　康幸,江田康幸,江田,康幸,公明党,九州ブロック,,,62,,https://www.facebook.com/edayasuyuki.official/,http://www.eda-yasuyuki.net/,元環境副大臣,62歳,http://shugiin.go2senkyo.com/hirei/kyushu/3/
遠山　清彦,遠山清彦,遠山,清彦,公明党,九州ブロック,,,49,https://twitter.com/kiyohiko_toyama,https://www.facebook.com/toyama.kiyohiko1,http://toyamakiyohiko.com/,党中央幹事,49歳,http://shugiin.go2senkyo.com/hirei/kyushu/3/
濵地　雅一,濵地雅一,濵地,雅一,公明党,九州ブロック,,,48,https://twitter.com/hamachi_m,https://www.facebook.com/hamachi.masakazu,http://www.hamachi-masakazu.net/,元外務大臣政務官,48歳,http://shugiin.go2senkyo.com/hirei/kyushu/3/
田村　貴昭,田村貴昭,田村,貴昭,日本共産党,九州ブロック,,,57,https://twitter.com/TAMURATAKAAKI,https://www.facebook.com/tamuratakaaki/,http://tamura-takaaki.com/,総務部会長,57歳,http://shugiin.go2senkyo.com/hirei/kyushu/4/
下地　幹郎,下地幹郎,下地,幹郎,日本維新の会,九州ブロック,,,56,https://twitter.com/mikioshimoji,https://www.facebook.com/ShimojiMikio/,http://www.mikio.gr.jp/,元郵政担当相,56歳,http://shugiin.go2senkyo.com/hirei/kyushu/5/
吉川　元,吉川元,吉川,元,社民党,九州ブロック,,,51,https://twitter.com/YoshikawaHajime,https://www.facebook.com/YoshikawaHajime.Oita/,http://yoshikawahajime.blog.fc2.com/,党政審会長,51歳,http://shugiin.go2senkyo.com/hirei/kyushu/6/
宮川　典子,宮川典子,宮川,典子,自由民主党,南関東ブロック,,,39,https://twitter.com/norikomiya,https://www.facebook.com/noriko.miyagawa.50,http://www.miyagawanoriko.com/,高等学校教員,39歳,http://shugiin.go2senkyo.com/hirei/minamikanto/1/
上野　宏史,上野宏史,上野,宏史,自由民主党,南関東ブロック,,,47,https://twitter.com/ueno_hiroshi,https://www.facebook.com/ueno.hiroshi.page,http://www.ueno-hiroshi.jp/,元衆議院議員,47歳,http://shugiin.go2senkyo.com/hirei/minamikanto/1/
木村　哲也,木村哲也,木村,哲也,自由民主党,南関東ブロック,,,48,,,http://tetsuya-kimura.com/,元県議,48歳,http://shugiin.go2senkyo.com/hirei/minamikanto/1/
中谷　真一,中谷真一,中谷,真一,自由民主党,南関東ブロック,,,41,https://twitter.com/nakatani80,https://www.facebook.com/nakatani80,https://nakatani.tv/,安保委理事,41歳,http://shugiin.go2senkyo.com/hirei/minamikanto/1/
中山　展宏,中山展宏,中山,展宏,自由民主党,南関東ブロック,,,49,https://twitter.com/norihiron,https://www.facebook.com/norihiro.nn,http://norihiro.org/,元内閣委理事,49歳,http://shugiin.go2senkyo.com/hirei/minamikanto/1/
山本　朋広,山本朋広,山本,朋広,自由民主党,南関東ブロック,,,43,https://twitter.com/＠ty_polepole,https://www.facebook.com/polepole.ty?fref=ts,http://yamamoto-tomohiro.com/,防衛副大臣・内閣府副大臣,43歳,http://shugiin.go2senkyo.com/hirei/minamikanto/1/
星野　剛士,星野剛士,星野,剛士,自由民主党,南関東ブロック,,,54,https://twitter.com/hossys,https://www.facebook.com/hoshinotv/?ref=nf&hc_ref=ARRD9UUScL65RCa0Tk2oRFtvcPsqt11Lz6ZiQlHG8j9KEre_sdzQcV1qU0OgYs3C5TE,https://t-stars.com/,元経産政務官,54歳,http://shugiin.go2senkyo.com/hirei/minamikanto/1/
三谷　英弘,三谷英弘,三谷,英弘,自由民主党,南関東ブロック,,,41,https://twitter.com/mitani_h,https://www.facebook.com/hidehiromitani?hc_ref=ARSEDetLengZLany4ZLSlH_prElttBOXfT_qsBqqiDk6Plbypm4Am4xbGeJYZcrWhDU,http://mitani-h.net/,弁護士,41歳,http://shugiin.go2senkyo.com/hirei/minamikanto/1/
田嶋　要,田嶋要,田嶋,要,希望の党,南関東ブロック,,,56,https://twitter.com/kanametajima,https://www.facebook.com/tajimakaname/,http://www.k-tajima.net/,元経産政務官,56歳,http://shugiin.go2senkyo.com/hirei/minamikanto/15/
奥野　総一郎,奥野総一郎,奥野,総一郎,希望の党,南関東ブロック,,,53,https://twitter.com/sokuno2,https://www.facebook.com/s.okuno2/,https://s-okuno.jp/,総務委理事,53歳,http://shugiin.go2senkyo.com/hirei/minamikanto/15/
本村　賢太郎,本村賢太郎,本村,賢太郎,希望の党,南関東ブロック,,,48,https://twitter.com/kentarou450417,https://www.facebook.com/motomura.kentarou/,http://k-motomura.jp/,国交委理事,48歳,http://shugiin.go2senkyo.com/hirei/minamikanto/15/
後藤　祐一,後藤祐一,後藤,祐一,希望の党,南関東ブロック,,,49,https://twitter.com/yuichi510510,https://www.facebook.com/gotojitsugen/?fref=ts,http://www.jitsugen.jp/,安保委理事,49歳,http://shugiin.go2senkyo.com/hirei/minamikanto/15/
岡島　一正,岡島一正,岡島,一正,立憲民主党,南関東ブロック,,,60,https://twitter.com/kazu_okajima,https://www.facebook.com/kazumasa.okajima,http://www.k-okajima.jp/,元決算委理事,60歳,http://shugiin.go2senkyo.com/hirei/minamikanto/17/
生方　幸夫,生方幸夫,生方,幸夫,立憲民主党,南関東ブロック,,,70,,https://www.facebook.com/%E7%94%9F%E6%96%B9%E5%B9%B8%E5%A4%AB-549802768388481/,http://www.ubu2.jp/,元環境副大臣,70歳,http://shugiin.go2senkyo.com/hirei/minamikanto/17/
宮川　伸,宮川伸,宮川,伸,立憲民主党,南関東ブロック,,,47,https://twitter.com/Shin1Miyakawa,https://www.facebook.com/shin.miyakawa.8/,http://smiyakawa.com/,元会社役員,47歳,http://shugiin.go2senkyo.com/hirei/minamikanto/17/
篠原　豪,篠原豪,篠原,豪,立憲民主党,南関東ブロック,,,43,https://twitter.com/go_shinohara,https://www.facebook.com/Go.Shinohara.Go,http://lets-go-yokohama.jp/,元横浜市議,43歳,http://shugiin.go2senkyo.com/hirei/minamikanto/17/
中谷　一馬,中谷一馬,中谷,一馬,立憲民主党,南関東ブロック,,,34,https://twitter.com/kazuma_nakatani,https://www.facebook.com/NakataniKazuma,http://kazumanakatani.com/,元県議,34歳,http://shugiin.go2senkyo.com/hirei/minamikanto/17/
富田　茂之,富田茂之,富田,茂之,公明党,南関東ブロック,,,64,,,http://www.shigeyuki-tomita.com/,党幹事長代理,64歳,http://shugiin.go2senkyo.com/hirei/minamikanto/3/
古屋　範子,古屋範子,古屋,範子,公明党,南関東ブロック,,,62,https://twitter.com/Noriko_Furuya,https://www.facebook.com/noriko.furuya.jp,http://www.furuya-noriko.com/,党副代表,62歳,http://shugiin.go2senkyo.com/hirei/minamikanto/3/
志位　和夫,志位和夫,志位,和夫,日本共産党,南関東ブロック,,,63,https://twitter.com/shiikazuo,,http://www.shii.gr.jp/,党幹部会委員長,63歳,http://shugiin.go2senkyo.com/hirei/minamikanto/4/
畑野　君枝,畑野君枝,畑野,君枝,日本共産党,南関東ブロック,,,61,https://twitter.com/hatanokimie,https://www.facebook.com/kimie.hatano.9,http://www.hatano-kimie.jp/,文部科学部会長・法務委員、党中央委員,61歳,http://shugiin.go2senkyo.com/hirei/minamikanto/4/
串田　誠一,串田誠一,串田,誠一,日本維新の会,南関東ブロック,,,60,,https://www.facebook.com/kushidaseiichi/,https://www.kushidaseiichi.com/,弁護士,60歳,http://shugiin.go2senkyo.com/hirei/minamikanto/5/
福井　照,福井照,福井,照,自由民主党,四国ブロック,,,64,,,http://www.fukuiteru.com/,国家公務員（建設省）,64歳,http://shugiin.go2senkyo.com/hirei/shikoku/1/
福山　守,福山守,福山,守,自由民主党,四国ブロック,,,65,,,http://fukuyama-mamoru.com/index.html,徳島県議会議長,65歳,http://shugiin.go2senkyo.com/hirei/shikoku/1/
山本　有二,山本有二,山本,有二,自由民主党,四国ブロック,,,66,,https://www.facebook.com/%E5%B1%B1%E6%9C%AC%E6%9C%89%E4%BA%8C%E4%BA%8B%E5%8B%99%E6%89%80-506878279395923/,http://www.yamamotoyuji.com/,党 財務委員長,66歳,http://shugiin.go2senkyo.com/hirei/shikoku/1/
小川　淳也,小川淳也,小川,淳也,希望の党,四国ブロック,,,47,https://twitter.com/junyaog,https://www.facebook.com/junbo.org/?fref=ts,http://www.junbo.org/,元総務政務官,47歳,http://shugiin.go2senkyo.com/hirei/shikoku/15/
武内　則男,武内則男,武内,則男,立憲民主党,四国ブロック,,,59,https://twitter.com/NorioKochi,https://www.facebook.com/norio.takeuchi.kochi/,http://takeuchi-norio.com/,高知市役所　高知市議会議員,59歳,http://shugiin.go2senkyo.com/hirei/shikoku/17/
石田　祝稔,石田祝稔,石田,祝稔,公明党,四国ブロック,,,66,https://twitter.com/ishidanoritoshi,https://www.facebook.com/noritoshi.ishida.komei/,http://www.komei.or.jp/km/ishida-noritoshi/,党政務調査会長,66歳,http://shugiin.go2senkyo.com/hirei/shikoku/3/
江渡　聡徳,江渡聡徳,江渡,聡徳,自由民主党,東北ブロック,,,62,https://twitter.com/ETO_Akinori,,http://eto-akinori.jp/index.html,社会福祉法人至誠会理事長,62歳,http://shugiin.go2senkyo.com/hirei/tohoku/1/
上杉　謙太郎,上杉謙太郎,上杉,謙太郎,自由民主党,東北ブロック,,,43,https://twitter.com/削除→ uesugi_kentaro,https://www.facebook.com/kentaro.uesugi,http://uesugi.fukushima.jp/,元議員秘書,43歳,http://shugiin.go2senkyo.com/hirei/tohoku/1/
亀岡　偉民,亀岡偉民,亀岡,偉民,自由民主党,東北ブロック,,,62,https://twitter.com/kameokayositami,https://www.facebook.com/yositamikameoka/,http://www.kameokayoshitami.com/,元復興政務官,62歳,http://shugiin.go2senkyo.com/hirei/tohoku/1/
高橋　比奈子,高橋比奈子,高橋,比奈子,自由民主党,東北ブロック,,,60,https://twitter.com/takahina7777,https://www.facebook.com/TakahashiHinako/,http://takahashihinako.jp/,元環境政務官,60歳,http://shugiin.go2senkyo.com/hirei/tohoku/1/
藤原　崇,藤原崇,藤原,崇,自由民主党,東北ブロック,,,34,https://twitter.com/iwate_fujiwara,https://www.facebook.com/takashi.fujiwara.iwate/,http://takasi.info/,復興特委理事,34歳,http://shugiin.go2senkyo.com/hirei/tohoku/1/
寺田　学,寺田学,寺田,学,希望の党,東北ブロック,,,41,https://twitter.com/teratamanabu,https://www.facebook.com/teratamanabu/,http://www.manabu.jp/,首相補佐官,41歳,http://shugiin.go2senkyo.com/hirei/tohoku/15/
緑川　貴士,緑川貴士,緑川,貴士,希望の党,東北ブロック,,,33,https://twitter.com/green_river15t,https://www.facebook.com/%E7%B7%91%E5%B7%9D%E3%81%9F%E3%81%8B%E3%81%97-353651984803963/,http://midori-kawa.jp/,元民放アナ,33歳,http://shugiin.go2senkyo.com/hirei/tohoku/15/
小熊　慎司,小熊慎司,小熊,慎司,希望の党,東北ブロック,,,50,https://twitter.com/oguma_shinji,https://www.facebook.com/shinji.oguma.5,http://oguma-s.com/,外務委理事,50歳,http://shugiin.go2senkyo.com/hirei/tohoku/15/
山﨑　誠,山﨑誠,山﨑,誠,立憲民主党,東北ブロック,,,55,https://twitter.com/yamazakimakoto,,http://www.yamazakimakoto.jp/,民主党神奈川県第8総支部長,55歳,http://shugiin.go2senkyo.com/hirei/tohoku/17/
阿久津　幸彦,阿久津幸彦,阿久津,幸彦,立憲民主党,東北ブロック,,,61,https://twitter.com/akutsuyukihiko,,https://ameblo.jp/piteq12345/,民主党東京24区総支部長,61歳,http://shugiin.go2senkyo.com/hirei/tohoku/17/
岡本 章子,岡本 章子,,,立憲民主党,東北ブロック,,,53,https://twitter.com/a_okamotooffice,https://www.facebook.com/okamotoakikoofficial/,http://okamotoakiko.net/,仙台市議,53歳,http://shugiin.go2senkyo.com/hirei/tohoku/17/
井上　義久,井上義久,井上,義久,公明党,東北ブロック,,,70,,,http://www.yoshihisa.gr.jp/,党幹事長,70歳,http://shugiin.go2senkyo.com/hirei/tohoku/3/
高橋　千鶴子,高橋千鶴子,高橋,千鶴子,日本共産党,東北ブロック,,,58,https://twitter.com/chiduko916,https://www.facebook.com/profile.php?id=100006085722650,http://www.chiduko.gr.jp/,党常任幹部会委員,58歳,http://shugiin.go2senkyo.com/hirei/tohoku/4/
池田　佳隆,池田佳隆,池田,佳隆,自由民主党,東海ブロック,,,52,https://twitter.com/ikeda_0620,https://www.facebook.com/yoshitaka.ikeda.902,http://ikeda-yoshitaka.jp/,元文科委理事,52歳,http://shugiin.go2senkyo.com/hirei/tokai/1/
大見　正,大見正,大見,正,自由民主党,東海ブロック,,,60,https://twitter.com/ohmisei,https://www.facebook.com/profile.php?id=100011041118044,http://www.geocities.jp/bnn00434/index.html,経産委理事,60歳,http://shugiin.go2senkyo.com/hirei/tokai/1/
勝俣　孝明,勝俣孝明,勝俣,孝明,自由民主党,東海ブロック,,,42,https://twitter.com/takaaki_katsu,https://www.facebook.com/people/Katsumata-Takaaki/100002449220587,http://www.t-katsumata.com/,消費者特理事,42歳,http://shugiin.go2senkyo.com/hirei/tokai/1/
川崎　二郎,川崎二郎,川崎,二郎,自由民主党,東海ブロック,,,70,,,http://www.kawasaki-jiro.ne.jp/,自民党三重県連会長,70歳,http://shugiin.go2senkyo.com/hirei/tokai/1/
神田　憲次,神田憲次,神田,憲次,自由民主党,東海ブロック,,,55,https://twitter.com/kanda_kenji_,https://www.facebook.com/KandaKenji21/,http://www.kanda-kenji.jp/,倫選特委理事,55歳,http://shugiin.go2senkyo.com/hirei/tokai/1/
鈴木　淳司,鈴木淳司,鈴木,淳司,自由民主党,東海ブロック,,,60,,https://www.facebook.com/suzuki.jyunji/,http://suzukaze.net/,党副幹事長,60歳,http://shugiin.go2senkyo.com/hirei/tokai/1/
八木　哲也,八木哲也,八木,哲也,自由民主党,東海ブロック,,,70,,https://www.facebook.com/yagi.aichi11?fref=ts,http://yagi-tetsuya.net/,党 経済産業部会副部会長,70歳,http://shugiin.go2senkyo.com/hirei/tokai/1/
田畑　毅,田畑毅,田畑,毅,自由民主党,東海ブロック,,,46,,https://www.facebook.com/tsuyoshi.tabata.39,http://www.tabata-tsuyoshi.jp/,元日銀行員,46歳,http://shugiin.go2senkyo.com/hirei/tokai/1/
今井　雅人,今井雅人,今井,雅人,希望の党,東海ブロック,,,56,https://twitter.com/imai_masato,https://www.facebook.com/masato.imai.7,http://www.imai-masato.com/,元民進党県代表,56歳,http://shugiin.go2senkyo.com/hirei/tokai/15/
源馬　謙太郎,源馬謙太郎,源馬,謙太郎,希望の党,東海ブロック,,,45,https://twitter.com/gemmakentaro,https://www.facebook.com/gemma.kentaro,http://gemma-kentaro.com/,元県議,45歳,http://shugiin.go2senkyo.com/hirei/tokai/15/
牧　義夫,牧義夫,牧,義夫,希望の党,東海ブロック,,,60,https://twitter.com/yoshiomaki758,https://www.facebook.com/maki.office/,http://makiyoshio.jp/,元厚労副大臣,60歳,http://shugiin.go2senkyo.com/hirei/tokai/15/
岡本　充功,岡本充功,岡本,充功,希望の党,東海ブロック,,,47,https://twitter.com/mitsunori_ok,https://www.facebook.com/okamotomitsunori/,http://www.mitsunori.net/,元厚労政務官,47歳,http://shugiin.go2senkyo.com/hirei/tokai/15/
関　健一郎,関健一郎,関,健一郎,希望の党,東海ブロック,,,39,,https://www.facebook.com/SekiKenichiro88,https://seki-kenichiro.jp/,元ＮＨＫ記者,39歳,http://shugiin.go2senkyo.com/hirei/tokai/15/
松田　功,松田功,松田,功,立憲民主党,東海ブロック,,,50,,,,衆議院議員赤松広隆秘書　西春町議会議員,50歳,http://shugiin.go2senkyo.com/hirei/tokai/17/
青山　雅幸,青山雅幸,青山,雅幸,立憲民主党,東海ブロック,,,55,https://twitter.com/my_fc1,https://www.facebook.com/m.aoyama.kouenkai/,https://www.aoyama-masayuki.com/,弁護士,55歳,http://shugiin.go2senkyo.com/hirei/tokai/17/
日吉　雄太,日吉雄太,日吉,雄太,立憲民主党,東海ブロック,,,49,https://twitter.com/YutaHiyoshi,https://www.facebook.com/hiyoshiyuta,http://www.hiyoshi-yuta.org/,公認会計士,49歳,http://shugiin.go2senkyo.com/hirei/tokai/17/
吉田　統彦,吉田統彦,吉田,統彦,立憲民主党,東海ブロック,,,43,https://twitter.com/yoshitune1aichi,https://www.facebook.com/profile.php?id=100006068624077&fref=ts,http://www.yoshitsune-kai.jp/,医師,43歳,http://shugiin.go2senkyo.com/hirei/tokai/17/
大口　善徳,大口善徳,大口,善徳,公明党,東海ブロック,,,62,,https://www.facebook.com/OguchiYoshinori/,http://www.oguchi.gr.jp/,党国会対策委員長,62歳,http://shugiin.go2senkyo.com/hirei/tokai/3/
伊藤　渉,伊藤渉,伊藤,渉,公明党,東海ブロック,,,48,https://twitter.com/ito_wataru,https://www.facebook.com/komei.itowataru/,http://www.ito-wataru.com/,党労働局長,48歳,http://shugiin.go2senkyo.com/hirei/tokai/3/
本村　伸子,本村伸子,本村,伸子,日本共産党,東海ブロック,,,45,https://twitter.com/motomura_nobuko,https://www.facebook.com/nobuko.motomura.3,http://motomura-nobuko.jp/,党准中央委員,45歳,http://shugiin.go2senkyo.com/hirei/tokai/4/
杉本　和巳,杉本和巳,杉本,和巳,日本維新の会,東海ブロック,,,57,https://twitter.com/sugichannet,https://www.facebook.com/s755507/,http://www.sugichan.net/,元経産委理事,57歳,http://shugiin.go2senkyo.com/hirei/tokai/5/
安藤　高夫,安藤高夫,安藤,高夫,自由民主党,東京ブロック,,,59,,https://www.facebook.com/takao.ando.395,https://ameblo.jp/ando-takao/,東京都医師会理事,59歳,http://shugiin.go2senkyo.com/hirei/tokyo/1/
小田原　潔,小田原潔,小田原,潔,自由民主党,東京ブロック,,,54,https://twitter.com/odawarakiyoshi,https://www.facebook.com/%E5%B0%8F%E7%94%B0%E5%8E%9F%E3%81%8D%E3%82%88%E3%81%97-319460971405607/,http://odawarakiyoshi.jp/,元外務政務官,54歳,http://shugiin.go2senkyo.com/hirei/tokyo/1/
越智　隆雄,越智隆雄,越智,隆雄,自由民主党,東京ブロック,,,54,https://twitter.com/ochitakao,https://www.facebook.com/takao.ochi,http://ochi-takao.jp/,内閣副大臣,54歳,http://shugiin.go2senkyo.com/hirei/tokyo/1/
山田　美樹,山田美樹,山田,美樹,自由民主党,東京ブロック,,,44,https://twitter.com/yamada_miki,https://www.facebook.com/mikiprofile,http://www.miki-yamada.com,党 NPO・NGO関係団体委員長,44歳,http://shugiin.go2senkyo.com/hirei/tokyo/1/
高木　啓,高木啓,高木,啓,自由民主党,東京ブロック,,,53,,https://www.facebook.com/Takagi.togi/,http://www.takagi-kei.com/,元都議,53歳,http://shugiin.go2senkyo.com/hirei/tokyo/1/
松本　文明,松本文明,松本,文明,自由民主党,東京ブロック,,,69,https://twitter.com/Matsumoto_7ku,https://www.facebook.com/matsumoto.fumiaki,http://www.f-matsumoto.net/,内閣副大臣,69歳,http://shugiin.go2senkyo.com/hirei/tokyo/1/
松原　仁,松原仁,松原,仁,希望の党,東京ブロック,,,61,https://twitter.com/matsubarajin731,https://www.facebook.com/matsubara.jin0731/?fref=ts,http://www.jin-m.com/,元拉致相,61歳,http://shugiin.go2senkyo.com/hirei/tokyo/15/
柿沢　未途,柿沢未途,柿沢,未途,希望の党,東京ブロック,,,47,https://twitter.com/310kakizawa,https://www.facebook.com/mito.kakizawa,http://www.310kakizawa.jp/,前党役員室長,47歳,http://shugiin.go2senkyo.com/hirei/tokyo/15/
伊藤　俊輔,伊藤俊輔,伊藤,俊輔,希望の党,東京ブロック,,,38,https://twitter.com/shunsuke_ishin,https://www.facebook.com/shunsuke.ishin,http://www.i-shunsuke.com/,会社役員,38歳,http://shugiin.go2senkyo.com/hirei/tokyo/15/
手塚　仁雄,手塚仁雄,手塚,仁雄,立憲民主党,東京ブロック,,,51,,https://www.facebook.com/t440com,http://www.t440.com/,元首相補佐官,51歳,http://shugiin.go2senkyo.com/hirei/tokyo/17/
初鹿　明博,初鹿明博,初鹿,明博,立憲民主党,東京ブロック,,,49,https://twitter.com/AkiHatsushika,https://www.facebook.com/akihiro.hatsushika,http://www.hatsushika.net/,元厚労委理事,49歳,http://shugiin.go2senkyo.com/hirei/tokyo/17/
末松　義規,末松義規,末松,義規,立憲民主党,東京ブロック,,,61,https://twitter.com/9999suematsu,https://www.facebook.com/people/Yoshinori-Suematsu/100008253606732,http://www.y-sue.net/,元復興副大臣,61歳,http://shugiin.go2senkyo.com/hirei/tokyo/17/
山花　郁夫,山花郁夫,山花,郁夫,立憲民主党,東京ブロック,,,51,https://twitter.com/yamahanaikuo,https://www.facebook.com/IkuoYamahana/,http://yamahanaikuo.com/,元法務副大臣,51歳,http://shugiin.go2senkyo.com/hirei/tokyo/17/
高木　陽介,高木陽介,高木,陽介,公明党,東京ブロック,,,58,,,http://www.takagi21.com/,党幹事長代理,58歳,http://shugiin.go2senkyo.com/hirei/tokyo/3/
高木　美智代,高木美智代,高木,美智代,公明党,東京ブロック,,,65,,https://www.facebook.com/michiyo.takagi.komei/,https://www.michiyo-t.com/,厚生労働副大臣,65歳,http://shugiin.go2senkyo.com/hirei/tokyo/3/
笠井　亮,笠井亮,笠井,亮,日本共産党,東京ブロック,,,65,https://twitter.com/akibacsi,https://www.facebook.com/akira.kasai1,http://www.kasai-akira.jp/,参院１期、党常任幹部会委員,65歳,http://shugiin.go2senkyo.com/hirei/tokyo/4/
宮本　徹,宮本徹,宮本,徹,日本共産党,東京ブロック,,,46,https://twitter.com/miyamototooru,https://www.facebook.com/miyamototooru.jcp,http://miyamototooru.info/,党政策委員会副責任者,46歳,http://shugiin.go2senkyo.com/hirei/tokyo/4/
