熊田　裕通,熊田裕通,熊田,裕通,自民,愛知県 1区,,,53,https://twitter.com/kumadahiromichi,https://www.facebook.com/kumadahiromichi/,https://www.kumada-hiromichi.com/,元防衛政務官,53歳,http://shugiin.go2senkyo.com/aichi/01/
古川　元久,古川元久,古川,元久,希望,愛知県 2区,,,52,https://twitter.com/Fullgen,https://www.facebook.com/FurukawaMotohisa/,https://www.furukawa.cc/,元国家戦略相,52歳,http://shugiin.go2senkyo.com/aichi/02/
近藤　昭一,近藤昭一,近藤,昭一,立民,愛知県 3区,,,60,https://twitter.com/kondo_shoichi,https://www.facebook.com/kondo.shoichi.giin/,https://www.kon-chan.org/,党副代表,60歳,http://shugiin.go2senkyo.com/aichi/03/
工藤　彰三,工藤彰三,工藤,彰三,自民,愛知県 4区,,,53,https://twitter.com/kudoshozo,https://www.facebook.com/kudoshozo/,http://www.kudoshozo.jp/,災害特委理事,53歳,http://shugiin.go2senkyo.com/aichi/04/
赤松　広隆,赤松広隆,赤松,広隆,立民,愛知県 5区,,,70,https://twitter.com/rikken_akamatsu,,http://go-akamatsu.com/,前衆院副議長,70歳,http://shugiin.go2senkyo.com/aichi/05/
丹羽　秀樹,丹羽秀樹,丹羽,秀樹,自民,愛知県 6区,,,45,https://twitter.com/niwahideki,https://www.facebook.com/niwahideki/,http://www.2wa.jp/,文科副大臣,45歳,http://shugiin.go2senkyo.com/aichi/06/
山尾　志桜里,山尾志桜里,山尾,志桜里,無所属,愛知県 7区,,,43,https://twitter.com/ShioriYamao,https://www.facebook.com/yamaoshiori,https://www.yamaoshiori.jp/,前党政調会長,43歳,http://shugiin.go2senkyo.com/aichi/07/
伊藤　忠彦,伊藤忠彦,伊藤,忠彦,自民,愛知県 8区,,,53,https://twitter.com/tadahiko_itoh,https://www.facebook.com/tadahikoitoh1101/,https://tadahiko-itoh.com/,環境副大臣,53歳,http://shugiin.go2senkyo.com/aichi/08/
長坂　康正,長坂康正,長坂,康正,自民,愛知県 9区,,,61,,https://www.facebook.com/profile.php?id=100013574418670,http://nagasakayasumasa.mie1.net/,内閣政務官,61歳,http://shugiin.go2senkyo.com/aichi/09/
江崎　鉄磨,江崎鉄磨,江崎,鉄磨,自民,愛知県 10区,,,74,,https://www.facebook.com/profile.php?id=100022408416948,http://www.tetsuma-net.com/,沖縄北方相,74歳,http://shugiin.go2senkyo.com/aichi/10/
古本　伸一郎,古本伸一郎,古本,伸一郎,希望,愛知県 11区,,,53,https://twitter.com/furumoto_s11,https://www.facebook.com/furumoto.shinichiro,https://s-furumoto.net/,元財務政務官,53歳,http://shugiin.go2senkyo.com/aichi/11/
重徳　和彦,重徳和彦,重徳,和彦,無所属,愛知県 12区,,,47,https://twitter.com/shigetoku2,https://www.facebook.com/kazuhiko.shigetoku,https://www.shigetoku.jp/,災害特委理事,47歳,http://shugiin.go2senkyo.com/aichi/12/
大西　健介,大西健介,大西,健介,希望,愛知県 13区,,,47,https://twitter.com/oniken0024,https://www.facebook.com/kensuke.onishi1,http://www.oniken-web.jp/,予算委理事,47歳,http://shugiin.go2senkyo.com/aichi/13/
今枝　宗一郎,今枝宗一郎,今枝,宗一郎,自民,愛知県 14区,,,34,https://twitter.com/imaeda_soichiro,https://www.facebook.com/soichiro.imaeda,http://www.imaeda-sou.com/,財務政務官,34歳,http://shugiin.go2senkyo.com/aichi/14/
根本　幸典,根本幸典,根本,幸典,自民,愛知県 15区,,,53,https://twitter.com/nemotoyukinori,https://www.facebook.com/yukinori.nemoto,http://www.nemotoyukinori.jp/,元国交政務官,53歳,http://shugiin.go2senkyo.com/aichi/15/
冨樫　博之,冨樫博之,冨樫,博之,自民,秋田県 1区,,,63,https://twitter.com/hiroyukitogash,https://www.facebook.com/togashihiroyuki,http://www.togachan.jp/,元総務政務官,63歳,http://shugiin.go2senkyo.com/akita/01/
金田　勝年,金田勝年,金田,勝年,自民,秋田県 2区,,,68,,https://www.facebook.com/kaneda.katsutoshi,http://www.kaneda-k.com/,前法相,68歳,http://shugiin.go2senkyo.com/akita/02/
御法川　信英,御法川信英,御法川,信英,自民,秋田県 3区,,,54,https://twitter.com/minorikawa_nobu,https://www.facebook.com/minorikawa.nobu,http://minorikawa.jp/,財金委員長,54歳,http://shugiin.go2senkyo.com/akita/03/
津島　淳,津島淳,津島,淳,自民,青森県 1区,,,51,https://twitter.com/tsushimajun,https://www.facebook.com/%E6%B4%A5%E5%B3%B6%E6%B7%B3%E4%BA%8B%E5%8B%99%E6%89%80-1532696190310099/,http://juntu.web.fc2.com/,元国交政務官,51歳,http://shugiin.go2senkyo.com/aomori/01/
大島　理森,大島理森,大島,理森,自民,青森県 2区,,,71,https://twitter.com/tadamori_oshima,https://www.facebook.com/morry.hachinohe/,http://www.morry.jp/index.html,衆院議長,71歳,http://shugiin.go2senkyo.com/aomori/02/
木村　次郎,木村次郎,木村,次郎,自民,青森県 3区,,,50,https://twitter.com/jiro_k_tsugaru,https://www.facebook.com/%E6%9C%A8%E6%9D%91%E6%AC%A1%E9%83%8E-496412380692421/,http://www.jiro-k.jp/,元青森県職員,50歳,http://shugiin.go2senkyo.com/aomori/03/
門山　宏哲,門山宏哲,門山,宏哲,自民,千葉県 1区,,,53,,https://www.facebook.com/kadoyama.hiroaki?fref=ts,http://www.kadoyama.net/,弁護士,53歳,http://shugiin.go2senkyo.com/chiba/01/
小林　鷹之,小林鷹之,小林,鷹之,自民,千葉県 2区,,,43,https://twitter.com/kobahawk,https://www.facebook.com/hawk.kobayashi/,http://www.kobayashi-takayuki.jp/,元防衛政務官,43歳,http://shugiin.go2senkyo.com/chiba/02/
松野　博一,松野博一,松野,博一,自民,千葉県 3区,,,55,,https://www.facebook.com/%E6%9D%BE%E9%87%8E%E5%8D%9A%E4%B8%80-326565974070639/?fref=ts,http://www.hiro-matsuno.net/,前文部科学相,55歳,http://shugiin.go2senkyo.com/chiba/03/
野田　佳彦,野田佳彦,野田,佳彦,無所属,千葉県 4区,,,61,https://twitter.com/NODAYOSHI55,https://www.facebook.com/%E9%87%8E%E7%94%B0-%E4%BD%B3%E5%BD%A6-Yoshihiko-Noda-256174907747067/?fref=ts,https://www.nodayoshi.gr.jp/,党幹事長,61歳,http://shugiin.go2senkyo.com/chiba/04/
薗浦　健太郎,薗浦健太郎,薗浦,健太郎,自民,千葉県 5区,,,46,https://twitter.com/sonourakentaro,https://www.facebook.com/sonokenn/,http://www.sonoken.org/,首相補佐官,46歳,http://shugiin.go2senkyo.com/chiba/05/
渡辺　博道,渡辺博道,渡辺,博道,自民,千葉県 6区,,,67,,https://www.facebook.com/hiromichi.watanabe.524?hc_ref=ARSLJUwDS72zto6zS0QlNrke0VytrqY68GZ6g7nWcS9dHbhCWkDgJqISSk7NxqoTGRQ,http://www.hiromichi21.com/,元経産副大臣,67歳,http://shugiin.go2senkyo.com/chiba/06/
斎藤　健,斎藤健,斎藤,健,自民,千葉県 7区,,,59,https://twitter.com/saitou_ken,,https://www.saito-ken.jp/,農林水産相,59歳,http://shugiin.go2senkyo.com/chiba/07/
桜田　義孝,桜田義孝,桜田,義孝,自民,千葉県 8区,,,68,,https://www.facebook.com/yoshitaka.sakurada,http://sakurada-yoshitaka.jp/,元文科副大臣,68歳,http://shugiin.go2senkyo.com/chiba/08/
秋本　真利,秋本真利,秋本,真利,自民,千葉県 9区,,,42,https://twitter.com/akimoto_chiba9,,http://akimotomasatoshi.com/,国交政務官,42歳,http://shugiin.go2senkyo.com/chiba/09/
林　幹雄,林幹雄,林,幹雄,自民,千葉県 10区,,,71,,,http://www.hayashimotoo.jp/,前経済産業相,71歳,http://shugiin.go2senkyo.com/chiba/10/
森　英介,森英介,森,英介,自民,千葉県 11区,,,69,,,http://www.morieisuke.com/,憲法審査会長,69歳,http://shugiin.go2senkyo.com/chiba/11/
浜田　靖一,浜田靖一,浜田,靖一,自民,千葉県 12区,,,62,,,http://www.office-hamada.jp/,予算委員長,62歳,http://shugiin.go2senkyo.com/chiba/12/
白須賀　貴樹,白須賀貴樹,白須賀,貴樹,自民,千葉県 13区,,,43,,https://www.facebook.com/profile.php?id=100006715721289&fref=ts,http://shirasuka-takaki.com/,経産委理事,43歳,http://shugiin.go2senkyo.com/chiba/13/
塩崎　恭久,塩崎恭久,塩崎,恭久,自民,愛媛県 1区,,,67,https://twitter.com/yasu_shio,https://www.facebook.com/shiozakiyasuhisa,https://www.y-shiozaki.or.jp/,前厚生労働相,67歳,http://shugiin.go2senkyo.com/ehime/01/
村上　誠一郎,村上誠一郎,村上,誠一郎,自民,愛媛県 2区,,,66,,https://www.facebook.com/murakamiseiichiro,https://sei-murakami.jp/,元行政改革相,66歳,http://shugiin.go2senkyo.com/ehime/02/
白石　洋一,白石洋一,白石,洋一,希望,愛媛県 3区,,,54,https://twitter.com/shiraishiyoichi,https://www.facebook.com/yoichi.shiraishi.1,http://www.shiraishi.cc/,党県副代表,54歳,http://shugiin.go2senkyo.com/ehime/03/
山本　公一,山本公一,山本,公一,自民,愛媛県 4区,,,70,,https://www.facebook.com/koichi.y.uwajima,http://www.netwave.or.jp/~kochan-y/,前環境相,70歳,http://shugiin.go2senkyo.com/ehime/04/
稲田　朋美,稲田朋美,稲田,朋美,自民,福井県 1区,,,59,,https://www.facebook.com/tomomi.inada.5,http://www.inada-tomomi.com/,元防衛相,59歳,http://shugiin.go2senkyo.com/fukui/01/
高木　毅,高木毅,高木,毅,自民,福井県 2区,,,62,,https://www.facebook.com/%E9%AB%98%E6%9C%A8%E3%81%A4%E3%82%88%E3%81%97%E6%94%AF%E6%8F%B4%E3%81%AE%EF%BD%97%EF%BD%81-732835663451367/,http://www.takagitsuyoshi.com/,元復興相,62歳,http://shugiin.go2senkyo.com/fukui/02/
井上　貴博,井上貴博,井上,貴博,自民,福岡県 1区,,,56,,https://www.facebook.com/inouetakahirojimusho,http://inouetakahiro.jp/,自民党国会対策副委員長,56歳,http://shugiin.go2senkyo.com/fukuoka/01/
鬼木　誠,鬼木誠,鬼木,誠,自民,福岡県 2区,,,45,,https://www.facebook.com/office.onikidon/,https://www.onikidon.com/,元環境政務官,45歳,http://shugiin.go2senkyo.com/fukuoka/02/
古賀　篤,古賀篤,古賀,篤,自民,福岡県 3区,,,45,https://twitter.com/kogaatsushi,https://www.facebook.com/kogaatsushi03/,http://kogaatsushi.com/,元総務政務官,45歳,http://shugiin.go2senkyo.com/fukuoka/03/
宮内　秀樹,宮内秀樹,宮内,秀樹,自民,福岡県 4区,,,55,https://twitter.com/MiyauchiHideki,https://www.facebook.com/MiyauchiHideki,https://miyauchihideki.jp/,元国交政務官,55歳,http://shugiin.go2senkyo.com/fukuoka/04/
原田　義昭,原田義昭,原田,義昭,自民,福岡県 5区,,,73,https://twitter.com/yoshiaki_harada,https://www.facebook.com/Harada4192/?fref=ts,https://chikushino.jimdo.com/,元文部科学副大臣,73歳,http://shugiin.go2senkyo.com/fukuoka/05/
鳩山　二郎,鳩山二郎,鳩山,二郎,自民,福岡県 6区,,,39,https://twitter.com/HatoyamaJiro,https://www.facebook.com/%E9%B3%A9%E5%B1%B1-%E4%BA%8C%E9%83%8E-611761022337730/,https://www.hatoyamajiro.com/,元大川市長,39歳,http://shugiin.go2senkyo.com/fukuoka/06/
藤丸　敏,藤丸敏,藤丸,敏,自民,福岡県 7区,,,58,,https://www.facebook.com/fujimaru.satoshi/,http://www.fujimaru-satoshi.net/,元防衛政務官,58歳,http://shugiin.go2senkyo.com/fukuoka/07/
麻生　太郎,麻生太郎,麻生,太郎,自民,福岡県 8区,,,77,,https://www.facebook.com/%E9%BA%BB%E7%94%9F-%E5%A4%AA%E9%83%8E-223549501015740/?fref=ts,http://www.aso-taro.jp/,副総理,77歳,http://shugiin.go2senkyo.com/fukuoka/08/
三原　朝彦,三原朝彦,三原,朝彦,自民,福岡県 9区,,,71,https://twitter.com/MiharaAsahiko,https://www.facebook.com/asahiko.mihara?ref=tn_tnmn,http://www.mihara.gr.jp/index.html#!/,原子力特委長,71歳,http://shugiin.go2senkyo.com/fukuoka/09/
山本　幸三,山本幸三,山本,幸三,自民,福岡県 10区,,,69,https://twitter.com/‎yamamotogiin,https://www.facebook.com/yamamotokozogiin,http://www.yamamotokozo.com/,前地方創生相,69歳,http://shugiin.go2senkyo.com/fukuoka/10/
武田　良太,武田良太,武田,良太,自民,福岡県 11区,,,50,,,https://www.ryota.gr.jp/,元防衛副大臣,50歳,http://shugiin.go2senkyo.com/fukuoka/11/
金子　恵美,金子恵美,金子,恵美,無所属,福島県 1区,,,52,https://twitter.com/kaneko_emi_,https://www.facebook.com/kaneko.emi.fukushima,http://kaneko-emi.com/,元復興政務官,52歳,http://shugiin.go2senkyo.com/fukushima/01/
根本　匠,根本匠,根本,匠,自民,福島県 2区,,,67,,https://www.facebook.com/Nemoto.Official/,https://www.t-nemoto.com/,元復興相,67歳,http://shugiin.go2senkyo.com/fukushima/02/
玄葉　光一郎,玄葉光一郎,玄葉,光一郎,無所属,福島県 3区,,,54,,,http://www.kgemba.com/,元外相,54歳,http://shugiin.go2senkyo.com/fukushima/03/
菅家　一郎,菅家一郎,菅家,一郎,自民,福島県 4区,,,63,https://twitter.com/kanke_ichirou,https://www.facebook.com/ichiro.kanke/,https://kanke-ichiro.jp/,元市長,63歳,http://shugiin.go2senkyo.com/fukushima/04/
吉野　正芳,吉野正芳,吉野,正芳,自民,福島県 5区,,,69,,https://www.facebook.com/yoshinoouen/,http://www.myoshino.com/,復興相,69歳,http://shugiin.go2senkyo.com/fukushima/05/
野田　聖子,野田聖子,野田,聖子,自民,岐阜県 1区,,,57,https://twitter.com/noda_seiko93,https://www.facebook.com/noda.seiko,http://www.noda-seiko.gr.jp/,総務相,57歳,http://shugiin.go2senkyo.com/gifu/01/
棚橋　泰文,棚橋泰文,棚橋,泰文,自民,岐阜県 2区,,,55,,,https://www.tanahashi-yasufumi.com/,元科学技術相,55歳,http://shugiin.go2senkyo.com/gifu/02/
武藤　容治,武藤容治,武藤,容治,自民,岐阜県 3区,,,62,https://twitter.com/mutouyouji,https://www.facebook.com/mutou.youji,http://www.mutou-youji.jp/,経産副大臣,62歳,http://shugiin.go2senkyo.com/gifu/03/
金子　俊平,金子俊平,金子,俊平,自民,岐阜県 4区,,,40,,https://www.facebook.com/kanekosyunpei.gifu/,https://kanekosyunpei.jimdo.com/,衆議院議員秘書,40歳,http://shugiin.go2senkyo.com/gifu/04/
古屋　圭司,古屋圭司,古屋,圭司,自民,岐阜県 5区,,,65,https://twitter.com/Furuya_keiji,https://www.facebook.com/furuyakeiji,http://www.furuya-keiji.jp/,前党選対委長,65歳,http://shugiin.go2senkyo.com/gifu/05/
尾身　朝子,尾身朝子,尾身,朝子,自民,群馬県 1区,,,57,,https://www.facebook.com/AsakoOmi.jp/,https://asako-omi.jp/,ＮＰＯ役員,57歳,http://shugiin.go2senkyo.com/gunma/01/
井野　俊郎,井野俊郎,井野,俊郎,自民,群馬県 2区,,,38,,https://www.facebook.com/ino.toshiro,http://www.inooffice.jp/,元法務政務官,38歳,http://shugiin.go2senkyo.com/gunma/02/
笹川　博義,笹川博義,笹川,博義,自民,群馬県 3区,,,51,,https://www.facebook.com/hirohiro.genki.sasagawa,http://www.sasagawa-hiroyoshi.com/,環境政務官,51歳,http://shugiin.go2senkyo.com/gunma/03/
福田　達夫,福田達夫,福田,達夫,自民,群馬県 4区,,,51,https://twitter.com/TatsuoFukuda,https://www.facebook.com/tatsuo.fukuda.page/,http://tatsuo-f.jp/,防衛政務官,51歳,http://shugiin.go2senkyo.com/gunma/04/
小渕　優子,小渕優子,小渕,優子,自民,群馬県 5区,,,44,,,http://www.obuchiyuko.com/,元経済産業相,44歳,http://shugiin.go2senkyo.com/gunma/05/
岸田　文雄,岸田文雄,岸田,文雄,自民,広島県 1区,,,60,,https://www.facebook.com/kishdafumio,http://www.kishida.gr.jp/,党政調会長,60歳,http://shugiin.go2senkyo.com/hiroshima/01/
平口　洋,平口洋,平口,洋,自民,広島県 2区,,,69,,https://www.facebook.com/%E5%B9%B3%E5%8F%A3%E3%81%B2%E3%82%8D%E3%81%97-754792087935566/,http://www.hiraguchi.com/,元環境副大臣,69歳,http://shugiin.go2senkyo.com/hiroshima/02/
河井　克行,河井克行,河井,克行,自民,広島県 3区,,,55,https://twitter.com/katsukawai,https://www.facebook.com/kawaikatsuyuki/,http://www.kawaikatsuyuki.com/,元首相補佐官,55歳,http://shugiin.go2senkyo.com/hiroshima/03/
新谷　正義,新谷正義,新谷,正義,自民,広島県 4区,,,43,,https://www.facebook.com/shintani.officialpage/,https://www.shintani-m.jp/index.html,医療法人理事長,43歳,http://shugiin.go2senkyo.com/hiroshima/04/
寺田　稔,寺田稔,寺田,稔,自民,広島県 5区,,,60,https://twitter.com/terada124,https://www.facebook.com/teradaminoru,http://www.teradaminoru.com/index.php,元内閣副大臣,60歳,http://shugiin.go2senkyo.com/hiroshima/05/
佐藤　公治,佐藤公治,佐藤,公治,希望,広島県 6区,,,58,https://twitter.com/kouji_satou,https://www.facebook.com/kouj.sato/,http://www.satoukouji.com/,前参議院議員,58歳,http://shugiin.go2senkyo.com/hiroshima/06/
小林　史明,小林史明,小林,史明,自民,広島県 7区,,,35,https://twitter.com/kb2474,https://www.facebook.com/fumiaki.kobayashi0408,https://fumiaki-kobayashi.jp/,総務政務官,35歳,http://shugiin.go2senkyo.com/hiroshima/07/
道下　大樹,道下大樹,道下,大樹,立民,北海道 1区,,,42,https://twitter.com/michishitadaiki,https://www.facebook.com/michishitadaiki/,https://www.michishita-daiki.jp/,道議,42歳,http://shugiin.go2senkyo.com/hokkaido/01/
吉川　貴盛,吉川貴盛,吉川,貴盛,自民,北海道 2区,,,67,https://twitter.com/takamori_yoshi,https://www.facebook.com/takamori.yoshikawa/posts/1151558608283964,http://tyoshikawa.com/,元農水副大臣,67歳,http://shugiin.go2senkyo.com/hokkaido/02/
荒井　聡,荒井聡,荒井,聡,立民,北海道 3区,,,72,https://twitter.com/SatoshiSatoshiA,https://www.facebook.com/Satoshi.Arai21/,https://www.arai21.net/,元国家戦略相,72歳,http://shugiin.go2senkyo.com/hokkaido/03/
中村　裕之,中村裕之,中村,裕之,自民,北海道 4区,,,57,https://twitter.com/nakamurahiro3,https://www.facebook.com/hiroyuki.nakamura.1466126,http://www.hiro-nakamura.jp/,安保委理事,57歳,http://shugiin.go2senkyo.com/hokkaido/04/
和田　義明,和田義明,和田,義明,自民,北海道 5区,,,46,https://twitter.com/ywada_hokkaido5,https://www.facebook.com/wadayoshiaki5/,http://yoshiakiwada.com/,元商社員,46歳,http://shugiin.go2senkyo.com/hokkaido/05/
佐々木　隆博,佐々木隆博,佐々木,隆博,立民,北海道 6区,,,69,https://twitter.com/sasaki_stop_tpp,https://www.facebook.com/takahiro.sasaki.54966?fref=ts,http://www.sasaki-takahiro.jp/,元農水副大臣,69歳,http://shugiin.go2senkyo.com/hokkaido/06/
伊東　良孝,伊東良孝,伊東,良孝,自民,北海道 7区,,,69,,https://www.facebook.com/itoyoshitaka07,http://ito-yoshitaka.jp/,元農水副大臣,69歳,http://shugiin.go2senkyo.com/hokkaido/07/
逢坂　誠二,逢坂誠二,逢坂,誠二,無所属,北海道 8区,,,59,https://twitter.com/seiji_ohsaka,https://www.facebook.com/ohsakaseiji,http://ohsaka.jp/,元首相補佐官,59歳,http://shugiin.go2senkyo.com/hokkaido/08/
堀井　学,堀井学,堀井,学,自民,北海道 9区,,,46,,https://www.facebook.com/jimusyo.horiimanabu,https://horiimanabu.jp/,外務政務官,46歳,http://shugiin.go2senkyo.com/hokkaido/09/
稲津　久,稲津久,稲津,久,公明,北海道 10区,,,60,https://twitter.com/InatsuHisashi,https://www.facebook.com/inatsu.news,http://www.inatsu.com/,元農水政務官,60歳,http://shugiin.go2senkyo.com/hokkaido/10/
石川　香織,石川香織,石川,香織,立民,北海道 11区,,,34,https://twitter.com/ishikawakaori11,https://www.facebook.com/kaori.ishikawa.tokachi/,http://ishikawa-kaori.jp/,元民法アナ,34歳,http://shugiin.go2senkyo.com/hokkaido/11/
武部　新,武部新,武部,新,自民,北海道 12区,,,47,https://twitter.com/takebearata,https://www.facebook.com/TakebeArata.12/,https://takebe-arata.com/,環境政務官,47歳,http://shugiin.go2senkyo.com/hokkaido/12/
盛山　正仁,盛山正仁,盛山,正仁,自民,兵庫県 1区,,,64,https://twitter.com/moriyamamasahit,https://www.facebook.com/moriyama.masahito?fref=ts,http://www.moriyama-hashiru.jp/,元法務副大臣,64歳,http://shugiin.go2senkyo.com/hyogo/01/
赤羽　一嘉,赤羽一嘉,赤羽,一嘉,公明,兵庫県 2区,,,60,https://twitter.com/AKBhyogo2ku,https://www.facebook.com/akabakazuyoshi/,https://www.akaba-now.com/,元経産副大臣,60歳,http://shugiin.go2senkyo.com/hyogo/02/
関　芳弘,関芳弘,関,芳弘,自民,兵庫県 3区,,,53,https://twitter.com/sekiyoshihiro,https://www.facebook.com/sekiyoshihiro/,http://3ku-seki.com/,元環境副大臣,53歳,http://shugiin.go2senkyo.com/hyogo/03/
藤井　比早之,藤井比早之,藤井,比早之,自民,兵庫県 4区,,,46,https://twitter.com/FujiiHisayuki,https://www.facebook.com/FujiiHisayuki,http://fujiihisayuki.jp/,元国交政務官,46歳,http://shugiin.go2senkyo.com/hyogo/04/
谷　公一,谷公一,谷,公一,自民,兵庫県 5区,,,66,,https://www.facebook.com/profile.php?id=100004153819189,https://www.tanikouichi.jp/,元復興副大臣,66歳,http://shugiin.go2senkyo.com/hyogo/05/
大串　正樹,大串正樹,大串,正樹,自民,兵庫県 6区,,,52,https://twitter.com/Ogushi_Masaki,https://www.facebook.com/masaki.ogushi,http://m-ogushi.com/,経産政務官,52歳,http://shugiin.go2senkyo.com/hyogo/06/
山田　賢司,山田賢司,山田,賢司,自民,兵庫県 7区,,,52,https://twitter.com/Ymd_Knj,https://www.facebook.com/kenji.yamada.54,http://www.yamada-kenji.com/,財金委理事,52歳,http://shugiin.go2senkyo.com/hyogo/07/
中野　洋昌,中野洋昌,中野,洋昌,公明,兵庫県 8区,,,40,https://twitter.com/Hiro_NAKANO_,https://www.facebook.com/nakanohiromasa.office,http://www.nakano-hiromasa.com/,原子力特理事,40歳,http://shugiin.go2senkyo.com/hyogo/08/
西村　康稔,西村康稔,西村,康稔,自民,兵庫県 9区,,,55,https://twitter.com/nishy03,https://www.facebook.com/yasutoshi.nisimura,http://www.yasutoshi.jp/,官房副長官,55歳,http://shugiin.go2senkyo.com/hyogo/09/
渡海　紀三朗,渡海紀三朗,渡海,紀三朗,自民,兵庫県 10区,,,70,https://twitter.com/tokaikisaburo,https://www.facebook.com/kisaburo.tokai?fref=ts,https://www.kisaburo.net/,元文部科学相,70歳,http://shugiin.go2senkyo.com/hyogo/10/
松本　剛明,松本剛明,松本,剛明,自民,兵庫県 11区,,,59,,https://www.facebook.com/%E6%9D%BE%E6%9C%AC-%E3%81%9F%E3%81%91%E3%81%82%E3%81%8D-211674492334258/,http://www.m-takeaki.jp/,元外相,59歳,http://shugiin.go2senkyo.com/hyogo/11/
山口　壮,山口壮,山口,壮,自民,兵庫県 12区,,,63,https://twitter.com/244yamaguchi,https://www.facebook.com/244yamaguchi,http://www.mission21.gr.jp/,安保委員長,63歳,http://shugiin.go2senkyo.com/hyogo/12/
田所　嘉徳,田所嘉徳,田所,嘉徳,自民,茨城県 1区,,,64,https://twitter.com/tadokoro_yoshi,https://www.facebook.com/tadokoroyoshi,http://tadokoro.moon.bindcloud.jp/,元法務政務官,64歳,http://shugiin.go2senkyo.com/ibaraki/01/
額賀　福志郎,額賀福志郎,額賀,福志郎,自民,茨城県 2区,,,74,,https://www.facebook.com/profile.php?id=100014169152607&fref=ts,http://www.nukaga-fukushiro.jp/,元財務相,74歳,http://shugiin.go2senkyo.com/ibaraki/02/
葉梨　康弘,葉梨康弘,葉梨,康弘,自民,茨城県 3区,,,58,,,https://www.hanashiyasuhiro.com/,法務副大臣,58歳,http://shugiin.go2senkyo.com/ibaraki/03/
梶山　弘志,梶山弘志,梶山,弘志,自民,茨城県 4区,,,62,https://twitter.com/kajiyamahiroshi,https://www.facebook.com/kajiyama.hiroshi,https://kajiyama-office.com/,地方創生相,62歳,http://shugiin.go2senkyo.com/ibaraki/04/
石川　昭政,石川昭政,石川,昭政,自民,茨城県 5区,,,45,https://twitter.com/iakimasa1,https://www.facebook.com/akimasa.ishikawa.7,https://ameblo.jp/ishikawa-akimasa/,環境委理事,45歳,http://shugiin.go2senkyo.com/ibaraki/05/
国光　文乃,国光文乃,国光,文乃,自民,茨城県 6区,,,39,https://twitter.com/ayano_kunimitsu,https://www.facebook.com/kunimitsu.ayano/,http://kunimitsu-ayano.jp/,医師,39歳,http://shugiin.go2senkyo.com/ibaraki/06/
中村　喜四郎,中村喜四郎,中村,喜四郎,無所属,茨城県 7区,,,69,,,,元建設相,69歳,http://shugiin.go2senkyo.com/ibaraki/07/
馳　浩,馳浩,馳,浩,自民,石川県 1区,,,57,,https://www.facebook.com/hasehiroshi.kousiki/,http://hase-hiroshi.org/,元文部科学相,57歳,http://shugiin.go2senkyo.com/ishikawa/01/
佐々木　紀,佐々木紀,佐々木,紀,自民,石川県 2区,,,43,https://twitter.com/hajime24331,https://www.facebook.com/start.sasaki.hajime/,https://sasaki-hajime.jp/,元経産委理事,43歳,http://shugiin.go2senkyo.com/ishikawa/02/
西田　昭二,西田昭二,西田,昭二,自民,石川県 3区,,,49,https://twitter.com/hatibe47,https://www.facebook.com/nishida.syoji/,http://www.nishida-syoji.jp/,元県議,49歳,http://shugiin.go2senkyo.com/ishikawa/03/
階　猛,階猛,階,猛,希望,岩手県 1区,,,51,https://twitter.com/shinatakeshi,https://www.facebook.com/takeshi.shina,http://shina.jp/,元総務政務官,51歳,http://shugiin.go2senkyo.com/iwate/01/
鈴木　俊一,鈴木俊一,鈴木,俊一,自民,岩手県 2区,,,65,,https://www.facebook.com/profile.php?id=100016937237040,http://www.suzukishunichi.jp/,五輪相,65歳,http://shugiin.go2senkyo.com/iwate/02/
小沢　一郎,小沢一郎,小沢,一郎,無所属,岩手県 3区,,,76,https://twitter.com/ozawa_jimusho,,http://www.ozawa-ichiro.jp/,党代表,76歳,http://shugiin.go2senkyo.com/iwate/03/
平井　卓也,平井卓也,平井,卓也,自民,香川県 1区,,,60,https://twitter.com/hiratakuchan,https://www.facebook.com/hiratakuchan/?fref=ts,https://www.hirataku.com/,党広報本部長,60歳,http://shugiin.go2senkyo.com/kagawa/01/
玉木　雄一郎,玉木雄一郎,玉木,雄一郎,希望,香川県 2区,,,49,https://twitter.com/tamakiyuichiro,https://www.facebook.com/tamakinet55/?fref=ts,http://www.tamakinet.jp/,元民進党幹事長代理,49歳,http://shugiin.go2senkyo.com/kagawa/02/
大野　敬太郎,大野敬太郎,大野,敬太郎,自民,香川県 3区,,,49,,https://www.facebook.com/keitaro.ohno,https://keitaro-ohno.com/,防衛政務官,49歳,http://shugiin.go2senkyo.com/kagawa/03/
川内　博史,川内博史,川内,博史,立民,鹿児島県 1区,,,56,https://twitter.com/kawauchihiroshi,https://www.facebook.com/%E5%B7%9D%E5%86%85%E5%8D%9A%E5%8F%B2-248245398550506/,http://www.kawauchi-hiroshi.net/,元文科委員長,56歳,http://shugiin.go2senkyo.com/kagoshima/01/
金子　万寿夫,金子万寿夫,金子,万寿夫,自民,鹿児島県 2区,,,71,,https://www.facebook.com/kanekomasuo/,http://kanekomasuo.jp/,元県議,71歳,http://shugiin.go2senkyo.com/kagoshima/02/
小里　泰弘,小里泰弘,小里,泰弘,自民,鹿児島県 3区,,,59,,https://www.facebook.com/ozato.yasuhiro/?fref=ts,http://ozato-yasuhiro.net/,元環境副大臣,59歳,http://shugiin.go2senkyo.com/kagoshima/03/
森山　裕,森山裕,森山,裕,自民,鹿児島県 4区,,,73,,,https://www.moriyama-hiroshi.com/,党国対委員長,73歳,http://shugiin.go2senkyo.com/kagoshima/04/
松本　純,松本純,松本,純,自民,神奈川県 1区,,,68,https://twitter.com/junmatsumoto411,https://www.facebook.com/JunMatsumoto411,http://www.jun.or.jp/,前防災相,68歳,http://shugiin.go2senkyo.com/kanagawa/01/
菅　義偉,菅義偉,菅,義偉,自民,神奈川県 2区,,,69,https://twitter.com/sugawitter,https://www.facebook.com/yoshihide.suga?sk=wall,http://www.sugayoshihide.gr.jp/,官房長官,69歳,http://shugiin.go2senkyo.com/kanagawa/02/
小此木　八郎,小此木八郎,小此木,八郎,自民,神奈川県 3区,,,52,,https://www.facebook.com/okonogihachirou,http://hachirou.com/,国家公安委長,52歳,http://shugiin.go2senkyo.com/kanagawa/03/
早稲田　夕季,早稲田夕季,早稲田,夕季,立民,神奈川県 4区,,,59,https://twitter.com/waseda_yuki,https://www.facebook.com/waseda.yuki/,http://waseda-yuki.jp/,県議,59歳,http://shugiin.go2senkyo.com/kanagawa/04/
坂井　学,坂井学,坂井,学,自民,神奈川県 5区,,,52,https://twitter.com/sakai_manabu,https://www.facebook.com/sakaimanabu.yokohama/,http://sakaimanabu.com/,総務副大臣,52歳,http://shugiin.go2senkyo.com/kanagawa/05/
青柳　陽一郎,青柳陽一郎,青柳,陽一郎,立民,神奈川県 6区,,,48,https://twitter.com/aoyagy,https://www.facebook.com/aoyagy.net/,https://aoyagy.net/,拉致特委理事,48歳,http://shugiin.go2senkyo.com/kanagawa/06/
鈴木　馨祐,鈴木馨祐,鈴木,馨祐,自民,神奈川県 7区,,,41,,https://www.facebook.com/suzukikeisuke.jp/,http://www.suzukikeisuke.jp/,元国交政務官,41歳,http://shugiin.go2senkyo.com/kanagawa/07/
江田　憲司,江田憲司,江田,憲司,無所属,神奈川県 8区,,,62,https://twitter.com/edaoffice,https://www.facebook.com/%E6%B1%9F%E7%94%B0%E6%86%B2%E5%8F%B8-kenji-Eda-367279410055663/?fref=ts,http://www.eda-k.net/,党代表代行,62歳,http://shugiin.go2senkyo.com/kanagawa/08/
笠　浩史,笠浩史,笠,浩史,希望,神奈川県 9区,,,53,https://twitter.com/hirofumi_ryu,https://www.facebook.com/103hirofumiryu,http://ryu-h.net/,元文科副大臣,53歳,http://shugiin.go2senkyo.com/kanagawa/09/
田中　和徳,田中和徳,田中,和徳,自民,神奈川県 10区,,,69,https://twitter.com/t_kazunori,https://www.facebook.com/kazunori.tanaka.14,http://www.tanaka-kazunori.com/,元財務副大臣,69歳,http://shugiin.go2senkyo.com/kanagawa/10/
小泉　進次郎,小泉進次郎,小泉,進次郎,自民,神奈川県 11区,,,37,,https://www.facebook.com/shinjiro.koizumi,https://shinjiro.info/,党副幹事長,37歳,http://shugiin.go2senkyo.com/kanagawa/11/
阿部　知子,阿部知子,阿部,知子,立民,神奈川県 12区,,,70,https://twitter.com/abe_tomoko,https://www.facebook.com/profile.php?id=100004675156297&fref=ts,http://www.abetomoko.jp/,医師,70歳,http://shugiin.go2senkyo.com/kanagawa/12/
甘利　明,甘利明,甘利,明,自民,神奈川県 13区,,,68,https://twitter.com/Akira_Amari,https://www.facebook.com/amariakiragenkikun,http://amari-akira.com/,元経済再生相,68歳,http://shugiin.go2senkyo.com/kanagawa/13/
赤間　二郎,赤間二郎,赤間,二郎,自民,神奈川県 14区,,,50,https://twitter.com/jiroakama0327,https://www.facebook.com/jiroakama.jimin/,http://www.akama.jp/,元総務副大臣,50歳,http://shugiin.go2senkyo.com/kanagawa/14/
河野　太郎,河野太郎,河野,太郎,自民,神奈川県 15区,,,55,https://twitter.com/konotarogomame,https://www.facebook.com/%E6%B2%B3%E9%87%8E%E5%A4%AA%E9%83%8E-168727046514485/,https://www.taro.org/,外相,55歳,http://shugiin.go2senkyo.com/kanagawa/15/
義家　弘介,義家弘介,義家,弘介,自民,神奈川県 16区,,,47,https://twitter.com/yoshiiehiroyuki,https://www.facebook.com/h.yoshiie/,http://www.yoshiie-hiroyuki.com/,元文科副大臣,47歳,http://shugiin.go2senkyo.com/kanagawa/16/
牧島　かれん,牧島かれん,牧島,かれん,自民,神奈川県 17区,,,41,https://twitter.com/makishimakaren,https://www.facebook.com/makishimakaren/?fref=ts,http://makishimakaren.com/,元内閣政務官,41歳,http://shugiin.go2senkyo.com/kanagawa/17/
山際　大志郎,山際大志郎,山際,大志郎,自民,神奈川県 18区,,,49,https://twitter.com/yamagiwa001,https://www.facebook.com/yamagiwadaishiro.office,http://www.yamagiwa-daishiro.jp/,元経産副大臣,49歳,http://shugiin.go2senkyo.com/kanagawa/18/
中谷　元,中谷元,中谷,元,自民,高知県 1区,,,60,https://twitter.com/gen_nakatani,https://www.facebook.com/nakatani.gen/?pnref=story,https://www.nakatanigen.com/,元防衛相,60歳,http://shugiin.go2senkyo.com/kochi/01/
広田　一,広田一,広田,一,無所属,高知県 2区,,,49,https://twitter.com/hirota11,https://www.facebook.com/nipponkaishingogo?fref=ts,http://www.hirota1.com/,元参議院議員,49歳,http://shugiin.go2senkyo.com/kochi/02/
木原　稔,木原稔,木原,稔,自民,熊本県 1区,,,48,https://twitter.com/kihara_minoru,https://www.facebook.com/kiharaminoru.official/?fref=ts,http://kiharaminoru.jp/,財務副大臣,48歳,http://shugiin.go2senkyo.com/kumamoto/01/
野田　毅,野田毅,野田,毅,自民,熊本県 2区,,,76,https://twitter.com/nodatakeshi1003,https://www.facebook.com/nodatakeshi.page/?fref=ts,http://nodatakeshi.com/,元自治相,76歳,http://shugiin.go2senkyo.com/kumamoto/02/
坂本　哲志,坂本哲志,坂本,哲志,自民,熊本県 3区,,,67,,https://www.facebook.com/tetusiman,http://www.tetusi.com/,元総務副大臣,67歳,http://shugiin.go2senkyo.com/kumamoto/03/
金子　恭之,金子恭之,金子,恭之,自民,熊本県 4区,,,57,https://twitter.com/nekotanchan,https://www.facebook.com/yasushi.kaneko.7?fref=ts,http://www.kaneko-yasushi.com/,元国交副大臣,57歳,http://shugiin.go2senkyo.com/kumamoto/04/
伊吹　文明,伊吹文明,伊吹,文明,自民,京都府 1区,,,80,,https://www.facebook.com/%E4%BC%8A%E5%90%B9-%E6%96%87%E6%98%8E-306388919504640/,http://www.ibuki-bunmei.org/,元衆院議長,80歳,http://shugiin.go2senkyo.com/kyoto/01/
前原　誠司,前原誠司,前原,誠司,無所属,京都府 2区,,,56,https://twitter.com/Maehara2016,https://www.facebook.com/seiji.maehara21,http://www.maehara21.com/,元外相,56歳,http://shugiin.go2senkyo.com/kyoto/02/
泉　健太,泉健太,泉,健太,希望,京都府 3区,,,43,https://twitter.com/office50824963,https://www.facebook.com/office.ikenta/,https://www.izumi-kenta.net/,元内閣政務官,43歳,http://shugiin.go2senkyo.com/kyoto/03/
田中　英之,田中英之,田中,英之,自民,京都府 4区,,,47,https://twitter.com/Tanaka_Hide,https://www.facebook.com/hideyuki.tanaka.790,https://www.tanakahideyuki.jp/,地創特委理事,47歳,http://shugiin.go2senkyo.com/kyoto/04/
本田　太郎,本田太郎,本田,太郎,自民,京都府 5区,,,44,https://twitter.com/kyoto_honda,https://www.facebook.com/tarohonda1973/,http://taro-honda.com/,京都府議会議員,44歳,http://shugiin.go2senkyo.com/kyoto/05/
安藤　裕,安藤裕,安藤,裕,自民,京都府 6区,,,53,https://twitter.com/andouhiroshi,https://www.facebook.com/office.ando.hiroshi/,https://www.andouhiroshi.jp/,元法務委理事,53歳,http://shugiin.go2senkyo.com/kyoto/06/
田村　憲久,田村憲久,田村,憲久,自民,三重県 1区,,,53,,,https://www.tamura-norihisa.jp/,元厚生労働相,53歳,http://shugiin.go2senkyo.com/mie/01/
中川　正春,中川正春,中川,正春,無所属,三重県 2区,,,68,,https://www.facebook.com/nakagawa.masaharu/,https://www.masaharu.gr.jp/,元防災相,68歳,http://shugiin.go2senkyo.com/mie/02/
岡田　克也,岡田克也,岡田,克也,無所属,三重県 3区,,,64,https://twitter.com/okada_katsuya,https://www.facebook.com/katsuyaokada,http://www.katsuya.net/,前党代表,64歳,http://shugiin.go2senkyo.com/mie/03/
三ツ矢　憲生,三ツ矢憲生,三ツ矢,憲生,自民,三重県 4区,,,67,,,http://www.mitsuya-norio.com/,元外務副大,67歳,http://shugiin.go2senkyo.com/mie/04/
土井　亨,土井亨,土井,亨,自民,宮城県 1区,,,59,https://twitter.com/doitooru812,https://www.facebook.com/doitooru/,http://www.doi-toru.com/,復興副大臣,59歳,http://shugiin.go2senkyo.com/miyagi/01/
秋葉　賢也,秋葉賢也,秋葉,賢也,自民,宮城県 2区,,,55,https://twitter.com/akibakenya,https://www.facebook.com/akibakenya/,http://www.akiba21.net/,災害特委員長,55歳,http://shugiin.go2senkyo.com/miyagi/02/
西村　明宏,西村明宏,西村,明宏,自民,宮城県 3区,,,57,,https://www.facebook.com/profile.php?id=100022364692809,http://www.a-nishimura.jp/,元復興副大臣,57歳,http://shugiin.go2senkyo.com/miyagi/03/
伊藤　信太郎,伊藤信太郎,伊藤,信太郎,自民,宮城県 4区,,,65,https://twitter.com/ShintaroIto205,https://www.facebook.com/itoshintaro.official/?fref=ts,http://www.ito-sintaro.jp/,元外務副大臣,65歳,http://shugiin.go2senkyo.com/miyagi/04/
安住　淳,安住淳,安住,淳,無所属,宮城県 5区,,,56,,,http://azumi-jun.jp/,党代表代行,56歳,http://shugiin.go2senkyo.com/miyagi/05/
小野寺　五典,小野寺五典,小野寺,五典,自民,宮城県 6区,,,58,https://twitter.com/itsunori510,,http://www.itsunori.com/,防衛相,58歳,http://shugiin.go2senkyo.com/miyagi/06/
武井　俊輔,武井俊輔,武井,俊輔,自民,宮崎県 1区,,,43,https://twitter.com/syunsuke_takei,https://www.facebook.com/takeisyunsuke,http://www.s-takei.jp/,元外務政務官,43歳,http://shugiin.go2senkyo.com/miyazaki/01/
江藤　拓,江藤拓,江藤,拓,自民,宮崎県 2区,,,57,,,https://eto-taku.jp/,元農水副大臣,57歳,http://shugiin.go2senkyo.com/miyazaki/02/
古川　禎久,古川禎久,古川,禎久,自民,宮崎県 3区,,,52,,,http://www.furukawa-yoshihisa.com/,元財務副大臣,52歳,http://shugiin.go2senkyo.com/miyazaki/03/
篠原　孝,篠原孝,篠原,孝,無所属,長野県 1区,,,69,,,http://www.shinohara21.com/blog/,元農水副大臣,69歳,http://shugiin.go2senkyo.com/nagano/01/
下条　みつ,下条みつ,下条,みつ,希望,長野県 2区,,,62,,,http://mitsu-net.com/,元防衛政務官,62歳,http://shugiin.go2senkyo.com/nagano/02/
井出　庸生,井出庸生,井出,庸生,希望,長野県 3区,,,40,https://twitter.com/yousei_ide,https://www.facebook.com/yousei.ide.jimoto.Shinshu.NAGANO/,https://yousei-ide.com/,法務委理事,40歳,http://shugiin.go2senkyo.com/nagano/03/
後藤　茂之,後藤茂之,後藤,茂之,自民,長野県 4区,,,62,,,http://www.510.to/,元法務副大臣,62歳,http://shugiin.go2senkyo.com/nagano/04/
宮下　一郎,宮下一郎,宮下,一郎,自民,長野県 5区,,,59,,https://www.facebook.com/miyashita.ichiro,https://www.m-ichiro.jp/,元財務副大臣,59歳,http://shugiin.go2senkyo.com/nagano/05/
西岡　秀子,西岡秀子,西岡,秀子,希望,長崎県 1区,,,54,,https://www.facebook.com/nishiokahideko.nagasaki/,https://nishiokahideko.com/,元参議院議員秘書，元民進党長崎県連副代表,54歳,http://shugiin.go2senkyo.com/nagasaki/01/
加藤　寛治,加藤寛治,加藤,寛治,自民,長崎県 2区,,,72,https://twitter.com/hirokato2,https://www.facebook.com/katokanji0424/,http://katokanji.com/,元農水政務官,72歳,http://shugiin.go2senkyo.com/nagasaki/02/
谷川　弥一,谷川弥一,谷川,弥一,自民,長崎県 3区,,,76,,https://www.facebook.com/tanigawayaichi,http://www.tanigawa81.jp/,元文科副大臣,76歳,http://shugiin.go2senkyo.com/nagasaki/03/
北村　誠吾,北村誠吾,北村,誠吾,自民,長崎県 4区,,,71,https://twitter.com/seigo_k,https://www.facebook.com/profile.php?id=100022557900462,http://www.seigo.info/,元防衛副大臣,71歳,http://shugiin.go2senkyo.com/nagasaki/04/
小林　茂樹,小林茂樹,小林,茂樹,自民,奈良県 1区,,,53,https://twitter.com/ShigekiNara,https://www.facebook.com/jimin.kobayashi,http://www.kobayashi-nara.com/,元県議,53歳,http://shugiin.go2senkyo.com/nara/01/
高市　早苗,高市早苗,高市,早苗,自民,奈良県 2区,,,57,https://twitter.com/takaichi_sanae,https://www.facebook.com/profile.php?id=100005766810070,https://www.sanae.gr.jp/,前総務相,57歳,http://shugiin.go2senkyo.com/nara/02/
田野瀬　太道,田野瀬太道,田野瀬,太道,自民,奈良県 3区,,,43,,https://www.facebook.com/tanose.kashihara?fref=ts,http://www.tanose.com/,元文科政務官,43歳,http://shugiin.go2senkyo.com/nara/03/
西村　智奈美,西村智奈美,西村,智奈美,立民,新潟県 1区,,,51,https://twitter.com/chinami_niigata,https://www.facebook.com/official.nishimura.chinami,https://www.chinami.net/,元厚労副大臣,51歳,http://shugiin.go2senkyo.com/niigata/01/
鷲尾　英一郎,鷲尾英一郎,鷲尾,英一郎,無所属,新潟県 2区,,,41,https://twitter.com/washioeiichirou,https://www.facebook.com/%E9%B7%B2%E5%B0%BE-%E8%8B%B1%E4%B8%80%E9%83%8E-211206912260888/,http://www.washio-e.jp/,元農水政務官,41歳,http://shugiin.go2senkyo.com/niigata/02/
黒岩　宇洋,黒岩宇洋,黒岩,宇洋,無所属,新潟県 3区,,,51,https://twitter.com/kuroiwatakahir1,https://www.facebook.com/takahiro.kuroiwa.94,http://www.t-kuroiwa.jp/,元法務政務官,51歳,http://shugiin.go2senkyo.com/niigata/03/
菊田　真紀子,菊田真紀子,菊田,真紀子,無所属,新潟県 4区,,,48,https://twitter.com/‎kikuta_official,,http://www.kikuta-makiko.net/,元外務政務官,48歳,http://shugiin.go2senkyo.com/niigata/04/
泉田　裕彦,泉田裕彦,泉田,裕彦,自民,新潟県 5区,,,55,https://twitter.com/IzumidaHirohiko,https://www.facebook.com/%E6%B3%89%E7%94%B0-%E8%A3%95%E5%BD%A6-1510624319207568/,http://www.h-izumida.jp/,新潟県知事,55歳,http://shugiin.go2senkyo.com/niigata/05/
高鳥　修一,高鳥修一,高鳥,修一,自民,新潟県 6区,,,57,https://twitter.com/takatorishuichi,https://www.facebook.com/shuichi.takatori,http://www.takatori.jp/,元内閣副大臣,57歳,http://shugiin.go2senkyo.com/niigata/06/
穴見　陽一,穴見陽一,穴見,陽一,自民,大分県 1区,,,48,,https://www.facebook.com/anamiyoichi?ref=tsandfref=ts,https://anamin.net/,消費特委理事,48歳,http://shugiin.go2senkyo.com/oita/01/
衛藤　征士郎,衛藤征士郎,衛藤,征士郎,自民,大分県 2区,,,77,https://twitter.com/etoseishiro,https://www.facebook.com/SeishiroEto,http://www.seishiro.jp/,元衆院副議長,77歳,http://shugiin.go2senkyo.com/oita/02/
岩屋　毅,岩屋毅,岩屋,毅,自民,大分県 3区,,,60,,https://www.facebook.com/takeshi.iwaya.9,http://www.t-iwaya.com/,元外務副大臣,60歳,http://shugiin.go2senkyo.com/oita/03/
逢沢　一郎,逢沢一郎,逢沢,一郎,自民,岡山県 1区,,,64,https://twitter.com/ichiroaisawa,https://www.facebook.com/IchiroAISAWA,http://www.aisawa.net/,元党国対委長,64歳,http://shugiin.go2senkyo.com/okayama/01/
山下　貴司,山下貴司,山下,貴司,自民,岡山県 2区,,,52,https://twitter.com/yamashita_ok,https://www.facebook.com/takashi.yamashita.7,http://yamashita-takashi.jp/,法務政務官,52歳,http://shugiin.go2senkyo.com/okayama/02/
阿部　俊子,阿部俊子,阿部,俊子,自民,岡山県 3区,,,59,https://twitter.com/abetoshiko,https://www.facebook.com/%E3%81%82%E3%81%B9%E4%BF%8A%E5%AD%90%E4%BA%8B%E5%8B%99%E6%89%80-1105794292888535/,http://abetoshiko.com/,元農水副大臣,59歳,http://shugiin.go2senkyo.com/okayama/03/
橋本　岳,橋本岳,橋本,岳,自民,岡山県 4区,,,44,https://twitter.com/ga9_h,https://www.facebook.com/%E6%A9%8B%E6%9C%AC%E5%B2%B3%E4%BA%8B%E5%8B%99%E6%89%80-183786875158965/,https://ga9.jp/,元厚労副大臣,44歳,http://shugiin.go2senkyo.com/okayama/04/
加藤　勝信,加藤勝信,加藤,勝信,自民,岡山県 5区,,,62,https://twitter.com/katsunobukato,https://www.facebook.com/katsunobu.kato.7,http://www.katokatsunobu.net/,厚生労働相,62歳,http://shugiin.go2senkyo.com/okayama/05/
赤嶺　政賢,赤嶺政賢,赤嶺,政賢,共産,沖縄県 1区,,,70,https://twitter.com/akamineseiken,https://www.facebook.com/akamineseiken/,http://akamine-seiken.jp/,党県委員長,70歳,http://shugiin.go2senkyo.com/okinawa/01/
照屋　寛徳,照屋寛徳,照屋,寛徳,社民,沖縄県 2区,,,72,,,http://www.terukan.com/,党国会対策委員長,72歳,http://shugiin.go2senkyo.com/okinawa/02/
玉城　デニー,玉城デニー,玉城,デニー,無所属,沖縄県 3区,,,58,https://twitter.com/tamakidenny,https://www.facebook.com/denny.tamaki,http://d21tamaki.com/,党幹事長,58歳,http://shugiin.go2senkyo.com/okinawa/03/
西銘　恒三郎,西銘恒三郎,西銘,恒三郎,自民,沖縄県 4区,,,63,,https://www.facebook.com/kousaburou.nishime,http://nishime-k.com/,経産副大臣,63歳,http://shugiin.go2senkyo.com/okinawa/04/
大西　宏幸,大西宏幸,大西,宏幸,自民,大阪府 1区,,,50,https://twitter.com/onishi_hiroyuki,https://www.facebook.com/%E5%A4%A7%E8%A5%BF%E3%81%B2%E3%82%8D%E3%82%86%E3%81%8D%E5%AE%8F%E5%B9%B8-192410924150376/,http://onishihiroyuki.jp/,元大阪市議,50歳,http://shugiin.go2senkyo.com/osaka/01/
左藤　章,左藤章,左藤,章,自民,大阪府 2区,,,66,https://twitter.com/310akirasato,https://www.facebook.com/akira310office/,http://www.akira310.com/,元防衛副大臣,66歳,http://shugiin.go2senkyo.com/osaka/02/
佐藤　茂樹,佐藤茂樹,佐藤,茂樹,公明,大阪府 3区,,,59,https://twitter.com/shigeki3468,https://www.facebook.com/shigeki3468?fref=ts,http://sato-shigeki.com/,元厚労副大臣,59歳,http://shugiin.go2senkyo.com/osaka/03/
中山　泰秀,中山泰秀,中山,泰秀,自民,大阪府 4区,,,47,https://twitter.com/iloveyatchan,https://www.facebook.com/iloveyatchan/,http://www.iloveosaka.jp/,元外務副大臣,47歳,http://shugiin.go2senkyo.com/osaka/04/
国重　徹,国重徹,国重,徹,公明,大阪府 5区,,,43,https://twitter.com/ToruKunishige,https://www.facebook.com/toru.kunishige,http://kunishige-toru.com/,法務委理事,43歳,http://shugiin.go2senkyo.com/osaka/05/
伊佐　進一,伊佐進一,伊佐,進一,公明,大阪府 6区,,,43,https://twitter.com/isashinichi,https://www.facebook.com/isashinichi.1341/,http://isa41.net/,科技特委理事,43歳,http://shugiin.go2senkyo.com/osaka/06/
渡嘉敷　奈緒美,渡嘉敷奈緒美,渡嘉敷,奈緒美,自民,大阪府 7区,,,55,https://twitter.com/naomi_tokashiki,https://www.facebook.com/naomi.tokashiki.03,http://www.tokashiki.gr.jp/,環境副大臣,55歳,http://shugiin.go2senkyo.com/osaka/07/
大塚　高司,大塚高司,大塚,高司,自民,大阪府 8区,,,53,,https://www.facebook.com/takashi.otsuka.982?fref=ts,https://www.otsuka001.com/,議運委理事,53歳,http://shugiin.go2senkyo.com/osaka/08/
原田　憲治,原田憲治,原田,憲治,自民,大阪府 9区,,,70,https://twitter.com/harada_kenji,https://www.facebook.com/kenji.harada.12,http://haradakenji.com/,元総務副大臣,70歳,http://shugiin.go2senkyo.com/osaka/09/
辻元　清美,辻元清美,辻元,清美,立民,大阪府 10区,,,58,https://twitter.com/tsujimotokiyomi,https://www.facebook.com/profile.php?id=100005838250019,http://www.kiyomi.gr.jp/,元首相補佐官,58歳,http://shugiin.go2senkyo.com/osaka/10/
平野　博文,平野博文,平野,博文,無所属,大阪府 11区,,,69,https://twitter.com/HiranoHirofumi,https://www.facebook.com/hhirano.jp/,https://www.hhirano.jp/,元官房長官,69歳,http://shugiin.go2senkyo.com/osaka/11/
北川　知克,北川知克,北川,知克,自民,大阪府 12区,,,66,https://twitter.com/k_tomokatsu,https://www.facebook.com/tomokatsu.kitagawa,http://www.k-tomokatsu.com/,元環境副大臣,66歳,http://shugiin.go2senkyo.com/osaka/12/
宗清　皇一,宗清皇一,宗清,皇一,自民,大阪府 13区,,,47,https://twitter.com/MunekiyoOffice,https://go2senkyo.com/seijika/46842/posts/,http://www.kouichi-munekiyo.com/,元府議,47歳,http://shugiin.go2senkyo.com/osaka/13/
長尾　敬,長尾敬,長尾,敬,自民,大阪府 14区,,,55,https://twitter.com/takashinagao,https://www.facebook.com/takashinagao.j/,http://www.tnagao.org/,外務委理事,55歳,http://shugiin.go2senkyo.com/osaka/14/
竹本　直一,竹本直一,竹本,直一,自民,大阪府 15区,,,77,https://twitter.com/NaokazuTakemoto,https://www.facebook.com/TakemotoNaokazu,http://takemotonaokazu.com/,元財務副大臣,77歳,http://shugiin.go2senkyo.com/osaka/15/
北側　一雄,北側一雄,北側,一雄,公明,大阪府 16区,,,65,https://twitter.com/kitagawa_kazuo,https://www.facebook.com/kitagawasakai/,http://kitagawa-sakai.jp/,党副代表,65歳,http://shugiin.go2senkyo.com/osaka/16/
馬場　伸幸,馬場伸幸,馬場,伸幸,維新,大阪府 17区,,,53,https://twitter.com/baba_ishin,https://www.facebook.com/baba.ishin/,http://baba-nobuyuki.com/,党幹事長,53歳,http://shugiin.go2senkyo.com/osaka/17/
遠藤　敬,遠藤敬,遠藤,敬,維新,大阪府 18区,,,50,,https://www.facebook.com/profile.php?id=100007432056229,http://blog.livedoor.jp/akitadog/,党国対委員長,50歳,http://shugiin.go2senkyo.com/osaka/18/
丸山　穂高,丸山穂高,丸山,穂高,維新,大阪府 19区,,,34,https://twitter.com/maruyamahodaka,https://www.facebook.com/maruyamahodaka,http://www.h-maruyama.jp/,元財金委理事,34歳,http://shugiin.go2senkyo.com/osaka/19/
原口　一博,原口一博,原口,一博,無所属,佐賀県 1区,,,58,https://twitter.com/kharaguchi,https://www.facebook.com/kharagucih/,http://haraguti.com/,元総務相,58歳,http://shugiin.go2senkyo.com/saga/01/
大串　博志,大串博志,大串,博志,希望,佐賀県 2区,,,52,https://twitter.com/OogushiHiroshi,https://www.facebook.com/oogushihiroshi/,https://www.oogushi.com/,元民進党政調会長,52歳,http://shugiin.go2senkyo.com/saga/02/
村井　英樹,村井英樹,村井,英樹,自民,埼玉県 1区,,,38,https://twitter.com/muraihideki,https://www.facebook.com/hideki.murai.5,http://www.muraihideki.com/,内閣政務官,38歳,http://shugiin.go2senkyo.com/saitama/01/
新藤　義孝,新藤義孝,新藤,義孝,自民,埼玉県 2区,,,60,https://twitter.com/shindo_y,https://www.facebook.com/people/Yoshitaka-Shindo/100005256916522,http://www.shindo.gr.jp/,元総務相,60歳,http://shugiin.go2senkyo.com/saitama/02/
黄川田　仁志,黄川田仁志,黄川田,仁志,自民,埼玉県 3区,,,47,https://twitter.com/kikawadahitoshi,,http://www.kikawadahitoshi.jp/,元外務政務官,47歳,http://shugiin.go2senkyo.com/saitama/03/
穂坂　泰,穂坂泰,穂坂,泰,自民,埼玉県 4区,,,44,,https://www.facebook.com/%E7%A9%82%E5%9D%82%E6%B3%B0%E3%81%BB%E3%81%95%E3%81%8B%E3%82%84%E3%81%99%E3%81%97-123169024990139/,http://hosakayasushi.com/,志木市議,44歳,http://shugiin.go2senkyo.com/saitama/04/
枝野　幸男,枝野幸男,枝野,幸男,立民,埼玉県 5区,,,54,https://twitter.com/edanoyukio0531,,http://www.edano.gr.jp/,元官房長官,54歳,http://shugiin.go2senkyo.com/saitama/05/
大島　敦,大島敦,大島,敦,希望,埼玉県 6区,,,61,,,http://www.oshimaatsushi.com/,元総務副大臣,61歳,http://shugiin.go2senkyo.com/saitama/06/
神山　佐市,神山佐市,神山,佐市,自民,埼玉県 7区,,,63,https://twitter.com/KAMIYAMA_SAICHI,https://www.facebook.com/profile.php?id=100008470713752,http://www.kamiyama.ne.jp/,会社役員,63歳,http://shugiin.go2senkyo.com/saitama/07/
柴山　昌彦,柴山昌彦,柴山,昌彦,自民,埼玉県 8区,,,52,https://twitter.com/shiba_masa,https://www.facebook.com/shibayama.masahiko/,http://www.shibamasa.net/,元首相補佐官,52歳,http://shugiin.go2senkyo.com/saitama/08/
大塚　拓,大塚拓,大塚,拓,自民,埼玉県 9区,,,45,,https://www.facebook.com/otsukataku.jimin/,http://otsukataku.jp/,元財務副大臣,45歳,http://shugiin.go2senkyo.com/saitama/09/
山口　泰明,山口泰明,山口,泰明,自民,埼玉県 10区,,,69,https://twitter.com/taimei1,https://www.facebook.com/yamaguchitaimei/,http://www.taimei.tv/,元内閣副大臣,69歳,http://shugiin.go2senkyo.com/saitama/10/
小泉　龍司,小泉龍司,小泉,龍司,自民,埼玉県 11区,,,65,,https://www.facebook.com/koizumiryuuji/,http://www.ryuji.org/,元大蔵省室長,65歳,http://shugiin.go2senkyo.com/saitama/11/
野中　厚,野中厚,野中,厚,自民,埼玉県 12区,,,41,https://twitter.com/nonakajimusho,,http://nonaka-atsushi.com/,農水政務官,41歳,http://shugiin.go2senkyo.com/saitama/12/
土屋　品子,土屋品子,土屋,品子,自民,埼玉県 13区,,,66,https://twitter.com/shinako_jimusho,https://www.facebook.com/tuchiyashinako,https://www.owls.co.jp/shinako/,元厚労副大臣,66歳,http://shugiin.go2senkyo.com/saitama/13/
三ツ林　裕巳,三ツ林裕巳,三ツ林,裕巳,自民,埼玉県 14区,,,62,https://twitter.com/hiromitsubayasi,https://www.facebook.com/hiromi.mitsubayashi,http://h-mitsubayashi.com/,元厚労政務官,62歳,http://shugiin.go2senkyo.com/saitama/14/
田中　良生,田中良生,田中,良生,自民,埼玉県 15区,,,54,https://twitter.com/Tanaka_Ryosei,https://www.facebook.com/ryoseioffice,http://www.tanaka-ryosei.com/,元国交副大臣,54歳,http://shugiin.go2senkyo.com/saitama/15/
大岡　敏孝,大岡敏孝,大岡,敏孝,自民,滋賀県 1区,,,46,,https://www.facebook.com/toshitaka.ooka,https://oooka.com/,元財務政務官,46歳,http://shugiin.go2senkyo.com/shiga/01/
上野　賢一郎,上野賢一郎,上野,賢一郎,自民,滋賀県 2区,,,52,https://twitter.com/Ueno_Kenichiro,https://www.facebook.com/uenokenichiro/,https://www.uenokenichiro.jp/,財務副大臣,52歳,http://shugiin.go2senkyo.com/shiga/02/
武村　展英,武村展英,武村,展英,自民,滋賀県 3区,,,46,https://twitter.com/nobu_takemura,https://www.facebook.com/nobuhide.takemura,http://nobuhide.com/,元内閣政務官,46歳,http://shugiin.go2senkyo.com/shiga/03/
小寺　裕雄,小寺裕雄,小寺,裕雄,自民,滋賀県 4区,,,57,https://twitter.com/Koteranran,https://www.facebook.com/profile.php?id=100004085752443&fref=ts,http://koterahiroo.jp/,県議,57歳,http://shugiin.go2senkyo.com/shiga/04/
細田　博之,細田博之,細田,博之,自民,島根県 1区,,,74,https://twitter.com/HosodaHiroyuki,https://www.facebook.com/hiroyuki.hosoda.54,http://h-hosoda.jp/,前党総務会長,74歳,http://shugiin.go2senkyo.com/shimane/01/
竹下　亘,竹下亘,竹下,亘,自民,島根県 2区,,,71,,,http://www.takeshita-wataru.com/,党総務会長,71歳,http://shugiin.go2senkyo.com/shimane/02/
上川　陽子,上川陽子,上川,陽子,自民,静岡県 1区,,,65,https://twitter.com/Kamikawa_Yoko,https://www.facebook.com/%E8%A1%86%E8%AD%B0%E9%99%A2%E8%AD%B0%E5%93%A1-%E3%81%8B%E3%81%BF%E3%81%8B%E3%82%8F%E9%99%BD%E5%AD%90-1679504842290545/,http://www.kamikawayoko.net/,法相,65歳,http://shugiin.go2senkyo.com/shizuoka/01/
井林　辰憲,井林辰憲,井林,辰憲,自民,静岡県 2区,,,41,https://twitter.com/T_Ibayashi,https://www.facebook.com/tatsunori.ibayashi,http://t-ibayashi.com/,元環境政務官,41歳,http://shugiin.go2senkyo.com/shizuoka/02/
宮沢　博行,宮沢博行,宮沢,博行,自民,静岡県 3区,,,43,https://twitter.com/miyazawa_japan,https://www.facebook.com/miyazawa.office/,http://www.miyazawa-hiroyuki.jp/,元防衛政務官,43歳,http://shugiin.go2senkyo.com/shizuoka/03/
望月　義夫,望月義夫,望月,義夫,自民,静岡県 4区,,,71,,https://www.facebook.com/%E8%A1%86%E8%AD%B0%E9%99%A2%E8%AD%B0%E5%93%A1-%E6%9C%9B%E6%9C%88%E7%BE%A9%E5%A4%AB%E4%BA%8B%E5%8B%99%E6%89%80-320691041291324/,http://www.m-yoshio.com/,元環境相,71歳,http://shugiin.go2senkyo.com/shizuoka/04/
細野　豪志,細野豪志,細野,豪志,希望,静岡県 5区,,,46,https://twitter.com/hosono_54,https://www.facebook.com/hosono54/,http://www.gohosono.com/,元環境相,46歳,http://shugiin.go2senkyo.com/shizuoka/05/
渡辺　周,渡辺周,渡辺,周,希望,静岡県 6区,,,56,,https://www.facebook.com/watanabeshugiin,http://www.watanabeshu.org/,元防衛副大臣,56歳,http://shugiin.go2senkyo.com/shizuoka/06/
城内　実,城内実,城内,実,自民,静岡県 7区,,,53,,https://www.facebook.com/kiuchi0419/,https://www.m-kiuchi.com/,拉致特委員長,53歳,http://shugiin.go2senkyo.com/shizuoka/07/
塩谷　立,塩谷立,塩谷,立,自民,静岡県 8区,,,68,,https://www.facebook.com/shionoya.ryu,http://www.ryu48.gr.jp/,党選対委員長,68歳,http://shugiin.go2senkyo.com/shizuoka/08/
船田　元,船田元,船田,元,自民,栃木県 1区,,,64,,https://www.facebook.com/hajime.funada?fref=ts,http://www.funada.org/funadapress/,元経企庁長官,64歳,http://shugiin.go2senkyo.com/tochigi/01/
福田　昭夫,福田昭夫,福田,昭夫,無所属,栃木県 2区,,,70,,https://www.facebook.com/akio417fukuda/,https://www.fukudaa-houtoku.com/,元総務政務官,70歳,http://shugiin.go2senkyo.com/tochigi/02/
簗　和生,簗和生,簗,和生,自民,栃木県 3区,,,39,,https://www.facebook.com/Yanakazuo/,http://www.yanakazuo.jp/,国交政務官,39歳,http://shugiin.go2senkyo.com/tochigi/03/
佐藤　勉,佐藤勉,佐藤,勉,自民,栃木県 4区,,,66,,,http://www.satoben.jp/,議運委員長,66歳,http://shugiin.go2senkyo.com/tochigi/04/
茂木　敏充,茂木敏充,茂木,敏充,自民,栃木県 5区,,,62,https://twitter.com/moteging,https://www.facebook.com/moteging,https://www.motegi.gr.jp/,経済再生相,62歳,http://shugiin.go2senkyo.com/tochigi/05/
後藤田　正純,後藤田正純,後藤田,正純,自民,徳島県 1区,,,48,https://twitter.com/GotodaMasazumi,https://www.facebook.com/gotoda.masazumi/?fref=ts,http://www.gotoda.com/,元内閣副大臣,48歳,http://shugiin.go2senkyo.com/tokushima/01/
山口　俊一,山口俊一,山口,俊一,自民,徳島県 2区,,,68,,https://www.facebook.com/tokushima.yamaguchi/,https://www.yamashun.jp/,元沖縄北方相,68歳,http://shugiin.go2senkyo.com/tokushima/02/
海江田　万里,海江田万里,海江田,万里,立民,東京都 1区,,,69,https://twitter.com/banrikaieda,https://www.facebook.com/banri.kaieda,http://kaiedabanri.jp/,元民主党代表,69歳,http://shugiin.go2senkyo.com/tokyo/01/
辻　清人,辻清人,辻,清人,自民,東京都 2区,,,38,https://twitter.com/tujikiyoto,https://www.facebook.com/kiyototsujitokyo2nd/,http://k-tsuji.jp/,元外務委理事,38歳,http://shugiin.go2senkyo.com/tokyo/02/
石原　宏高,石原宏高,石原,宏高,自民,東京都 3区,,,54,https://twitter.com/ishiharahirotak,https://www.facebook.com/ishihara.hirotaka.18/,http://www.ishihara-hirotaka.com/,元内閣副大臣,54歳,http://shugiin.go2senkyo.com/tokyo/03/
平　将明,平将明,平,将明,自民,東京都 4区,,,51,https://twitter.com/TAIRAMASAAKI,https://www.facebook.com/tairamasaaki,http://www.taira-m.jp/,元内閣副大臣,51歳,http://shugiin.go2senkyo.com/tokyo/04/
若宮　健嗣,若宮健嗣,若宮,健嗣,自民,東京都 5区,,,56,https://twitter.com/wakamiya7788,https://www.facebook.com/wakamiyakenji,https://k-wakamiya.com/,元防衛副大臣,56歳,http://shugiin.go2senkyo.com/tokyo/05/
落合　貴之,落合貴之,落合,貴之,立民,東京都 6区,,,38,https://twitter.com/ochiaitakayuki,,http://www.ochiaitakayuki.com/,元銀行員,38歳,http://shugiin.go2senkyo.com/tokyo/06/
長妻　昭,長妻昭,長妻,昭,立民,東京都 7区,,,58,https://twitter.com/nagatsumaakira,https://www.facebook.com/nagatsumaakira/,http://naga.tv/,元厚生労働相,58歳,http://shugiin.go2senkyo.com/tokyo/07/
石原　伸晃,石原伸晃,石原,伸晃,自民,東京都 8区,,,61,https://twitter.com/IshiharaNobu,https://www.facebook.com/ishihara.nobuteru,http://www.nobuteru.or.jp/,前経済再生相,61歳,http://shugiin.go2senkyo.com/tokyo/08/
菅原　一秀,菅原一秀,菅原,一秀,自民,東京都 9区,,,56,https://twitter.com/sugawaraisshu,https://www.facebook.com/sugawaraisshu,http://www.isshu.net/,元財務副大臣,56歳,http://shugiin.go2senkyo.com/tokyo/09/
鈴木　隼人,鈴木隼人,鈴木,隼人,自民,東京都 10区,,,40,https://twitter.com/HYT4ALL,https://www.facebook.com/suzukihayato.jp/,https://www.suzukihayato.jp/,経済産業省職員,40歳,http://shugiin.go2senkyo.com/tokyo/10/
下村　博文,下村博文,下村,博文,自民,東京都 11区,,,64,,https://www.facebook.com/hakubun.biz/,https://www.hakubun.biz/,元文部科学相,64歳,http://shugiin.go2senkyo.com/tokyo/11/
太田　昭宏,太田昭宏,太田,昭宏,公明,東京都 12区,,,72,https://twitter.com/teamohta,https://www.facebook.com/teamohta/,https://www.akihiro-ohta.com/,前国土交通相,72歳,http://shugiin.go2senkyo.com/tokyo/12/
鴨下　一郎,鴨下一郎,鴨下,一郎,自民,東京都 13区,,,69,https://twitter.com/Dr_Kamo,https://www.facebook.com/%E3%81%8B%E3%82%82%E3%81%97%E3%81%9F%E4%B8%80%E9%83%8E-362335094179877/,https://www.kamoshita.gr.jp/,元環境相,69歳,http://shugiin.go2senkyo.com/tokyo/13/
松島　みどり,松島みどり,松島,みどり,自民,東京都 14区,,,61,https://twitter.com/matusimamidori,https://www.facebook.com/LDPmatsumido/,http://www.matsushima-midori.jp/,元法相秘書官,61歳,http://shugiin.go2senkyo.com/tokyo/14/
秋元　司,秋元司,秋元,司,自民,東京都 15区,,,46,https://twitter.com/akimoto_tsukasa,https://www.facebook.com/tsukasa.akimoto,http://www.akimoto-web.jp/,国交副大臣,46歳,http://shugiin.go2senkyo.com/tokyo/15/
大西　英男,大西英男,大西,英男,自民,東京都 16区,,,71,,https://www.facebook.com/0024hideo,http://onishi-hideo.homepe.net/,元国交委理事,71歳,http://shugiin.go2senkyo.com/tokyo/16/
平沢　勝栄,平沢勝栄,平沢,勝栄,自民,東京都 17区,,,72,https://twitter.com/katsueihirasawa,https://www.facebook.com/hirasawakatuei/?fref=ts,http://hirasawa.net/,元内閣副大臣,72歳,http://shugiin.go2senkyo.com/tokyo/17/
菅　直人,菅直人,菅,直人,立民,東京都 18区,,,71,https://twitter.com/NaotoKan,https://www.facebook.com/naoto.kan.offical,http://n-kan.jp/,元民主党代表,71歳,http://shugiin.go2senkyo.com/tokyo/18/
松本　洋平,松本洋平,松本,洋平,自民,東京都 19区,,,44,https://twitter.com/matsumoto_yohei,https://www.facebook.com/MatsumotoYohei.77/,http://www012.upp.so-net.ne.jp/yohei/,元内閣副大臣,44歳,http://shugiin.go2senkyo.com/tokyo/19/
木原　誠二,木原誠二,木原,誠二,自民,東京都 20区,,,48,https://twitter.com/kihara_seiji,https://www.facebook.com/seiji.kihara,http://kiharaseiji.com/,元外務副大臣,48歳,http://shugiin.go2senkyo.com/tokyo/20/
長島　昭久,長島昭久,長島,昭久,希望,東京都 21区,,,56,https://twitter.com/nagashima21,https://www.facebook.com/aki.nagashima21,http://www.nagashima21.net/,元防衛副大臣,56歳,http://shugiin.go2senkyo.com/tokyo/21/
伊藤　達也,伊藤達也,伊藤,達也,自民,東京都 22区,,,56,https://twitter.com/tatsuyaito0501,https://www.facebook.com/tatsuya.ito.18,https://www.tatsuyaito.com/,元金融相,56歳,http://shugiin.go2senkyo.com/tokyo/22/
小倉　将信,小倉将信,小倉,将信,自民,東京都 23区,,,37,https://twitter.com/masanobu_ogura,https://www.facebook.com/ogura.masanobu/,http://www.ogura-m.jp/,総務政務官,37歳,http://shugiin.go2senkyo.com/tokyo/23/
萩生田　光一,萩生田光一,萩生田,光一,自民,東京都 24区,,,54,https://twitter.com/hagiuda_ko1,https://www.facebook.com/koichi.hagiuda,http://www.ko-1.jp/,党幹事長代行,54歳,http://shugiin.go2senkyo.com/tokyo/24/
井上　信治,井上信治,井上,信治,自民,東京都 25区,,,48,,https://www.facebook.com/inoue.s.net,http://www.inoue-s.jp/,元環境副大臣,48歳,http://shugiin.go2senkyo.com/tokyo/25/
石破　茂,石破茂,石破,茂,自民,鳥取県 1区,,,61,https://twitter.com/shigeruishiba,https://www.facebook.com/ishibashigeru,http://www.ishiba.com/,元地方創生相,61歳,http://shugiin.go2senkyo.com/tottori/01/
赤沢　亮正,赤沢亮正,赤沢,亮正,自民,鳥取県 2区,,,57,https://twitter.com/ryosei_akazawa,https://www.facebook.com/akazawa.ryosei/,http://www.ryosei-akazawa.com/,元内閣副大臣,57歳,http://shugiin.go2senkyo.com/tottori/02/
田畑　裕明,田畑裕明,田畑,裕明,自民,富山県 1区,,,45,,https://www.facebook.com/hiroaki.tabata.37,http://www.tabatahiroaki.com/,厚労政務官,45歳,http://shugiin.go2senkyo.com/toyama/01/
宮腰　光寛,宮腰光寛,宮腰,光寛,自民,富山県 2区,,,67,,https://www.facebook.com/miyakoshi.mitsuhiro/,https://www.mituhiro.com/,首相補佐官,67歳,http://shugiin.go2senkyo.com/toyama/02/
橘　慶一郎,橘慶一郎,橘,慶一郎,自民,富山県 3区,,,57,,https://www.facebook.com/tachibana.keiichirou/,http://www.t-k1.net/,元復興副大臣,57歳,http://shugiin.go2senkyo.com/toyama/03/
岸本　周平,岸本周平,岸本,周平,希望,和歌山県 1区,,,61,https://twitter.com/shuheikishimoto,https://www.facebook.com/shuheikishimoto.jp/,http://shuheikishimoto.jp/,元経産政務官,61歳,http://shugiin.go2senkyo.com/wakayama/01/
石田　真敏,石田真敏,石田,真敏,自民,和歌山県 2区,,,66,,https://www.facebook.com/%E8%A1%86%E8%AD%B0%E9%99%A2%E8%AD%B0%E5%93%A1-%E7%9F%B3%E7%94%B0%E7%9C%9F%E6%95%8F-593339197343271/,http://ishida-masatoshi.net/,元財務副大臣,66歳,http://shugiin.go2senkyo.com/wakayama/02/
二階　俊博,二階俊博,二階,俊博,自民,和歌山県 3区,,,79,,https://www.facebook.com/profile.php?id=100005800475952,http://www.nikai.jp/,党幹事長,79歳,http://shugiin.go2senkyo.com/wakayama/03/
遠藤　利明,遠藤利明,遠藤,利明,自民,山形県 1区,,,68,https://twitter.com/Team_e_toshiaki,https://www.facebook.com/endo.toshiaki0117/,http://e-toshiaki.jp/,元五輪相,68歳,http://shugiin.go2senkyo.com/yamagata/01/
鈴木　憲和,鈴木憲和,鈴木,憲和,自民,山形県 2区,,,36,https://twitter.com/norikazu_suzuki,https://www.facebook.com/suzuki.norikazu.official/,http://suzuki-norikazu.com/,党県会長,36歳,http://shugiin.go2senkyo.com/yamagata/02/
加藤　鮎子,加藤鮎子,加藤,鮎子,自民,山形県 3区,,,39,https://twitter.com/‎katoayuko_and_s,https://www.facebook.com/katoayuko.and.supporters,http://kato-ayuko.net/,元議員秘書,39歳,http://shugiin.go2senkyo.com/yamagata/03/
高村　正大,高村正大,高村,正大,自民,山口県 1区,,,47,,https://www.facebook.com/masahiro.kohmura,,外相秘書官,47歳,http://shugiin.go2senkyo.com/yamaguchi/01/
岸　信夫,岸信夫,岸,信夫,自民,山口県 2区,,,59,https://twitter.com/KishiNobuo,https://www.facebook.com/kishinobuo,http://kishi-jpn.com/,元外務副大臣,59歳,http://shugiin.go2senkyo.com/yamaguchi/02/
河村　建夫,河村建夫,河村,建夫,自民,山口県 3区,,,75,https://twitter.com/takeokawamura,https://www.facebook.com/tspark.net/,http://www.tspark.net/,元官房長官,75歳,http://shugiin.go2senkyo.com/yamaguchi/03/
安倍　晋三,安倍晋三,安倍,晋三,自民,山口県 4区,,,63,https://twitter.com/AbeShinzo,https://www.facebook.com/abeshinzo,https://www.s-abe.or.jp/,首相,63歳,http://shugiin.go2senkyo.com/yamaguchi/04/
中島　克仁,中島克仁,中島,克仁,無所属,山梨県 1区,,,50,https://twitter.com/KatsuNakajima,https://www.facebook.com/%E4%B8%AD%E5%B3%B6%E5%85%8B%E4%BB%81-%E4%BA%8B%E5%8B%99%E6%89%80-469293053090825/,https://katsuhito-nakajima.jp/,党政調副会長,50歳,http://shugiin.go2senkyo.com/yamanashi/01/
堀内　詔子,堀内詔子,堀内,詔子,自民,山梨県 2区,,,52,https://twitter.com/genkihoriuchi,https://www.facebook.com/noriko.horiuchi.3572,http://genkihoriuchi.com/,元厚労政務官,52歳,http://shugiin.go2senkyo.com/yamanashi/02/
