wikidata,name,47回衆議院総選挙 小選挙区 結果,47回衆議院総選挙 比例区 結果,補欠選・繰上,欠員,小選挙区,比例区,page_ref_age,name_ref,kana,party_ref,area,count,ref,
-,,-,-,,,,,平成29年9月26日現在,氏名,ふりがな,会派,選挙区,当選回数,,
Q467453,逢沢一郎,岡山県1区,-,,,岡山1,,,逢沢 一郎君,あいさわ いちろう,自民,岡山1,10,https://web.archive.org/web/20170928070514/http://www.shugiin.go.jp/internet/itdb_giinprof.nsf/html/profile/009.html,
Q11661965,青柳陽一郎,-,南関東,,,,南関東,,青柳 陽一郎君,あおやぎ よういちろう,民進,（比）南関東,2,https://web.archive.org/web/20170928070514/http://www.shugiin.go.jp/internet/itdb_giinprof.nsf/html/profile/010.html,
Q11661236,青山周平,-,東海,,,,東海,,青山 周平君,あおやま しゅうへい,自民,（比）東海,2,https://web.archive.org/web/20170928070514/http://www.shugiin.go.jp/internet/itdb_giinprof.nsf/html/profile/011.html,
Q11635735,赤枝恒雄,-,東京,,,,東京都,,赤枝 恒雄君,あかえだ つねお,自民,（比）東京都,2,https://web.archive.org/web/20170928070514/http://www.shugiin.go.jp/internet/itdb_giinprof.nsf/html/profile/012.html,
Q7385320,赤澤亮正,鳥取県2区,-,,,鳥取2,,,赤澤 亮正君,あかざわ りょうせい,自民,鳥取2,4,https://web.archive.org/web/20170928070514/http://www.shugiin.go.jp/internet/itdb_giinprof.nsf/html/profile/013.html,
Q6381788,赤羽一嘉,兵庫県2区,-,,,兵庫2,,,赤羽 一嘉君,あかば かずよし,公明,兵庫2,7,https://web.archive.org/web/20170928070514/http://www.shugiin.go.jp/internet/itdb_giinprof.nsf/html/profile/014.html,
Q6203082,あかま二郎,神奈川県14区,-,,,神奈川14,,,あかま 二郎君,あかま じろう,自民,神奈川14,3,https://web.archive.org/web/20170928070514/http://www.shugiin.go.jp/internet/itdb_giinprof.nsf/html/profile/003.html,
Q582685,赤松広隆,愛知県5区,-,,,愛知5,,,赤松 広隆君,あかまつ ひろたか,民進,愛知5,9,https://web.archive.org/web/20170928070514/http://www.shugiin.go.jp/internet/itdb_giinprof.nsf/html/profile/015.html,
Q7446761,赤嶺政賢,沖縄県1区,-,,,沖縄1,,,赤嶺 政賢君,あかみね せいけん,共産,沖縄1,6,https://web.archive.org/web/20170928070514/http://www.shugiin.go.jp/internet/itdb_giinprof.nsf/html/profile/016.html,
Q49996,秋葉賢也,宮城県2区,-,,,宮城2,,,秋葉 賢也君,あきば けんや,自民,宮城2,5,https://web.archive.org/web/20170928070514/http://www.shugiin.go.jp/internet/itdb_giinprof.nsf/html/profile/017.html,
Q7850039,秋元司,-,東京,,,,東京都,,秋元 司君,あきもと つかさ,自民,（比）東京都,2（参1）,https://web.archive.org/web/20170928070514/http://www.shugiin.go.jp/internet/itdb_giinprof.nsf/html/profile/018.html,
Q16263623,秋本真利,千葉県9区,-,,,千葉9,,,秋本 真利君,あきもと まさとし,自民,千葉9,2,https://web.archive.org/web/20170928070514/http://www.shugiin.go.jp/internet/itdb_giinprof.nsf/html/profile/019.html,
Q1737907,浅尾慶一郎,神奈川県4区,-,,,神奈川4,,,浅尾 慶一郎君,あさお けいいちろう,自民,神奈川4,3（参2）,https://web.archive.org/web/20170928070514/http://www.shugiin.go.jp/internet/itdb_giinprof.nsf/html/profile/020.html,
Q212400,安住淳,宮城県5区,-,,,宮城5,,,安住 淳君,あずみ じゅん,民進,宮城5,7,https://web.archive.org/web/20170928070514/http://www.shugiin.go.jp/internet/itdb_giinprof.nsf/html/profile/005.html,
Q132596,麻生太郎,福岡県8区,-,,,福岡8,,,麻生 太郎君,あそう たろう,自民,福岡8,12,https://web.archive.org/web/20170928070514/http://www.shugiin.go.jp/internet/itdb_giinprof.nsf/html/profile/021.html,
Q11637002,足立康史,-,近畿,,,,近畿,,足立 康史君,あだち やすし,維新,（比）近畿,2,https://web.archive.org/web/20170928070514/http://www.shugiin.go.jp/internet/itdb_giinprof.nsf/html/profile/007.html,
Q11597257,穴見陽一,-,九州,,,,九州,,穴見 陽一君,あなみ よういち,自民,（比）九州,2,https://web.archive.org/web/20170928070514/http://www.shugiin.go.jp/internet/itdb_giinprof.nsf/html/profile/022.html,
Q132345,安倍晋三,山口県4区,-,,,山口4,,,安倍 晋三君,あべ しんぞう,自民,山口4,8,https://web.archive.org/web/20170928070514/http://www.shugiin.go.jp/internet/itdb_giinprof.nsf/html/profile/006.html,
Q7827692,あべ俊子,-,中国,,,,中国,,あべ 俊子君,あべ としこ,自民,（比）中国,4,https://web.archive.org/web/20170928070514/http://www.shugiin.go.jp/internet/itdb_giinprof.nsf/html/profile/004.html,
Q516232,阿部知子,-,南関東,,,,南関東,,阿部 知子君,あべ ともこ,民進,（比）南関東,6,https://web.archive.org/web/20170928070514/http://www.shugiin.go.jp/internet/itdb_giinprof.nsf/html/profile/008.html,
Q418675,甘利明,神奈川県13区,-,,,神奈川13,,,甘利 明君,あまり あきら,自民,神奈川13,11,https://web.archive.org/web/20170928070514/http://www.shugiin.go.jp/internet/itdb_giinprof.nsf/html/profile/023.html,
Q1478311,荒井聰,-,北海道,,,,北海道,,荒井 聰君,あらい さとし,民進,（比）北海道,7,https://web.archive.org/web/20170928070514/http://www.shugiin.go.jp/internet/itdb_giinprof.nsf/html/profile/024.html,
Q11451405,安藤裕,-,近畿,,,,近畿,,安藤 裕君,あんどう ひろし,自民,（比）近畿,2,https://web.archive.org/web/20170928070514/http://www.shugiin.go.jp/internet/itdb_giinprof.nsf/html/profile/025.html,
Q18669603,池内さおり,-,東京,,,,東京都,,池内 さおり君,いけうち さおり,共産,（比）東京都,1,https://web.archive.org/web/20170928070514/http://www.shugiin.go.jp/internet/itdb_giinprof.nsf/html/profile/042.html,
Q11552157,池田道孝,-,中国,,,,中国,,池田 道孝君,いけだ みちたか,自民,（比）中国,2,https://web.archive.org/web/20170928070514/http://www.shugiin.go.jp/internet/itdb_giinprof.nsf/html/profile/043.html,
Q11551703,池田佳隆,-,東海,,,,東海,,池田 佳隆君,いけだ よしたか,自民,（比）東海,2,https://web.archive.org/web/20170928070514/http://www.shugiin.go.jp/internet/itdb_giinprof.nsf/html/profile/044.html,
Q11378895,伊佐進一,大阪府6区,-,,,大阪6,,,伊佐 進一君,いさ しんいち,公明,大阪6,2,https://web.archive.org/web/20170928070514/http://www.shugiin.go.jp/internet/itdb_giinprof.nsf/html/profile/034.html,
Q11373460,井坂信彦,兵庫県1区,-,,,兵庫1,,,井坂 信彦君,いさか のぶひこ,民進,兵庫1,2,https://web.archive.org/web/20170928070514/http://www.shugiin.go.jp/internet/itdb_giinprof.nsf/html/profile/026.html,
Q1737905,石井啓一,-,北関東,,,,北関東,,石井 啓一君,いしい けいいち,公明,（比）北関東,8,https://web.archive.org/web/20170928070514/http://www.shugiin.go.jp/internet/itdb_giinprof.nsf/html/profile/045.html,
Q11585840,石川昭政,-,北関東,,,,北関東,,石川 昭政君,いしかわ あきまさ,自民,（比）北関東,2,https://web.archive.org/web/20170928070514/http://www.shugiin.go.jp/internet/itdb_giinprof.nsf/html/profile/046.html,
Q11585604,石崎徹,新潟県1区,-,,,新潟1,,,石崎 徹君,いしざき とおる,自民,新潟1,2,https://web.archive.org/web/20170928070514/http://www.shugiin.go.jp/internet/itdb_giinprof.nsf/html/profile/047.html,
Q7677320,石関貴史,-,北関東,,,,北関東,,石関 貴史君,いしぜき たかし,民進,（比）北関東,4,https://web.archive.org/web/20170928070514/http://www.shugiin.go.jp/internet/itdb_giinprof.nsf/html/profile/048.html,
Q7051352,石田祝稔,-,四国,,,,四国,,石田 祝稔君,いしだ のりとし,公明,（比）四国,7,https://web.archive.org/web/20170928070514/http://www.shugiin.go.jp/internet/itdb_giinprof.nsf/html/profile/049.html,
Q6782738,石田真敏,和歌山県2区,-,,,和歌山2,,,石田 真敏君,いしだ まさとし,自民,和歌山2,6,https://web.archive.org/web/20170928070514/http://www.shugiin.go.jp/internet/itdb_giinprof.nsf/html/profile/050.html,
Q1335527,石破茂,鳥取県1区,-,,,鳥取1,,,石破 茂君,いしば しげる,自民,鳥取1,10,https://web.archive.org/web/20170928070514/http://www.shugiin.go.jp/internet/itdb_giinprof.nsf/html/profile/051.html,
Q992930,石原伸晃,東京都8区,-,,,東京8,,,石原 伸晃君,いしはら のぶてる,自民,東京8,9,https://web.archive.org/web/20170928070514/http://www.shugiin.go.jp/internet/itdb_giinprof.nsf/html/profile/052.html,
Q506730,石原宏高,東京都3区,-,,,東京3,,,石原 宏高君,いしはら ひろたか,自民,東京3,3,https://web.archive.org/web/20170928070514/http://www.shugiin.go.jp/internet/itdb_giinprof.nsf/html/profile/053.html,
Q6391984,泉健太,-,近畿,2016-04,2016-04,京都3,,,泉 健太君,いずみ けんた,民進,京都3,6,https://web.archive.org/web/20170928070514/http://www.shugiin.go.jp/internet/itdb_giinprof.nsf/html/profile/503.html,
Q11373350,井出庸生,長野県3区,-,,,長野3,,,井出 庸生君,いで ようせい,民進,長野3,2,https://web.archive.org/web/20170928070514/http://www.shugiin.go.jp/internet/itdb_giinprof.nsf/html/profile/027.html,
Q7497782,伊藤信太郎,宮城県4区,-,,,宮城4,,,伊藤 信太郎君,いとう しんたろう,自民,宮城4,5,https://web.archive.org/web/20170928070514/http://www.shugiin.go.jp/internet/itdb_giinprof.nsf/html/profile/037.html,
Q7674280,伊藤忠彦,愛知県8区,-,,,愛知8,,,伊藤 忠彦君,いとう ただひこ,自民,愛知8,3,https://web.archive.org/web/20170928070514/http://www.shugiin.go.jp/internet/itdb_giinprof.nsf/html/profile/038.html,
Q614476,伊藤達也,東京都22区,-,,,東京22,,,伊藤 達也君,いとう たつや,自民,東京22,7,https://web.archive.org/web/20170928070514/http://www.shugiin.go.jp/internet/itdb_giinprof.nsf/html/profile/039.html,
Q11379447,伊東信久,-,近畿,,,,近畿,,伊東 信久君,いとう のぶひさ,維新,（比）近畿,2,https://web.archive.org/web/20170928070514/http://www.shugiin.go.jp/internet/itdb_giinprof.nsf/html/profile/035.html,
Q11379575,伊東良孝,北海道7区,-,,,北海道7,,,伊東 良孝君,いとう よしたか,自民,北海道7,3,https://web.archive.org/web/20170928070514/http://www.shugiin.go.jp/internet/itdb_giinprof.nsf/html/profile/036.html,
Q7973013,伊藤渉,-,東海,,,,東海,,伊藤 渉君,いとう わたる,公明,（比）東海,3,https://web.archive.org/web/20170928070514/http://www.shugiin.go.jp/internet/itdb_giinprof.nsf/html/profile/040.html,
Q1654408,稲田朋美,福井県1区,-,,,福井1,,,稲田 朋美君,いなだ ともみ,自民,福井1,4,https://web.archive.org/web/20170928070514/http://www.shugiin.go.jp/internet/itdb_giinprof.nsf/html/profile/055.html,
Q11596723,稲津久,北海道10区,-,,,北海道10,,,稲津 久君,いなつ ひさし,公明,北海道10,3,https://web.archive.org/web/20170928070514/http://www.shugiin.go.jp/internet/itdb_giinprof.nsf/html/profile/056.html,
Q11373778,井野俊郎,群馬県2区,-,,,群馬2,,,井野 俊郎君,いの としろう,自民,群馬2,2,https://web.archive.org/web/20170928070514/http://www.shugiin.go.jp/internet/itdb_giinprof.nsf/html/profile/028.html,
Q7497583,井上信治,東京都25区,-,,,東京25,,,井上 信治君,いのうえ しんじ,自民,東京25,5,https://web.archive.org/web/20170928070514/http://www.shugiin.go.jp/internet/itdb_giinprof.nsf/html/profile/029.html,
Q11373245,井上貴博,福岡県1区,-,,,福岡1,,,井上 貴博君,いのうえ たかひろ,自民,福岡1,2,https://web.archive.org/web/20170928070514/http://www.shugiin.go.jp/internet/itdb_giinprof.nsf/html/profile/030.html,
Q11373203,井上英孝,大阪府1区,-,,,大阪1,,,井上 英孝君,いのうえ ひでたか,維新,大阪1,2,https://web.archive.org/web/20170928070514/http://www.shugiin.go.jp/internet/itdb_giinprof.nsf/html/profile/031.html,
Q49936,井上義久,-,東北,,,,東北,,井上 義久君,いのうえ よしひさ,公明,（比）東北,8,https://web.archive.org/web/20170928070514/http://www.shugiin.go.jp/internet/itdb_giinprof.nsf/html/profile/032.html,
Q11373633,井林辰憲,静岡県2区,-,,,静岡2,,,井林 辰憲君,いばやし たつのり,自民,静岡2,2,https://web.archive.org/web/20170928070514/http://www.shugiin.go.jp/internet/itdb_giinprof.nsf/html/profile/033.html,
Q729599,伊吹文明,京都府1区,-,,,京都1,,,伊吹 文明君,いぶき ぶんめい,自民,京都1,11,https://web.archive.org/web/20170928070514/http://www.shugiin.go.jp/internet/itdb_giinprof.nsf/html/profile/041.html,
Q11376723,今井雅人,-,東海,,,,東海,,今井 雅人君,いまい まさと,民進,（比）東海,3,https://web.archive.org/web/20170928070514/http://www.shugiin.go.jp/internet/itdb_giinprof.nsf/html/profile/057.html,
Q11377132,今枝宗一郎,愛知県14区,-,,,愛知14,,,今枝 宗一郎君,いまえだ そういちろう,自民,愛知14,2,https://web.archive.org/web/20170928070514/http://www.shugiin.go.jp/internet/itdb_giinprof.nsf/html/profile/058.html,
Q11377294,今津寛,-,北海道,,,,北海道,,今津 寛君,いまず ひろし,自民,（比）北海道,7,https://web.archive.org/web/20170928070514/http://www.shugiin.go.jp/internet/itdb_giinprof.nsf/html/profile/059.html,
Q6782366,今村雅弘,-,九州,,,,九州,,今村 雅弘君,いまむら まさひろ,自民,（比）九州,7,https://web.archive.org/web/20170928070514/http://www.shugiin.go.jp/internet/itdb_giinprof.nsf/html/profile/060.html,
Q11475456,岩田和親,-,九州,,,,九州,,岩田 和親君,いわた かずちか,自民,（比）九州,2,https://web.archive.org/web/20170928070514/http://www.shugiin.go.jp/internet/itdb_giinprof.nsf/html/profile/061.html,
Q1654639,岩屋毅,大分県3区,-,,,大分3,,,岩屋 毅君,いわや たけし,自民,大分3,7,https://web.archive.org/web/20170928070514/http://www.shugiin.go.jp/internet/itdb_giinprof.nsf/html/profile/062.html,
Q11359720,上田勇,神奈川県6区,-,,,神奈川6,,,上田 勇君,うえだ いさむ,公明,神奈川6,7,https://web.archive.org/web/20170928070514/http://www.shugiin.go.jp/internet/itdb_giinprof.nsf/html/profile/064.html,
Q11360103,上西小百合,-,近畿,,,,近畿,,上西 小百合君,うえにし さゆり,無,（比）近畿,2,https://web.archive.org/web/20170928070514/http://www.shugiin.go.jp/internet/itdb_giinprof.nsf/html/profile/065.html,
Q6389276,うえの賢一郎,滋賀県2区,-,,,滋賀2,,,うえの賢一郎君,うえの けんいちろう,自民,滋賀2,3,https://web.archive.org/web/20170928070514/http://www.shugiin.go.jp/internet/itdb_giinprof.nsf/html/profile/063.html,
Q7820173,浮島智子,-,近畿,,,,近畿,,浮島 智子君,うきしま ともこ,公明,（比）近畿,2（参1）,https://web.archive.org/web/20170928070514/http://www.shugiin.go.jp/internet/itdb_giinprof.nsf/html/profile/066.html,
Q18700742,梅村さえこ,-,北関東,,,,北関東,,梅村 さえこ君,うめむら さえこ,共産,（比）北関東,1,https://web.archive.org/web/20170928070514/http://www.shugiin.go.jp/internet/itdb_giinprof.nsf/html/profile/067.html,
Q11558377,浦野靖人,-,近畿,,,,近畿,,浦野 靖人君,うらの やすと,維新,（比）近畿,2,https://web.archive.org/web/20170928070514/http://www.shugiin.go.jp/internet/itdb_giinprof.nsf/html/profile/068.html,
Q8056255,漆原良夫,-,北陸信越,,,,北陸信越,,漆原 良夫君,うるしばら よしお,公明,（比）北陸信越,7,https://web.archive.org/web/20170928070514/http://www.shugiin.go.jp/internet/itdb_giinprof.nsf/html/profile/069.html,
Q7706881,江崎鐵磨,愛知県10区,-,,,愛知10,,,江崎 鐵磨君,えさき てつま,自民,愛知10,6,https://web.archive.org/web/20170928070514/http://www.shugiin.go.jp/internet/itdb_giinprof.nsf/html/profile/070.html,
Q6389323,江田憲司,神奈川県8区,-,,,神奈川8,,,江田 憲司君,えだ けんじ,民進,神奈川8,5,https://web.archive.org/web/20170928070514/http://www.shugiin.go.jp/internet/itdb_giinprof.nsf/html/profile/071.html,
Q8050128,江田康幸,-,九州,,,,九州,,江田 康幸君,えだ やすゆき,公明,（比）九州,6,https://web.archive.org/web/20170928070514/http://www.shugiin.go.jp/internet/itdb_giinprof.nsf/html/profile/072.html,
Q732087,枝野幸男,埼玉県5区,-,,,埼玉5,,,枝野 幸男君,えだの ゆきお,民進,埼玉5,8,https://web.archive.org/web/20170928070514/http://www.shugiin.go.jp/internet/itdb_giinprof.nsf/html/profile/076.html,
Q49999,江渡聡徳,青森県2区,-,,,青森2,,,江渡 聡徳君,えと あきのり,自民,青森2,6,https://web.archive.org/web/20170928070514/http://www.shugiin.go.jp/internet/itdb_giinprof.nsf/html/profile/073.html,
Q405527,衛藤征士郎,大分県2区,-,,,大分2,,,衛藤 征士郎君,えとう せいしろう,自民,大分2,11（参1）,https://web.archive.org/web/20170928070514/http://www.shugiin.go.jp/internet/itdb_giinprof.nsf/html/profile/075.html,
Q7678527,江藤拓,宮崎県2区,-,,,宮崎2,,,江藤 拓君,えとう たく,自民,宮崎2,5,https://web.archive.org/web/20170928070514/http://www.shugiin.go.jp/internet/itdb_giinprof.nsf/html/profile/074.html,
Q11642258,遠藤敬,大阪府18区,-,,,大阪18,,,遠藤 敬君,えんどう たかし,維新,大阪18,2,https://web.archive.org/web/20170928070514/http://www.shugiin.go.jp/internet/itdb_giinprof.nsf/html/profile/077.html,
Q7827620,遠藤利明,山形県1区,-,,,山形1,,,遠藤 利明君,えんどう としあき,自民,山形1,7,https://web.archive.org/web/20170928070514/http://www.shugiin.go.jp/internet/itdb_giinprof.nsf/html/profile/078.html,
Q11434738,大岡敏孝,滋賀県1区,-,,,滋賀1,,,大岡 敏孝君,おおおか としたか,自民,滋賀1,2,https://web.archive.org/web/20170928070514/http://www.shugiin.go.jp/internet/itdb_giinprof.nsf/html/profile/092.html,
Q5771003,大串博志,-,九州,,,,九州,,大串 博志君,おおぐし ひろし,民進,（比）九州,4,https://web.archive.org/web/20170928070514/http://www.shugiin.go.jp/internet/itdb_giinprof.nsf/html/profile/093.html,
Q11431868,大串正樹,兵庫県6区,-,,,兵庫6,,,大串 正樹君,おおぐし まさき,自民,兵庫6,2,https://web.archive.org/web/20170928070514/http://www.shugiin.go.jp/internet/itdb_giinprof.nsf/html/profile/094.html,
Q11433281,大口善徳,-,東海,,,,東海,,大口 善徳君,おおぐち よしのり,公明,（比）東海,7,https://web.archive.org/web/20170928070514/http://www.shugiin.go.jp/internet/itdb_giinprof.nsf/html/profile/095.html,
Q20039047,大隈和英,-,近畿,,,,近畿,,大隈 和英君,おおくま かずひで,自民,（比）近畿,1,https://web.archive.org/web/20170928070514/http://www.shugiin.go.jp/internet/itdb_giinprof.nsf/html/profile/096.html,
Q7446737,逢坂誠二,北海道8区,-,,,北海道8,,,逢坂 誠二君,おおさか せいじ,民進,北海道8,3,https://web.archive.org/web/20170928070514/http://www.shugiin.go.jp/internet/itdb_giinprof.nsf/html/profile/110.html,
Q4817826,大島敦,埼玉県6区,-,,,埼玉6,,,大島 敦君,おおしま あつし,民進,埼玉6,6,https://web.archive.org/web/20170928070514/http://www.shugiin.go.jp/internet/itdb_giinprof.nsf/html/profile/097.html,
Q49998,大島理森,青森県3区,-,,,青森3,,,大島 理森君,おおしま ただもり,無,青森3,11,https://web.archive.org/web/20170928070514/http://www.shugiin.go.jp/internet/itdb_giinprof.nsf/html/profile/098.html,
Q337406,太田昭宏,東京都12区,-,,,東京12,,,太田 昭宏君,おおた あきひろ,公明,東京12,7,https://web.archive.org/web/20170928070514/http://www.shugiin.go.jp/internet/itdb_giinprof.nsf/html/profile/108.html,
Q6381578,太田和美,-,南関東,,,,南関東,,太田 和美君,おおた かずみ,民進,（比）南関東,3,https://web.archive.org/web/20170928070514/http://www.shugiin.go.jp/internet/itdb_giinprof.nsf/html/profile/109.html,
Q7677366,大塚高司,大阪府8区,-,,,大阪8,,,大塚 高司君,おおつか たかし,自民,大阪8,3,https://web.archive.org/web/20170928070514/http://www.shugiin.go.jp/internet/itdb_giinprof.nsf/html/profile/099.html,
Q7678536,大塚拓,埼玉県9区,-,,,埼玉9,,,大塚 拓君,おおつか たく,自民,埼玉9,3,https://web.archive.org/web/20170928070514/http://www.shugiin.go.jp/internet/itdb_giinprof.nsf/html/profile/100.html,
Q11438832,大西健介,愛知県13区,-,,,愛知13,,,大西 健介君,おおにし けんすけ,民進,愛知13,3,https://web.archive.org/web/20170928070514/http://www.shugiin.go.jp/internet/itdb_giinprof.nsf/html/profile/101.html,
Q11438916,大西英男,東京都16区,-,,,東京16,,,大西 英男君,おおにし ひでお,自民,東京16,2,https://web.archive.org/web/20170928070514/http://www.shugiin.go.jp/internet/itdb_giinprof.nsf/html/profile/102.html,
Q20039110,大西宏幸,-,近畿,,,,近畿,,大西 宏幸君,おおにし ひろゆき,自民,（比）近畿,1,https://web.archive.org/web/20170928070514/http://www.shugiin.go.jp/internet/itdb_giinprof.nsf/html/profile/103.html,
Q11439619,大野敬太郎,香川県3区,-,,,香川3,,,大野 敬太郎君,おおの けいたろう,自民,香川3,2,https://web.archive.org/web/20170928070514/http://www.shugiin.go.jp/internet/itdb_giinprof.nsf/html/profile/104.html,
Q418119,大畠章宏,茨城県5区,-,,,茨城5,,,大畠 章宏君,おおはた あきひろ,民進,茨城5,9,https://web.archive.org/web/20170928070514/http://www.shugiin.go.jp/internet/itdb_giinprof.nsf/html/profile/105.html,
Q30144920,大平喜信,-,中国,,,,中国,,大平 喜信君,おおひら よしのぶ,共産,（比）中国,1,https://web.archive.org/web/20170928070514/http://www.shugiin.go.jp/internet/itdb_giinprof.nsf/html/profile/106.html,
Q11438945,大見正,-,東海,,,,東海,,大見 正君,おおみ せい,自民,（比）東海,2,https://web.archive.org/web/20170928070514/http://www.shugiin.go.jp/internet/itdb_giinprof.nsf/html/profile/107.html,
Q20039172,岡下昌平,-,近畿,,,,近畿,,岡下 昌平君,おかした しょうへい,自民,（比）近畿,1,https://web.archive.org/web/20170928070514/http://www.shugiin.go.jp/internet/itdb_giinprof.nsf/html/profile/111.html,
Q513317,岡田克也,三重県3区,-,,,三重3,,,岡田 克也君,おかだ かつや,民進,三重3,9,https://web.archive.org/web/20170928070514/http://www.shugiin.go.jp/internet/itdb_giinprof.nsf/html/profile/112.html,
Q6140382,緒方林太郎,-,九州,,,,九州,,緒方 林太郎君,おがた りんたろう,民進,（比）九州,2,https://web.archive.org/web/20170928070514/http://www.shugiin.go.jp/internet/itdb_giinprof.nsf/html/profile/091.html,
Q16264927,岡本三成,-,北関東,,,,北関東,,岡本 三成君,おかもと みつなり,公明,（比）北関東,2,https://web.archive.org/web/20170928070514/http://www.shugiin.go.jp/internet/itdb_giinprof.nsf/html/profile/113.html,
Q6883317,岡本充功,-,東海,,,,東海,,岡本 充功君,おかもと みつのり,民進,（比）東海,4,https://web.archive.org/web/20170928070514/http://www.shugiin.go.jp/internet/itdb_giinprof.nsf/html/profile/114.html,
Q6314413,小川淳也,-,四国,,,,四国,,小川 淳也君,おがわ じゅんや,民進,（比）四国,4,https://web.archive.org/web/20170928070514/http://www.shugiin.go.jp/internet/itdb_giinprof.nsf/html/profile/079.html,
Q7497769,奥野信亮,奈良県3区,-,,,奈良3,,,奥野 信亮君,おくの しんすけ,自民,奈良3,4,https://web.archive.org/web/20170928070514/http://www.shugiin.go.jp/internet/itdb_giinprof.nsf/html/profile/115.html,
Q11446165,奥野総一郎,-,南関東,,,,南関東,,奥野 総一郎君,おくの そういちろう,民進,（比）南関東,3,https://web.archive.org/web/20170928070514/http://www.shugiin.go.jp/internet/itdb_giinprof.nsf/html/profile/116.html,
Q11462766,小熊慎司,福島県4区,-,,,福島4,,,小熊 慎司君,おぐま しんじ,民進,福島4,2（参1）,https://web.archive.org/web/20170928070514/http://www.shugiin.go.jp/internet/itdb_giinprof.nsf/html/profile/080.html,
Q11458942,小倉將信,東京都23区,-,,,東京23,,,小倉 將信君,おぐら まさのぶ,自民,東京23,2,https://web.archive.org/web/20170928070514/http://www.shugiin.go.jp/internet/itdb_giinprof.nsf/html/profile/081.html,
Q5637084,小此木八郎,神奈川県3区,-,,,神奈川3,,,小此木 八郎君,おこのぎ はちろう,自民,神奈川3,7,https://web.archive.org/web/20170928070514/http://www.shugiin.go.jp/internet/itdb_giinprof.nsf/html/profile/082.html,
Q8049988,小里泰弘,鹿児島県4区,-,,,鹿児島4,,,小里 泰弘君,おざと やすひろ,自民,鹿児島4,4,https://web.archive.org/web/20170928070514/http://www.shugiin.go.jp/internet/itdb_giinprof.nsf/html/profile/083.html,
Q459998,小沢一郎,岩手県4区,-,,,岩手4,,,小沢 一郎君,おざわ いちろう,自由,岩手4,16,https://web.archive.org/web/20170928070514/http://www.shugiin.go.jp/internet/itdb_giinprof.nsf/html/profile/084.html,
Q978256,小沢鋭仁,-,近畿,,,,近畿,,小沢 鋭仁君,おざわ さきひと,維新,（比）近畿,8,https://web.archive.org/web/20170928070514/http://www.shugiin.go.jp/internet/itdb_giinprof.nsf/html/profile/085.html,
Q11462993,小田原潔,東京都21区,-,,,東京21,,,小田原 潔君,おだわら きよし,自民,東京21,2,https://web.archive.org/web/20170928070514/http://www.shugiin.go.jp/internet/itdb_giinprof.nsf/html/profile/086.html,
Q7677226,越智隆雄,東京都6区,-,,,東京6,,,越智 隆雄君,おち たかお,自民,東京6,3,https://web.archive.org/web/20170928070514/http://www.shugiin.go.jp/internet/itdb_giinprof.nsf/html/profile/090.html,
Q18700919,落合貴之,-,東京,,,,東京都,,落合 貴之君,おちあい たかゆき,民進,（比）東京都,1,https://web.archive.org/web/20170928070514/http://www.shugiin.go.jp/internet/itdb_giinprof.nsf/html/profile/117.html,
Q11673487,鬼木誠,福岡県2区,-,,,福岡2,,,鬼木 誠君,おにき まこと,自民,福岡2,2,https://web.archive.org/web/20170928070514/http://www.shugiin.go.jp/internet/itdb_giinprof.nsf/html/profile/118.html,
Q49969,小野寺五典,宮城県6区,-,,,宮城6,,,小野寺 五典君,おのでら いつのり,自民,宮城6,6,https://web.archive.org/web/20170928070514/http://www.shugiin.go.jp/internet/itdb_giinprof.nsf/html/profile/087.html,
Q455848,小渕優子,群馬県5区,-,,,群馬5,,,小渕 優子君,おぶち ゆうこ,自民,群馬5,6,https://web.archive.org/web/20170928070514/http://www.shugiin.go.jp/internet/itdb_giinprof.nsf/html/profile/088.html,
Q11465449,尾身朝子,-,北関東,,,,北関東,,尾身 朝子君,おみ あさこ,自民,（比）北関東,1,https://web.archive.org/web/20170928070514/http://www.shugiin.go.jp/internet/itdb_giinprof.nsf/html/profile/089.html,
-,,-,-,,,選挙区,,平成29年9月26日現在,,ふりがな,会派,選挙区,当選回数,,
Q11535033,柿沢未途,東京都15区,-,,,東京15,,,柿沢 未途君,かきざわ みと,民進,東京15,3,https://web.archive.org/web/20171003114257/http://www.shugiin.go.jp/internet/itdb_giinprof.nsf/html/profile/122.html,
Q4701145,笠井亮,-,東京,,,,東京都,,笠井 亮君,かさい あきら,共産,（比）東京都,4（参1）,https://web.archive.org/web/20171003114257/http://www.shugiin.go.jp/internet/itdb_giinprof.nsf/html/profile/123.html,
Q5770884,梶山弘志,茨城県4区,-,,,茨城4,,,梶山 弘志君,かじやま ひろし,自民,茨城4,6,https://web.archive.org/web/20171003114257/http://www.shugiin.go.jp/internet/itdb_giinprof.nsf/html/profile/124.html,
Q11400372,勝沼栄明,-,東北,,,,東北,,勝沼 栄明君,かつぬま しげあき,自民,（比）東北,2,https://web.archive.org/web/20171003114257/http://www.shugiin.go.jp/internet/itdb_giinprof.nsf/html/profile/125.html,
Q11400147,勝俣孝明,-,東海,,,,東海,,勝俣 孝明君,かつまた たかあき,自民,（比）東海,2,https://web.archive.org/web/20171003114257/http://www.shugiin.go.jp/internet/itdb_giinprof.nsf/html/profile/126.html,
Q11654965,門博文,-,近畿,,,,近畿,,門 博文君,かど ひろふみ,自民,（比）近畿,2,https://web.archive.org/web/20171003114257/http://www.shugiin.go.jp/internet/itdb_giinprof.nsf/html/profile/127.html,
Q18701018,加藤鮎子,山形県3区,-,,,山形3,,,加藤 鮎子君,かとう あゆこ,自民,山形3,1,https://web.archive.org/web/20171003114257/http://www.shugiin.go.jp/internet/itdb_giinprof.nsf/html/profile/119.html,
Q6378155,加藤勝信,岡山県5区,-,,,岡山5,,,加藤 勝信君,かとう かつのぶ,自民,岡山5,5,https://web.archive.org/web/20171003114257/http://www.shugiin.go.jp/internet/itdb_giinprof.nsf/html/profile/120.html,
Q11399159,加藤寛治,長崎県2区,-,,,長崎2,,,加藤 寛治君,かとう かんじ,自民,長崎2,2,https://web.archive.org/web/20171003114257/http://www.shugiin.go.jp/internet/itdb_giinprof.nsf/html/profile/121.html,
Q16769971,門山宏哲,-,南関東,,,,南関東,,門山 宏哲君,かどやま ひろあき,自民,（比）南関東,2,https://web.archive.org/web/20171003114257/http://www.shugiin.go.jp/internet/itdb_giinprof.nsf/html/profile/128.html,
Q11646784,金子恵美,新潟県4区,東北,,,,東北,,金子 恵美君,かねこ えみ,民進,（比）東北,1（参1）,https://web.archive.org/web/20171003114257/http://www.shugiin.go.jp/internet/itdb_giinprof.nsf/html/profile/129.html,
Q382231,金子一義,岐阜県4区,-,,,岐阜4,,,金子 一義君,かねこ かずよし,自民,岐阜4,10,https://web.archive.org/web/20171003114257/http://www.shugiin.go.jp/internet/itdb_giinprof.nsf/html/profile/130.html,
Q16770033,金子万寿夫,鹿児島県2区,-,,,鹿児島2,,,金子 万寿夫君,かねこ ますお,自民,鹿児島2,2,https://web.archive.org/web/20171003114257/http://www.shugiin.go.jp/internet/itdb_giinprof.nsf/html/profile/131.html,
Q11646784,金子めぐみ,-,-,,,新潟4,,,金子 めぐみ君,かねこ めぐみ,自民,新潟4,2,https://web.archive.org/web/20171003114257/http://www.shugiin.go.jp/internet/itdb_giinprof.nsf/html/profile/132.html,
Q8050092,金子恭之,熊本県5区,-,,,熊本5,,,金子 恭之君,かねこ やすし,自民,熊本5,6,https://web.archive.org/web/20171003114257/http://www.shugiin.go.jp/internet/itdb_giinprof.nsf/html/profile/133.html,
Q11647681,金田勝年,秋田県2区,-,,,秋田2,,,金田 勝年君,かねだ かつとし,自民,秋田2,3（参2）,https://web.archive.org/web/20171003114257/http://www.shugiin.go.jp/internet/itdb_giinprof.nsf/html/profile/134.html,
Q276275,上川陽子,静岡県1区,-,,,静岡1,,,上川 陽子君,かみかわ ようこ,自民,静岡1,5,https://web.archive.org/web/20171003114257/http://www.shugiin.go.jp/internet/itdb_giinprof.nsf/html/profile/135.html,
Q20039502,神谷昇,-,近畿,,,,近畿,,神谷 昇君,かみたに のぼる,自民,（比）近畿,1,https://web.archive.org/web/20171003114257/http://www.shugiin.go.jp/internet/itdb_giinprof.nsf/html/profile/136.html,
Q11589528,神山佐市,埼玉県7区,-,,,埼玉7,,,神山 佐市君,かみやま さいち,自民,埼玉7,2,https://web.archive.org/web/20171003114257/http://www.shugiin.go.jp/internet/itdb_giinprof.nsf/html/profile/137.html,
Q11589542,神山洋介,-,南関東,,,,南関東,,神山 洋介君,かみやま ようすけ,民進,（比）南関東,2,https://web.archive.org/web/20171003114257/http://www.shugiin.go.jp/internet/itdb_giinprof.nsf/html/profile/138.html,
Q1133463,亀井静香,広島県6区,-,,,広島6,,,亀井 静香君,かめい しずか,無,広島6,13,https://web.archive.org/web/20171003114257/http://www.shugiin.go.jp/internet/itdb_giinprof.nsf/html/profile/139.html,
Q8056299,亀岡偉民,福島県1区,-,,,福島1,,,亀岡 偉民君,かめおか よしたみ,自民,福島1,3,https://web.archive.org/web/20171003114257/http://www.shugiin.go.jp/internet/itdb_giinprof.nsf/html/profile/140.html,
Q730991,鴨下一郎,東京都13区,-,,,東京13,,,鴨下 一郎君,かもした いちろう,自民,東京13,8,https://web.archive.org/web/20171003114257/http://www.shugiin.go.jp/internet/itdb_giinprof.nsf/html/profile/141.html,
Q11553342,河井克行,広島県3区,-,,,広島3,,,河井 克行君,かわい かつゆき,自民,広島3,6,https://web.archive.org/web/20171003114257/http://www.shugiin.go.jp/internet/itdb_giinprof.nsf/html/profile/143.html,
Q1689655,川崎二郎,三重県1区,-,,,三重1,,,川崎 二郎君,かわさき じろう,自民,三重1,11,https://web.archive.org/web/20171003114257/http://www.shugiin.go.jp/internet/itdb_giinprof.nsf/html/profile/142.html,
Q11554229,河野正美,-,九州,,,,九州,,河野 正美君,かわの まさみ,維新,（比）九州,2,https://web.archive.org/web/20171003114257/http://www.shugiin.go.jp/internet/itdb_giinprof.nsf/html/profile/144.html,
Q1131518,川端達夫,-,近畿,,,,近畿,,川端 達夫君,かわばた たつお,無,（比）近畿,10,https://web.archive.org/web/20171003114257/http://www.shugiin.go.jp/internet/itdb_giinprof.nsf/html/profile/002.html,
Q382311,河村建夫,山口県3区,-,,,山口3,,,河村 建夫君,かわむら たけお,自民,山口3,9,https://web.archive.org/web/20171003114257/http://www.shugiin.go.jp/internet/itdb_giinprof.nsf/html/profile/145.html,
Q47846,菅直人,-,東京,,,,東京都,,菅 直人君,かん なおと,民進,（比）東京都,12,https://web.archive.org/web/20171003114257/http://www.shugiin.go.jp/internet/itdb_giinprof.nsf/html/profile/147.html,
Q11619261,菅家一郎,-,東北,,,,東北,,菅家 一郎君,かんけ いちろう,自民,（比）東北,2,https://web.archive.org/web/20171003114257/http://www.shugiin.go.jp/internet/itdb_giinprof.nsf/html/profile/148.html,
Q11590601,神田憲次,-,東海,,,,東海,,神田 憲次君,かんだ けんじ,自民,（比）東海,2,https://web.archive.org/web/20171003114257/http://www.shugiin.go.jp/internet/itdb_giinprof.nsf/html/profile/146.html,
Q11518163,木内孝胤,-,東京,,,,東京都,,木内 孝胤君,きうち たかたね,無,（比）東京都,2,https://web.archive.org/web/20171003114257/http://www.shugiin.go.jp/internet/itdb_giinprof.nsf/html/profile/149.html,
Q11518159,木内均,-,北陸信越,,,,北陸信越,,木内 均君,きうち ひとし,自民,（比）北陸信越,2,https://web.archive.org/web/20171003114257/http://www.shugiin.go.jp/internet/itdb_giinprof.nsf/html/profile/150.html,
Q11425985,城内実,静岡県7区,-,,,静岡7,,,城内 実君,きうち みのる,自民,静岡7,4,https://web.archive.org/web/20171003114257/http://www.shugiin.go.jp/internet/itdb_giinprof.nsf/html/profile/157.html,
Q7827415,黄川田徹,岩手県3区,-,,,岩手3,,,黄川田 徹君,きかわだ とおる,民進,岩手3,6,https://web.archive.org/web/20171003114257/http://www.shugiin.go.jp/internet/itdb_giinprof.nsf/html/profile/158.html,
Q11677736,黄川田仁志,埼玉県3区,-,,,埼玉3,,,黄川田 仁志君,きかわだ ひとし,自民,埼玉3,2,https://web.archive.org/web/20171003114257/http://www.shugiin.go.jp/internet/itdb_giinprof.nsf/html/profile/159.html,
Q6739516,菊田真紀子,-,北陸信越,,,,北陸信越,,菊田 真紀子君,きくた まきこ,民進,（比）北陸信越,5,https://web.archive.org/web/20171003114257/http://www.shugiin.go.jp/internet/itdb_giinprof.nsf/html/profile/160.html,
Q1995125,岸信夫,山口県2区,-,,,山口2,,,岸 信夫君,きし のぶお,自民,山口2,2（参2）,https://web.archive.org/web/20171003114257/http://www.shugiin.go.jp/internet/itdb_giinprof.nsf/html/profile/161.html,
Q359480,岸田文雄,広島県1区,-,,,広島1,,,岸田 文雄君,きしだ ふみお,自民,広島1,8,https://web.archive.org/web/20171003114257/http://www.shugiin.go.jp/internet/itdb_giinprof.nsf/html/profile/162.html,
Q11475894,岸本周平,和歌山県1区,-,,,和歌山1,,,岸本 周平君,きしもと しゅうへい,民進,和歌山1,3,https://web.archive.org/web/20171003114257/http://www.shugiin.go.jp/internet/itdb_giinprof.nsf/html/profile/163.html,
Q6383814,北神圭朗,-,-,2016-04,,,近畿,,北神 圭朗君,きたがみ けいろう,民進,（比）近畿,3,https://web.archive.org/web/20171003114257/http://www.shugiin.go.jp/internet/itdb_giinprof.nsf/html/profile/502.html,
Q6381645,北側一雄,大阪府16区,-,,,大阪16,,,北側 一雄君,きたがわ かずお,公明,大阪16,8,https://web.archive.org/web/20171003114257/http://www.shugiin.go.jp/internet/itdb_giinprof.nsf/html/profile/165.html,
Q265174,北川知克,大阪府12区,-,,,大阪12,,,北川 知克君,きたがわ ともかつ,自民,大阪12,5,https://web.archive.org/web/20171003114257/http://www.shugiin.go.jp/internet/itdb_giinprof.nsf/html/profile/164.html,
Q7496361,北村茂男,石川県3区,-,,,石川3,,,北村 茂男君,きたむら しげお,自民,石川3,4,https://web.archive.org/web/20171003114257/http://www.shugiin.go.jp/internet/itdb_giinprof.nsf/html/profile/166.html,
Q7446686,北村誠吾,長崎県4区,-,,,長崎4,,,北村 誠吾君,きたむら せいご,自民,長崎4,6,https://web.archive.org/web/20171003114257/http://www.shugiin.go.jp/internet/itdb_giinprof.nsf/html/profile/167.html,
Q11518048,木下智彦,-,近畿,,,,近畿,,木下 智彦君,きのした ともひこ,維新,（比）近畿,2,https://web.archive.org/web/20171003114257/http://www.shugiin.go.jp/internet/itdb_giinprof.nsf/html/profile/151.html,
Q11518222,木原誠二,東京都20区,-,,,東京20,,,木原 誠二君,きはら せいじ,自民,東京20,3,https://web.archive.org/web/20171003114257/http://www.shugiin.go.jp/internet/itdb_giinprof.nsf/html/profile/152.html,
Q11518220,木原稔,熊本県1区,-,,,熊本1,,,木原 稔君,きはら みのる,自民,熊本1,3,https://web.archive.org/web/20171003114257/http://www.shugiin.go.jp/internet/itdb_giinprof.nsf/html/profile/153.html,
Q20039675,木村弥生,-,北関東,,,,北関東,,木村 弥生君,きむら やよい,自民,（比）北関東,1,https://web.archive.org/web/20171003114257/http://www.shugiin.go.jp/internet/itdb_giinprof.nsf/html/profile/155.html,
Q7504802,吉良州司,大分県1区,-,,,大分1,,,吉良 州司君,きら しゅうじ,民進,大分1,4,https://web.archive.org/web/20171003114257/http://www.shugiin.go.jp/internet/itdb_giinprof.nsf/html/profile/156.html,
Q11479573,工藤彰三,愛知県4区,-,,,愛知4,,,工藤 彰三君,くどう しょうぞう,自民,愛知4,2,https://web.archive.org/web/20171003114257/http://www.shugiin.go.jp/internet/itdb_giinprof.nsf/html/profile/168.html,
Q11422753,國重徹,大阪府5区,-,,,大阪5,,,國重 徹君,くにしげ とおる,公明,大阪5,2,https://web.archive.org/web/20171003114257/http://www.shugiin.go.jp/internet/itdb_giinprof.nsf/html/profile/169.html,
Q11568677,熊田裕通,愛知県1区,-,,,愛知1,,,熊田 裕通君,くまだ ひろみち,自民,愛知1,2,https://web.archive.org/web/20171003114257/http://www.shugiin.go.jp/internet/itdb_giinprof.nsf/html/profile/170.html,
Q11678114,黒岩宇洋,新潟県3区,-,,,新潟3,,,黒岩 宇洋君,くろいわ たかひろ,民進,新潟3,2（参1）,https://web.archive.org/web/20171003114257/http://www.shugiin.go.jp/internet/itdb_giinprof.nsf/html/profile/171.html,
Q58213,玄葉光一郎,福島県3区,-,,,福島3,,,玄葉 光一郎君,げんば こういちろう,民進,福島3,8,https://web.archive.org/web/20171003114257/http://www.shugiin.go.jp/internet/itdb_giinprof.nsf/html/profile/172.html,
Q661410,小泉進次郎,神奈川県11区,-,,,神奈川11,,,小泉 進次郎君,こいずみ しんじろう,自民,神奈川11,3,https://web.archive.org/web/20171003114257/http://www.shugiin.go.jp/internet/itdb_giinprof.nsf/html/profile/174.html,
Q11462582,小泉龍司,埼玉県11区,-,,,埼玉11,,,小泉 龍司君,こいずみ りゅうじ,無,埼玉11,5,https://web.archive.org/web/20171003114257/http://www.shugiin.go.jp/internet/itdb_giinprof.nsf/html/profile/175.html,
Q1161024,河野太郎,神奈川県15区,-,,,神奈川15,,,河野 太郎君,こうの たろう,自民,神奈川15,7,https://web.archive.org/web/20171003114257/http://www.shugiin.go.jp/internet/itdb_giinprof.nsf/html/profile/186.html,
Q697969,高村正彦,山口県1区,-,,,山口1,,,高村 正彦君,こうむら まさひこ,自民,山口1,12,https://web.archive.org/web/20171003114257/http://www.shugiin.go.jp/internet/itdb_giinprof.nsf/html/profile/187.html,
Q11411691,古賀篤,福岡県3区,-,,,福岡3,,,古賀 篤君,こが あつし,自民,福岡3,2,https://web.archive.org/web/20171003114257/http://www.shugiin.go.jp/internet/itdb_giinprof.nsf/html/profile/182.html,
Q6383646,穀田恵二,-,近畿,,,,近畿,,穀田 恵二君,こくた けいじ,共産,（比）近畿,8,https://web.archive.org/web/20171003114257/http://www.shugiin.go.jp/internet/itdb_giinprof.nsf/html/profile/190.html,
Q11422694,國場幸之助,-,九州,,,,九州,,國場 幸之助君,こくば こうのすけ,自民,（比）九州,2,https://web.archive.org/web/20171003114257/http://www.shugiin.go.jp/internet/itdb_giinprof.nsf/html/profile/189.html,
Q11460163,小島敏文,-,中国,,,,中国,,小島 敏文君,こじま としふみ,自民,（比）中国,2,https://web.archive.org/web/20171003114257/http://www.shugiin.go.jp/internet/itdb_giinprof.nsf/html/profile/176.html,
Q11637774,輿水恵一,-,北関東,,,,北関東,,輿水 恵一君,こしみず けいいち,公明,（比）北関東,2,https://web.archive.org/web/20171003114257/http://www.shugiin.go.jp/internet/itdb_giinprof.nsf/html/profile/191.html,
Q7496422,後藤茂之,長野県4区,-,,,長野4,,,後藤 茂之君,ごとう しげゆき,自民,長野4,5,https://web.archive.org/web/20171003114257/http://www.shugiin.go.jp/internet/itdb_giinprof.nsf/html/profile/183.html,
Q11488572,後藤祐一,神奈川県16区,-,,,神奈川16,,,後藤 祐一君,ごとう ゆういち,無,神奈川16,3,https://web.archive.org/web/20171003114257/http://www.shugiin.go.jp/internet/itdb_giinprof.nsf/html/profile/184.html,
Q6782819,後藤田正純,徳島県1区,-,,,徳島1,,,後藤田 正純君,ごとうだ まさずみ,自民,徳島1,6,https://web.archive.org/web/20171003114257/http://www.shugiin.go.jp/internet/itdb_giinprof.nsf/html/profile/185.html,
Q11461955,小林鷹之,千葉県2区,-,,,千葉2,,,小林 鷹之君,こばやし たかゆき,自民,千葉2,2,https://web.archive.org/web/20171003114257/http://www.shugiin.go.jp/internet/itdb_giinprof.nsf/html/profile/177.html,
Q11461458,小林史明,広島県7区,-,,,広島7,,,小林 史明君,こばやし ふみあき,自民,広島7,2,https://web.archive.org/web/20171003114257/http://www.shugiin.go.jp/internet/itdb_giinprof.nsf/html/profile/178.html,
Q11461246,小松裕,-,北陸信越,,,,北陸信越,,小松 裕君,こまつ ゆたか,自民,（比）北陸信越,2,https://web.archive.org/web/20171003114257/http://www.shugiin.go.jp/internet/itdb_giinprof.nsf/html/profile/179.html,
Q8050022,小宮山泰子,-,北関東,,,,北関東,,小宮山 泰子君,こみやま やすこ,民進,（比）北関東,5,https://web.archive.org/web/20171003114257/http://www.shugiin.go.jp/internet/itdb_giinprof.nsf/html/profile/180.html,
Q11459848,小山展弘,-,東海,,,,東海,,小山 展弘君,こやま のぶひろ,民進,（比）東海,2,https://web.archive.org/web/20171003114257/http://www.shugiin.go.jp/internet/itdb_giinprof.nsf/html/profile/181.html,
Q653000,近藤昭一,愛知県3区,-,,,愛知3,,,近藤 昭一君,こんどう しょういち,民進,愛知3,7,https://web.archive.org/web/20171003114257/http://www.shugiin.go.jp/internet/itdb_giinprof.nsf/html/profile/193.html,
Q49943,近藤洋介,-,東北,,,,東北,,近藤 洋介君,こんどう ようすけ,民進,（比）東北,5,https://web.archive.org/web/20171003114257/http://www.shugiin.go.jp/internet/itdb_giinprof.nsf/html/profile/194.html,
Q17158474,今野智博,-,北関東,,,,北関東,,今野 智博君,こんの ともひろ,自民,（比）北関東,2,https://web.archive.org/web/20171003114257/http://www.shugiin.go.jp/internet/itdb_giinprof.nsf/html/profile/192.html,
-,,-,-,,,選挙区,,平成29年9月26日現在,,ふりがな,会派,選挙区,当選回数,,
Q18817567,斉藤和子,-,南関東,,,,南関東,,斉藤 和子君,さいとう かずこ,共産,（比）南関東,1,https://web.archive.org/web/20171005123125/http://www.shugiin.go.jp/internet/itdb_giinprof.nsf/html/profile/203.html,
Q11679075,齋藤健,千葉県7区,-,,,千葉7,,,齋藤 健君,さいとう けん,自民,千葉7,3,https://web.archive.org/web/20171005123125/http://www.shugiin.go.jp/internet/itdb_giinprof.nsf/html/profile/205.html,
Q926287,斉藤鉄夫,-,中国,,,,中国,,斉藤 鉄夫君,さいとう てつお,公明,（比）中国,8,https://web.archive.org/web/20171005123125/http://www.shugiin.go.jp/internet/itdb_giinprof.nsf/html/profile/204.html,
Q17158549,斎藤洋明,-,北陸信越,,,,北陸信越,,斎藤 洋明君,さいとう ひろあき,自民,（比）北陸信越,2,https://web.archive.org/web/20171005123125/http://www.shugiin.go.jp/internet/itdb_giinprof.nsf/html/profile/206.html,
Q6746574,坂井学,神奈川県5区,-,,,神奈川5,,,坂井 学君,さかい まなぶ,自民,神奈川5,3,https://web.archive.org/web/20171005123125/http://www.shugiin.go.jp/internet/itdb_giinprof.nsf/html/profile/207.html,
Q7706925,坂本哲志,熊本県3区,-,,,熊本3,,,坂本 哲志君,さかもと てつし,自民,熊本3,5,https://web.archive.org/web/20171005123125/http://www.shugiin.go.jp/internet/itdb_giinprof.nsf/html/profile/208.html,
Q17158714,坂本祐之輔,-,北関東,,,,北関東,,坂本 祐之輔君,さかもと ゆうのすけ,民進,（比）北関東,2,https://web.archive.org/web/20171005123125/http://www.shugiin.go.jp/internet/itdb_giinprof.nsf/html/profile/209.html,
Q8056290,櫻田義孝,千葉県8区,-,,,千葉8,,,櫻田 義孝君,さくらだ よしたか,自民,千葉8,6,https://web.archive.org/web/20171005123125/http://www.shugiin.go.jp/internet/itdb_giinprof.nsf/html/profile/210.html,
Q11602573,笹川博義,群馬県3区,-,,,群馬3,,,笹川 博義君,ささがわ ひろよし,自民,群馬3,2,https://web.archive.org/web/20171005123125/http://www.shugiin.go.jp/internet/itdb_giinprof.nsf/html/profile/211.html,
Q7677066,佐々木隆博,北海道6区,-,,,北海道6,,,佐々木 隆博君,ささき たかひろ,民進,北海道6,3,https://web.archive.org/web/20171005123125/http://www.shugiin.go.jp/internet/itdb_giinprof.nsf/html/profile/196.html,
Q17158871,佐々木紀,石川県2区,-,,,石川2,,,佐々木 紀君,ささき はじめ,自民,石川2,2,https://web.archive.org/web/20171005123125/http://www.shugiin.go.jp/internet/itdb_giinprof.nsf/html/profile/197.html,
Q5533162,佐田玄一郎,群馬県1区,-,,,群馬1,,,佐田 玄一郎君,さた げんいちろう,自民,群馬1,9,https://web.archive.org/web/20171005123125/http://www.shugiin.go.jp/internet/itdb_giinprof.nsf/html/profile/198.html,
Q9067667,左藤章,大阪府2区,-,,,大阪2,,,左藤 章君,さとう あきら,自民,大阪2,4,https://web.archive.org/web/20171005123125/http://www.shugiin.go.jp/internet/itdb_giinprof.nsf/html/profile/195.html,
Q7496342,佐藤茂樹,大阪府3区,-,,,大阪3,,,佐藤 茂樹君,さとう しげき,公明,大阪3,8,https://web.archive.org/web/20171005123125/http://www.shugiin.go.jp/internet/itdb_giinprof.nsf/html/profile/199.html,
Q1133360,佐藤勉,栃木県4区,-,,,栃木4,,,佐藤 勉君,さとう つとむ,自民,栃木4,7,https://web.archive.org/web/20171005123125/http://www.shugiin.go.jp/internet/itdb_giinprof.nsf/html/profile/200.html,
Q11384409,佐藤英道,-,北海道,,,,北海道,,佐藤 英道君,さとう ひでみち,公明,（比）北海道,2,https://web.archive.org/web/20171005123125/http://www.shugiin.go.jp/internet/itdb_giinprof.nsf/html/profile/201.html,
Q8060577,佐藤ゆかり,大阪府11区,-,,,大阪11,,,佐藤 ゆかり君,さとう ゆかり,自民,大阪11,2（参1）,https://web.archive.org/web/20171005123125/http://www.shugiin.go.jp/internet/itdb_giinprof.nsf/html/profile/202.html,
Q337507,志位和夫,-,南関東,,,,南関東,,志位 和夫君,しい かずお,共産,（比）南関東,8,https://web.archive.org/web/20171005123125/http://www.shugiin.go.jp/internet/itdb_giinprof.nsf/html/profile/212.html,
Q11647123,椎木保,-,-,2015-10,,,近畿,,椎木 保君,しいき たもつ,維新,（比）近畿,2,https://web.archive.org/web/20171005123125/http://www.shugiin.go.jp/internet/itdb_giinprof.nsf/html/profile/501.html,
Q7706956,塩川鉄也,-,北関東,,,,北関東,,塩川 鉄也君,しおかわ てつや,共産,（比）北関東,6,https://web.archive.org/web/20171005123125/http://www.shugiin.go.jp/internet/itdb_giinprof.nsf/html/profile/214.html,
Q360395,塩崎恭久,愛媛県1区,-,,,愛媛1,,,塩崎 恭久君,しおざき やすひさ,自民,愛媛1,7（参1）,https://web.archive.org/web/20171005123125/http://www.shugiin.go.jp/internet/itdb_giinprof.nsf/html/profile/215.html,
Q935199,塩谷立,静岡県8区,-,,,静岡8,,,塩谷 立君,しおのや りゅう,自民,静岡8,8,https://web.archive.org/web/20171005123125/http://www.shugiin.go.jp/internet/itdb_giinprof.nsf/html/profile/216.html,
Q11644760,重徳和彦,愛知県12区,-,,,愛知12,,,重徳 和彦君,しげとく かずひこ,民進,愛知12,2,https://web.archive.org/web/20171005123125/http://www.shugiin.go.jp/internet/itdb_giinprof.nsf/html/profile/217.html,
Q49875,階猛,岩手県1区,-,,,岩手1,,,階 猛君,しな たけし,民進,岩手1,4,https://web.archive.org/web/20171005123125/http://www.shugiin.go.jp/internet/itdb_giinprof.nsf/html/profile/218.html,
Q20040516,篠原豪,-,南関東,,,,南関東,,篠原 豪君,しのはら ごう,民進,（比）南関東,1,https://web.archive.org/web/20171005123125/http://www.shugiin.go.jp/internet/itdb_giinprof.nsf/html/profile/219.html,
Q7677369,篠原孝,長野県1区,-,,,長野1,,,篠原 孝君,しのはら たかし,民進,長野1,5,https://web.archive.org/web/20171005123125/http://www.shugiin.go.jp/internet/itdb_giinprof.nsf/html/profile/220.html,
Q6782350,柴山昌彦,埼玉県8区,-,,,埼玉8,,,柴山 昌彦君,しばやま まさひこ,自民,埼玉8,5,https://web.archive.org/web/20171005123125/http://www.shugiin.go.jp/internet/itdb_giinprof.nsf/html/profile/221.html,
Q17159494,島田佳和,-,東海,,,,東海,,島田 佳和君,しまだ よしかず,自民,（比）東海,2,https://web.archive.org/web/20171005123125/http://www.shugiin.go.jp/internet/itdb_giinprof.nsf/html/profile/222.html,
Q18817650,島津幸広,-,東海,,,,東海,,島津 幸広君,しまづ ゆきひろ,共産,（比）東海,1,https://web.archive.org/web/20171005123125/http://www.shugiin.go.jp/internet/itdb_giinprof.nsf/html/profile/223.html,
Q11560960,清水忠史,-,近畿,,,,近畿,,清水 忠史君,しみず ただし,共産,（比）近畿,1,https://web.archive.org/web/20171005123125/http://www.shugiin.go.jp/internet/itdb_giinprof.nsf/html/profile/213.html,
Q1761759,下地幹郎,-,九州,,,,九州,,下地 幹郎君,しもじ みきお,維新,（比）九州,5,https://web.archive.org/web/20171005123125/http://www.shugiin.go.jp/internet/itdb_giinprof.nsf/html/profile/224.html,
Q1655220,下村博文,東京都11区,-,,,東京11,,,下村 博文君,しもむら はくぶん,自民,東京11,7,https://web.archive.org/web/20171005123125/http://www.shugiin.go.jp/internet/itdb_giinprof.nsf/html/profile/225.html,
Q11580448,白須賀貴樹,千葉県13区,-,,,千葉13,,,白須賀 貴樹君,しらすか たかき,自民,千葉13,2,https://web.archive.org/web/20171005123125/http://www.shugiin.go.jp/internet/itdb_giinprof.nsf/html/profile/227.html,
Q15220933,新谷正義,-,中国,,,,中国,,新谷 正義君,しんたに まさよし,自民,（比）中国,2,https://web.archive.org/web/20171005123125/http://www.shugiin.go.jp/internet/itdb_giinprof.nsf/html/profile/228.html,
Q529792,新藤義孝,埼玉県2区,-,,,埼玉2,,,新藤 義孝君,しんどう よしたか,自民,埼玉2,6,https://web.archive.org/web/20171005123125/http://www.shugiin.go.jp/internet/itdb_giinprof.nsf/html/profile/229.html,
Q122465,菅義偉,神奈川県2区,-,,,神奈川2,,,菅 義偉君,すが よしひで,自民,神奈川2,7,https://web.archive.org/web/20171005123125/http://www.shugiin.go.jp/internet/itdb_giinprof.nsf/html/profile/230.html,
Q11619136,菅原一秀,東京都9区,-,,,東京9,,,菅原 一秀君,すがわら いっしゅう,自民,東京9,5,https://web.archive.org/web/20171005123125/http://www.shugiin.go.jp/internet/itdb_giinprof.nsf/html/profile/231.html,
Q11399825,助田重義,-,北陸信越,,,,北陸信越,,助田 重義君,すけだ しげよし,自民,（比）北陸信越,2,https://web.archive.org/web/20171005123125/http://www.shugiin.go.jp/internet/itdb_giinprof.nsf/html/profile/232.html,
Q129149,鈴木克昌,-,東海,,,,東海,,鈴木 克昌君,すずき かつまさ,民進,（比）東海,5,https://web.archive.org/web/20171005123125/http://www.shugiin.go.jp/internet/itdb_giinprof.nsf/html/profile/233.html,
Q6383909,鈴木馨祐,神奈川県7区,-,,,神奈川7,,,鈴木 馨祐君,すずき けいすけ,自民,神奈川7,3,https://web.archive.org/web/20171005123125/http://www.shugiin.go.jp/internet/itdb_giinprof.nsf/html/profile/234.html,
Q3482658,鈴木俊一,岩手県2区,-,,,岩手2,,,鈴木 俊一君,すずき しゅんいち,自民,岩手2,8,https://web.archive.org/web/20171005123125/http://www.shugiin.go.jp/internet/itdb_giinprof.nsf/html/profile/235.html,
Q11649031,鈴木淳司,-,東海,,,,東海,,鈴木 淳司君,すずき じゅんじ,自民,（比）東海,4,https://web.archive.org/web/20171005123125/http://www.shugiin.go.jp/internet/itdb_giinprof.nsf/html/profile/236.html,
Q17160031,鈴木貴子,-,北海道,,,,北海道,,鈴木 貴子君,すずき たかこ,自民,（比）北海道,2,https://web.archive.org/web/20171005123125/http://www.shugiin.go.jp/internet/itdb_giinprof.nsf/html/profile/237.html,
Q11648868,鈴木憲和,山形県2区,-,,,山形2,,,鈴木 憲和君,すずき のりかず,自民,山形2,2,https://web.archive.org/web/20171005123125/http://www.shugiin.go.jp/internet/itdb_giinprof.nsf/html/profile/238.html,
Q20040828,鈴木隼人,-,東京,,,,東京都,,鈴木 隼人君,すずき はやと,自民,（比）東京都,1,https://web.archive.org/web/20171005123125/http://www.shugiin.go.jp/internet/itdb_giinprof.nsf/html/profile/239.html,
Q11649189,鈴木義弘,-,北関東,,,,北関東,,鈴木 義弘君,すずき よしひろ,無,（比）北関東,2,https://web.archive.org/web/20171005123125/http://www.shugiin.go.jp/internet/itdb_giinprof.nsf/html/profile/240.html,
Q8056061,関芳弘,兵庫県3区,-,,,兵庫3,,,関 芳弘君,せき よしひろ,自民,兵庫3,3,https://web.archive.org/web/20171005123125/http://www.shugiin.go.jp/internet/itdb_giinprof.nsf/html/profile/242.html,
Q11566681,瀬戸隆一,-,四国,,,,四国,,瀬戸 隆一君,せと たかかず,自民,（比）四国,2,https://web.archive.org/web/20171005123125/http://www.shugiin.go.jp/internet/itdb_giinprof.nsf/html/profile/241.html,
Q1965622,薗浦健太郎,千葉県5区,-,,,千葉5,,,薗浦 健太郎君,そのうら けんたろう,自民,千葉5,3,https://web.archive.org/web/20171005123125/http://www.shugiin.go.jp/internet/itdb_giinprof.nsf/html/profile/244.html,
Q457774,園田博之,熊本県4区,-,,,熊本4,,,園田 博之君,そのだ ひろゆき,自民,熊本4,10,https://web.archive.org/web/20171005123125/http://www.shugiin.go.jp/internet/itdb_giinprof.nsf/html/profile/243.html,
-,,-,-,,,選挙区,,平成29年9月26日現在,,ふりがな,会派,選挙区,当選回数,,
Q6782264,平将明,東京都4区,-,,,東京4,,,平 将明君,たいら まさあき,自民,東京4,4,https://web.archive.org/web/20171009080421/http://www.shugiin.go.jp/internet/itdb_giinprof.nsf/html/profile/255.html,
Q11668691,高井崇志,-,中国,,,,中国,,高井 崇志君,たかい たかし,民進,（比）中国,2,https://web.archive.org/web/20171009080421/http://www.shugiin.go.jp/internet/itdb_giinprof.nsf/html/profile/256.html,
Q1705028,高市早苗,奈良県2区,-,,,奈良2,,,高市 早苗君,たかいち さなえ,自民,奈良2,7,https://web.archive.org/web/20171009080421/http://www.shugiin.go.jp/internet/itdb_giinprof.nsf/html/profile/257.html,
Q7850389,高木毅,福井県2区,-,,,福井2,,,高木 毅君,たかぎ つよし,自民,福井2,6,https://web.archive.org/web/20171009080421/http://www.shugiin.go.jp/internet/itdb_giinprof.nsf/html/profile/258.html,
Q11670038,高木宏壽,北海道3区,-,,,北海道3,,,高木 宏壽君,たかぎ ひろひさ,自民,北海道3,2,https://web.archive.org/web/20171009080421/http://www.shugiin.go.jp/internet/itdb_giinprof.nsf/html/profile/259.html,
Q6837950,高木美智代,-,東京,,,,東京都,,高木 美智代君,たかぎ みちよ,公明,（比）東京都,5,https://web.archive.org/web/20171009080421/http://www.shugiin.go.jp/internet/itdb_giinprof.nsf/html/profile/260.html,
Q8062685,高木陽介,-,東京,,,,東京都,,高木 陽介君,たかぎ ようすけ,公明,（比）東京都,7,https://web.archive.org/web/20171009080421/http://www.shugiin.go.jp/internet/itdb_giinprof.nsf/html/profile/261.html,
Q472792,高木義明,-,九州,,,,九州,,高木 義明君,たかき よしあき,民進,（比）九州,9,https://web.archive.org/web/20171009080421/http://www.shugiin.go.jp/internet/itdb_giinprof.nsf/html/profile/262.html,
Q7504756,高鳥修一,新潟県6区,-,,,新潟6,,,高鳥 修一君,たかとり しゅういち,自民,新潟6,3,https://web.archive.org/web/20171009080421/http://www.shugiin.go.jp/internet/itdb_giinprof.nsf/html/profile/263.html,
Q5102671,高橋千鶴子,-,東北,,,,東北,,高橋 千鶴子君,たかはし ちづこ,共産,（比）東北,5,https://web.archive.org/web/20171009080421/http://www.shugiin.go.jp/internet/itdb_giinprof.nsf/html/profile/264.html,
Q11671375,高橋ひなこ,-,東北,,,,東北,,高橋 ひなこ君,たかはし ひなこ,自民,（比）東北,2,https://web.archive.org/web/20171009080421/http://www.shugiin.go.jp/internet/itdb_giinprof.nsf/html/profile/265.html,
Q11545768,武井俊輔,宮崎県1区,-,,,宮崎1,,,武井 俊輔君,たけい しゅんすけ,自民,宮崎1,2,https://web.archive.org/web/20171009080421/http://www.shugiin.go.jp/internet/itdb_giinprof.nsf/html/profile/269.html,
Q11598974,竹内譲,-,近畿,,,,近畿,,竹内 譲君,たけうち ゆずる,公明,（比）近畿,4,https://web.archive.org/web/20171009080421/http://www.shugiin.go.jp/internet/itdb_giinprof.nsf/html/profile/266.html,
Q2484652,竹下亘,島根県2区,-,,,島根2,,,竹下 亘君,たけした わたる,自民,島根2,6,https://web.archive.org/web/20171009080421/http://www.shugiin.go.jp/internet/itdb_giinprof.nsf/html/profile/267.html,
Q7385342,武田良太,福岡県11区,-,,,福岡11,,,武田 良太君,たけだ りょうた,自民,福岡11,5,https://web.archive.org/web/20171009080421/http://www.shugiin.go.jp/internet/itdb_giinprof.nsf/html/profile/270.html,
Q11546586,武部新,北海道12区,-,,,北海道12,,,武部 新君,たけべ あらた,自民,北海道12,2,https://web.archive.org/web/20171009080421/http://www.shugiin.go.jp/internet/itdb_giinprof.nsf/html/profile/271.html,
Q6426239,武正公一,-,北関東,,,,北関東,,武正 公一君,たけまさ こういち,民進,（比）北関東,6,https://web.archive.org/web/20171009080421/http://www.shugiin.go.jp/internet/itdb_giinprof.nsf/html/profile/272.html,
Q11546026,武村展英,滋賀県3区,-,,,滋賀3,,,武村 展英君,たけむら のぶひで,自民,滋賀3,2,https://web.archive.org/web/20171009080421/http://www.shugiin.go.jp/internet/itdb_giinprof.nsf/html/profile/273.html,
Q614464,竹本直一,大阪府15区,-,,,大阪15,,,竹本 直一君,たけもと なおかず,自民,大阪15,7,https://web.archive.org/web/20171009080421/http://www.shugiin.go.jp/internet/itdb_giinprof.nsf/html/profile/268.html,
Q6088170,田島一成,-,近畿,,,,近畿,,田島 一成君,たじま いっせい,民進,（比）近畿,4,https://web.archive.org/web/20171009080421/http://www.shugiin.go.jp/internet/itdb_giinprof.nsf/html/profile/245.html,
Q6360573,田嶋要,千葉県1区,-,,,千葉1,,,田嶋 要君,たじま かなめ,民進,千葉1,5,https://web.archive.org/web/20171009080421/http://www.shugiin.go.jp/internet/itdb_giinprof.nsf/html/profile/246.html,
Q11544282,橘慶一郎,富山県3区,-,,,富山3,,,橘 慶一郎君,たちばな けいいちろう,自民,富山3,3,https://web.archive.org/web/20171009080421/http://www.shugiin.go.jp/internet/itdb_giinprof.nsf/html/profile/274.html,
Q11576787,田所嘉徳,茨城県1区,-,,,茨城1,,,田所 嘉徳君,たどころ よしのり,自民,茨城1,2,https://web.archive.org/web/20171009080421/http://www.shugiin.go.jp/internet/itdb_giinprof.nsf/html/profile/247.html,
Q6381615,田中和徳,神奈川県10区,-,,,神奈川10,,,田中 和徳君,たなか かずのり,自民,神奈川10,7,https://web.archive.org/web/20171009080421/http://www.shugiin.go.jp/internet/itdb_giinprof.nsf/html/profile/248.html,
Q17160872,田中英之,京都府4区,-,,,京都4,,,田中 英之君,たなか ひでゆき,自民,京都4,2,https://web.archive.org/web/20171009080421/http://www.shugiin.go.jp/internet/itdb_giinprof.nsf/html/profile/249.html,
Q7385322,田中良生,埼玉県15区,-,,,埼玉15,,,田中 良生君,たなか りょうせい,自民,埼玉15,3,https://web.archive.org/web/20171009080421/http://www.shugiin.go.jp/internet/itdb_giinprof.nsf/html/profile/250.html,
Q1340817,棚橋泰文,岐阜県2区,-,,,岐阜2,,,棚橋 泰文君,たなはし やすふみ,自民,岐阜2,7,https://web.archive.org/web/20171009080421/http://www.shugiin.go.jp/internet/itdb_giinprof.nsf/html/profile/275.html,
Q6426240,谷公一,兵庫県5区,-,,,兵庫5,,,谷 公一君,たに こういち,自民,兵庫5,5,https://web.archive.org/web/20171009080421/http://www.shugiin.go.jp/internet/itdb_giinprof.nsf/html/profile/276.html,
Q463331,谷垣禎一,京都府5区,-,,,京都5,,,谷垣 禎一君,たにがき さだかず,自民,京都5,12,https://web.archive.org/web/20171009080421/http://www.shugiin.go.jp/internet/itdb_giinprof.nsf/html/profile/277.html,
Q20041303,谷川とむ,-,近畿,,,,近畿,,谷川 とむ君,たにがわ とむ,自民,（比）近畿,1,https://web.archive.org/web/20171009080421/http://www.shugiin.go.jp/internet/itdb_giinprof.nsf/html/profile/278.html,
Q8046971,谷川弥一,長崎県3区,-,,,長崎3,,,谷川 弥一君,たにがわ やいち,自民,長崎3,5,https://web.archive.org/web/20171009080421/http://www.shugiin.go.jp/internet/itdb_giinprof.nsf/html/profile/279.html,
Q7677383,谷畑孝,大阪府14区,-,,,大阪14,,,谷畑 孝君,たにはた たかし,維新,大阪14,7（参1）,https://web.archive.org/web/20171009080421/http://www.shugiin.go.jp/internet/itdb_giinprof.nsf/html/profile/280.html,
Q11577481,田野瀬太道,奈良県4区,-,,,奈良4,,,田野瀬 太道君,たのせ たいどう,自民,奈良4,2,https://web.archive.org/web/20171009080421/http://www.shugiin.go.jp/internet/itdb_giinprof.nsf/html/profile/251.html,
Q11577186,田畑毅,-,-,2016-10,,,東京都,,田畑 毅君,たばた つよし,自民,（比）東京都,2,https://web.archive.org/web/20171009080421/http://www.shugiin.go.jp/internet/itdb_giinprof.nsf/html/profile/505.html,
Q11577205,田畑裕明,富山県1区,-,,,富山1,,,田畑 裕明君,たばた ひろあき,自民,富山1,2,https://web.archive.org/web/20171009080421/http://www.shugiin.go.jp/internet/itdb_giinprof.nsf/html/profile/252.html,
Q11572466,玉城デニー,沖縄県3区,-,,,沖縄3,,,玉城 デニー君,たまき でにー,自由,沖縄3,3,https://web.archive.org/web/20171009080421/http://www.shugiin.go.jp/internet/itdb_giinprof.nsf/html/profile/282.html,
Q11572647,玉木雄一郎,香川県2区,-,,,香川2,,,玉木 雄一郎君,たまき ゆういちろう,民進,香川2,3,https://web.archive.org/web/20171009080421/http://www.shugiin.go.jp/internet/itdb_giinprof.nsf/html/profile/281.html,
Q18817798,田村貴昭,-,九州,,,,九州,,田村 貴昭君,たむら たかあき,共産,（比）九州,1,https://web.archive.org/web/20171009080421/http://www.shugiin.go.jp/internet/itdb_giinprof.nsf/html/profile/253.html,
Q1656878,田村憲久,三重県4区,-,,,三重4,,,田村 憲久君,たむら のりひさ,自民,三重4,7,https://web.archive.org/web/20171009080421/http://www.shugiin.go.jp/internet/itdb_giinprof.nsf/html/profile/254.html,
Q11638274,辻清人,東京都2区,-,,,東京2,,,辻 清人君,つじ きよと,自民,東京2,2,https://web.archive.org/web/20171009080421/http://www.shugiin.go.jp/internet/itdb_giinprof.nsf/html/profile/285.html,
Q11556075,津島淳,青森県1区,-,,,青森1,,,津島 淳君,つしま じゅん,自民,青森1,2,https://web.archive.org/web/20171009080421/http://www.shugiin.go.jp/internet/itdb_giinprof.nsf/html/profile/283.html,
Q405533,辻元清美,大阪府10区,-,,,大阪10,,,辻元 清美君,つじもと きよみ,民進,大阪10,6,https://web.archive.org/web/20171009080421/http://www.shugiin.go.jp/internet/itdb_giinprof.nsf/html/profile/286.html,
Q11423241,土屋品子,埼玉県13区,-,,,埼玉13,,,土屋 品子君,つちや しなこ,自民,埼玉13,6,https://web.archive.org/web/20171009080421/http://www.shugiin.go.jp/internet/itdb_giinprof.nsf/html/profile/287.html,
Q6782686,土屋正忠,東京都18区,-,,,東京18,,,土屋 正忠君,つちや まさただ,自民,東京18,3,https://web.archive.org/web/20171009080421/http://www.shugiin.go.jp/internet/itdb_giinprof.nsf/html/profile/288.html,
Q20041482,角田秀穂,-,南関東,,,,南関東,,角田 秀穂君,つのだ ひでお,公明,（比）南関東,1,https://web.archive.org/web/20171009080421/http://www.shugiin.go.jp/internet/itdb_giinprof.nsf/html/profile/289.html,
Q6383911,津村啓介,-,中国,,,,中国,,津村 啓介君,つむら けいすけ,民進,（比）中国,5,https://web.archive.org/web/20171009080421/http://www.shugiin.go.jp/internet/itdb_giinprof.nsf/html/profile/284.html,
Q6746585,寺田学,-,東北,,,,東北,,寺田 学君,てらた まなぶ,民進,（比）東北,4,https://web.archive.org/web/20171009080421/http://www.shugiin.go.jp/internet/itdb_giinprof.nsf/html/profile/290.html,
Q6869306,寺田稔,広島県5区,-,,,広島5,,,寺田 稔君,てらだ みのる,自民,広島5,4,https://web.archive.org/web/20171009080421/http://www.shugiin.go.jp/internet/itdb_giinprof.nsf/html/profile/291.html,
Q1724004,照屋寛徳,沖縄県2区,-,,,沖縄2,,,照屋 寛徳君,てるや かんとく,社民,沖縄2,5（参1）,https://web.archive.org/web/20171009080421/http://www.shugiin.go.jp/internet/itdb_giinprof.nsf/html/profile/292.html,
Q7862709,土井亨,宮城県1区,-,,,宮城1,,,土井 亨君,どい とおる,自民,宮城1,3,https://web.archive.org/web/20171009080421/http://www.shugiin.go.jp/internet/itdb_giinprof.nsf/html/profile/294.html,
Q6418998,遠山清彦,-,九州,,,,九州,,遠山 清彦君,とおやま きよひこ,公明,（比）九州,3（参2）,https://web.archive.org/web/20171009080421/http://www.shugiin.go.jp/internet/itdb_giinprof.nsf/html/profile/297.html,
Q1133136,渡海紀三朗,兵庫県10区,-,,,兵庫10,,,渡海 紀三朗君,とかい きさぶろう,自民,兵庫10,8,https://web.archive.org/web/20171009080421/http://www.shugiin.go.jp/internet/itdb_giinprof.nsf/html/profile/296.html,
Q11395120,冨樫博之,秋田県1区,-,,,秋田1,,,冨樫 博之君,とがし ひろゆき,自民,秋田1,2,https://web.archive.org/web/20171009080421/http://www.shugiin.go.jp/internet/itdb_giinprof.nsf/html/profile/295.html,
Q11561908,とかしきなおみ,大阪府7区,-,,,大阪7,,,とかしきなおみ君,とかしき なおみ,自民,大阪7,3,https://web.archive.org/web/20171009080421/http://www.shugiin.go.jp/internet/itdb_giinprof.nsf/html/profile/293.html,
Q7850337,冨岡勉,長崎県1区,-,,,長崎1,,,冨岡 勉君,とみおか つとむ,自民,長崎1,3,https://web.archive.org/web/20171009080421/http://www.shugiin.go.jp/internet/itdb_giinprof.nsf/html/profile/298.html,
Q7496423,富田茂之,-,南関東,,,,南関東,,富田 茂之君,とみた しげゆき,公明,（比）南関東,7,https://web.archive.org/web/20171009080421/http://www.shugiin.go.jp/internet/itdb_giinprof.nsf/html/profile/299.html,
Q11634137,豊田真由子,埼玉県4区,-,,,埼玉4,,,豊田 真由子君,とよた まゆこ,無,埼玉4,2,https://web.archive.org/web/20171009080421/http://www.shugiin.go.jp/internet/itdb_giinprof.nsf/html/profile/300.html,
-,,-,-,,,選挙区,,平成29年9月26日現在,,ふりがな,会派,選挙区,当選回数,,
Q11651845,長尾敬,-,近畿,,,,近畿,,長尾 敬君,ながお たかし,自民,（比）近畿,2,https://web.archive.org/web/20171011093147/http://www.shugiin.go.jp/internet/itdb_giinprof.nsf/html/profile/317.html,
Q6383690,永岡桂子,-,北関東,,,,北関東,,永岡 桂子君,ながおか けいこ,自民,（比）北関東,4,https://web.archive.org/web/20171011093147/http://www.shugiin.go.jp/internet/itdb_giinprof.nsf/html/profile/316.html,
Q11364762,中川俊直,広島県4区,-,,,広島4,,,中川 俊直君,なかがわ としなお,無,広島4,2,https://web.archive.org/web/20171011093147/http://www.shugiin.go.jp/internet/itdb_giinprof.nsf/html/profile/301.html,
Q1906668,中川正春,三重県2区,-,,,三重2,,,中川 正春君,なかがわ まさはる,民進,三重2,7,https://web.archive.org/web/20171011093147/http://www.shugiin.go.jp/internet/itdb_giinprof.nsf/html/profile/302.html,
Q20041786,中川康洋,-,東海,,,,東海,,中川 康洋君,なかがわ やすひろ,公明,（比）東海,1,https://web.archive.org/web/20171011093147/http://www.shugiin.go.jp/internet/itdb_giinprof.nsf/html/profile/303.html,
Q1655755,中川郁子,北海道11区,-,,,北海道11,,,中川 郁子君,なかがわ ゆうこ,自民,北海道11,2,https://web.archive.org/web/20171011093147/http://www.shugiin.go.jp/internet/itdb_giinprof.nsf/html/profile/304.html,
Q11651619,長坂康正,愛知県9区,-,,,愛知9,,,長坂 康正君,ながさか やすまさ,自民,愛知9,2,https://web.archive.org/web/20171011093147/http://www.shugiin.go.jp/internet/itdb_giinprof.nsf/html/profile/318.html,
Q6433881,長崎幸太郎,山梨県2区,-,,,山梨2,,,長崎 幸太郎君,ながさき こうたろう,無,山梨2,3,https://web.archive.org/web/20171011093147/http://www.shugiin.go.jp/internet/itdb_giinprof.nsf/html/profile/319.html,
Q18817877,仲里利信,沖縄県4区,-,,,沖縄4,,,仲里 利信君,なかざと としのぶ,無,沖縄4,1,https://web.archive.org/web/20171011093147/http://www.shugiin.go.jp/internet/itdb_giinprof.nsf/html/profile/315.html,
Q4700952,長島昭久,-,東京,,,,東京都,,長島 昭久君,ながしま あきひさ,無,（比）東京都,5,https://web.archive.org/web/20171011093147/http://www.shugiin.go.jp/internet/itdb_giinprof.nsf/html/profile/320.html,
Q11364418,中島克仁,山梨県1区,-,,,山梨1,,,中島 克仁君,なかじま かつひと,民進,山梨1,2,https://web.archive.org/web/20171011093147/http://www.shugiin.go.jp/internet/itdb_giinprof.nsf/html/profile/305.html,
Q5530859,中谷元,高知県1区,-,,,高知1,,,中谷 元君,なかたに げん,自民,高知1,9,https://web.archive.org/web/20171011093147/http://www.shugiin.go.jp/internet/itdb_giinprof.nsf/html/profile/306.html,
Q7477634,中谷真一,-,南関東,,,,南関東,,中谷 真一君,なかたに しんいち,自民,（比）南関東,2,https://web.archive.org/web/20171011093147/http://www.shugiin.go.jp/internet/itdb_giinprof.nsf/html/profile/307.html,
Q263777,長妻昭,東京都7区,-,,,東京7,,,長妻 昭君,ながつま あきら,民進,東京7,6,https://web.archive.org/web/20171011093147/http://www.shugiin.go.jp/internet/itdb_giinprof.nsf/html/profile/322.html,
Q6381814,中根一幸,-,北関東,,,,北関東,,中根 一幸君,なかね かずゆき,自民,（比）北関東,3,https://web.archive.org/web/20171011093147/http://www.shugiin.go.jp/internet/itdb_giinprof.nsf/html/profile/308.html,
Q11366226,中根康浩,-,東海,,,,東海,,中根 康浩君,なかね やすひろ,民進,（比）東海,4,https://web.archive.org/web/20171011093147/http://www.shugiin.go.jp/internet/itdb_giinprof.nsf/html/profile/309.html,
Q11367646,中野洋昌,兵庫県8区,-,,,兵庫8,,,中野 洋昌君,なかの ひろまさ,公明,兵庫8,2,https://web.archive.org/web/20171011093147/http://www.shugiin.go.jp/internet/itdb_giinprof.nsf/html/profile/310.html,
Q6416606,中村喜四郎,茨城県7区,-,,,茨城7,,,中村 喜四郎君,なかむら きしろう,無,茨城7,13,https://web.archive.org/web/20171011093147/http://www.shugiin.go.jp/internet/itdb_giinprof.nsf/html/profile/311.html,
Q11365989,中村裕之,北海道4区,-,,,北海道4,,,中村 裕之君,なかむら ひろゆき,自民,北海道4,2,https://web.archive.org/web/20171011093147/http://www.shugiin.go.jp/internet/itdb_giinprof.nsf/html/profile/312.html,
Q11364144,中山展宏,-,南関東,,,,南関東,,中山 展宏君,なかやま のりひろ,自民,（比）南関東,2,https://web.archive.org/web/20171011093147/http://www.shugiin.go.jp/internet/itdb_giinprof.nsf/html/profile/313.html,
Q8049965,中山泰秀,大阪府4区,-,,,大阪4,,,中山 泰秀君,なかやま やすひで,自民,大阪4,4,https://web.archive.org/web/20171011093147/http://www.shugiin.go.jp/internet/itdb_giinprof.nsf/html/profile/314.html,
Q1133880,二階俊博,和歌山県3区,-,,,和歌山3,,,二階 俊博君,にかい としひろ,自民,和歌山3,11,https://web.archive.org/web/20171011093147/http://www.shugiin.go.jp/internet/itdb_giinprof.nsf/html/profile/323.html,
Q6435116,西川公也,-,北関東,,,,北関東,,西川 公也君,にしかわ こうや,自民,（比）北関東,6,https://web.archive.org/web/20171011093147/http://www.shugiin.go.jp/internet/itdb_giinprof.nsf/html/profile/326.html,
Q4700938,西村明宏,宮城県3区,-,,,宮城3,,,西村 明宏君,にしむら あきひろ,自民,宮城3,4,https://web.archive.org/web/20171011093147/http://www.shugiin.go.jp/internet/itdb_giinprof.nsf/html/profile/327.html,
Q5100105,西村智奈美,-,北陸信越,,,,北陸信越,,西村 智奈美君,にしむら ちなみ,民進,（比）北陸信越,4,https://web.archive.org/web/20171011093147/http://www.shugiin.go.jp/internet/itdb_giinprof.nsf/html/profile/328.html,
Q8050121,西村康稔,兵庫県9区,-,,,兵庫9,,,西村 康稔君,にしむら やすとし,自民,兵庫9,5,https://web.archive.org/web/20171011093147/http://www.shugiin.go.jp/internet/itdb_giinprof.nsf/html/profile/329.html,
Q11629931,西銘恒三郎,-,九州,,,,九州,,西銘 恒三郎君,にしめ こうさぶろう,自民,（比）九州,4,https://web.archive.org/web/20171011093147/http://www.shugiin.go.jp/internet/itdb_giinprof.nsf/html/profile/330.html,
Q5752415,丹羽秀樹,愛知県6区,-,,,愛知6,,,丹羽 秀樹君,にわ ひでき,自民,愛知6,4,https://web.archive.org/web/20171011093147/http://www.shugiin.go.jp/internet/itdb_giinprof.nsf/html/profile/324.html,
Q861808,丹羽雄哉,茨城県6区,-,,,茨城6,,,丹羽 雄哉君,にわ ゆうや,自民,茨城6,12,https://web.archive.org/web/20171011093147/http://www.shugiin.go.jp/internet/itdb_giinprof.nsf/html/profile/325.html,
Q1207174,額賀福志郎,茨城県2区,-,,,茨城2,,,額賀 福志郎君,ぬかが ふくしろう,自民,茨城2,11,https://web.archive.org/web/20171011093147/http://www.shugiin.go.jp/internet/itdb_giinprof.nsf/html/profile/331.html,
Q1704924,根本匠,福島県2区,-,,,福島2,,,根本 匠君,ねもと たくみ,自民,福島2,7,https://web.archive.org/web/20171011093147/http://www.shugiin.go.jp/internet/itdb_giinprof.nsf/html/profile/332.html,
Q11536382,根本幸典,愛知県15区,-,,,愛知15,,,根本 幸典君,ねもと ゆきのり,自民,愛知15,2,https://web.archive.org/web/20171011093147/http://www.shugiin.go.jp/internet/itdb_giinprof.nsf/html/profile/333.html,
Q459698,野田聖子,岐阜県1区,-,,,岐阜1,,,野田 聖子君,のだ せいこ,自民,岐阜1,8,https://web.archive.org/web/20171011093147/http://www.shugiin.go.jp/internet/itdb_giinprof.nsf/html/profile/334.html,
Q11646016,野田毅,熊本県2区,-,,,熊本2,,,野田 毅君,のだ たけし,自民,熊本2,15,https://web.archive.org/web/20171011093147/http://www.shugiin.go.jp/internet/itdb_giinprof.nsf/html/profile/335.html,
Q57647,野田佳彦,千葉県4区,-,,,千葉4,,,野田 佳彦君,のだ よしひこ,民進,千葉4,7,https://web.archive.org/web/20171011093147/http://www.shugiin.go.jp/internet/itdb_giinprof.nsf/html/profile/336.html,
Q11645002,野中厚,埼玉県12区,-,,,埼玉12,,,野中 厚君,のなか あつし,自民,埼玉12,2,https://web.archive.org/web/20171011093147/http://www.shugiin.go.jp/internet/itdb_giinprof.nsf/html/profile/337.html,
Q11646177,野間健,鹿児島県3区,-,,,鹿児島3,,,野間 健君,のま たけし,無,鹿児島3,2,https://web.archive.org/web/20171011093147/http://www.shugiin.go.jp/internet/itdb_giinprof.nsf/html/profile/338.html,
-,,-,-,,,選挙区,,平成29年9月26日現在,,ふりがな,会派,選挙区,当選回数,,
Q6426211,萩生田光一,東京都24区,-,,,東京24,,,萩生田 光一君,はぎうだ こういち,自民,東京24,4,https://web.archive.org/web/20171013085451/http://www.shugiin.go.jp/internet/itdb_giinprof.nsf/html/profile/341.html,
Q5517695,橋本岳,岡山県4区,-,,,岡山4,,,橋本 岳君,はしもと がく,自民,岡山4,3,https://web.archive.org/web/20171013085451/http://www.shugiin.go.jp/internet/itdb_giinprof.nsf/html/profile/342.html,
Q11544051,橋本英教,-,東北,,,,東北,,橋本 英教君,はしもと ひでのり,自民,（比）東北,2,https://web.archive.org/web/20171013085451/http://www.shugiin.go.jp/internet/itdb_giinprof.nsf/html/profile/343.html,
Q3136350,馳浩,石川県1区,-,,,石川1,,,馳 浩君,はせ ひろし,自民,石川1,6（参1）,https://web.archive.org/web/20171013085451/http://www.shugiin.go.jp/internet/itdb_giinprof.nsf/html/profile/344.html,
Q11578505,畑野君枝,-,南関東,,,,南関東,,畑野 君枝君,はたの きみえ,共産,（比）南関東,1（参1）,https://web.archive.org/web/20171013085451/http://www.shugiin.go.jp/internet/itdb_giinprof.nsf/html/profile/345.html,
Q18817972,畠山和也,-,北海道,,,,北海道,,畠山 和也君,はたやま かずや,共産,（比）北海道,1,https://web.archive.org/web/20171013085451/http://www.shugiin.go.jp/internet/itdb_giinprof.nsf/html/profile/346.html,
Q11396609,初鹿明博,-,東京,,,,東京都,,初鹿 明博君,はつしか あきひろ,民進,（比）東京都,2,https://web.archive.org/web/20171013085451/http://www.shugiin.go.jp/internet/itdb_giinprof.nsf/html/profile/347.html,
Q17219387,鳩山二郎,-,-,2016-10,,福岡6,,,鳩山 二郎君,はとやま じろう,自民,福岡6,1,https://web.archive.org/web/20171013085451/http://www.shugiin.go.jp/internet/itdb_giinprof.nsf/html/profile/506.html,
Q8049977,葉梨康弘,茨城県3区,-,,,茨城3,,,葉梨 康弘君,はなし やすひろ,自民,茨城3,4,https://web.archive.org/web/20171013085451/http://www.shugiin.go.jp/internet/itdb_giinprof.nsf/html/profile/339.html,
Q11667848,馬場伸幸,大阪府17区,-,,,大阪17,,,馬場 伸幸君,ばば のぶゆき,維新,大阪17,2,https://web.archive.org/web/20171013085451/http://www.shugiin.go.jp/internet/itdb_giinprof.nsf/html/profile/340.html,
Q1132836,浜田靖一,千葉県12区,-,,,千葉12,,,浜田 靖一君,はまだ やすかず,自民,千葉12,8,https://web.archive.org/web/20171013085451/http://www.shugiin.go.jp/internet/itdb_giinprof.nsf/html/profile/349.html,
Q17220479,浜地雅一,-,九州,,,,九州,,浜地 雅一君,はまち まさかず,公明,（比）九州,2,https://web.archive.org/web/20171013085451/http://www.shugiin.go.jp/internet/itdb_giinprof.nsf/html/profile/350.html,
Q11566187,濱村進,-,近畿,,,,近畿,,濱村 進君,はまむら すすむ,公明,（比）近畿,2,https://web.archive.org/web/20171013085451/http://www.shugiin.go.jp/internet/itdb_giinprof.nsf/html/profile/351.html,
Q926370,林幹雄,千葉県10区,-,,,千葉10,,,林 幹雄君,はやし もとお,自民,千葉10,8,https://web.archive.org/web/20171013085451/http://www.shugiin.go.jp/internet/itdb_giinprof.nsf/html/profile/352.html,
Q548239,原口一博,佐賀県1区,-,,,佐賀1,,,原口 一博君,はらぐち かずひろ,民進,佐賀1,7,https://web.archive.org/web/20171013085451/http://www.shugiin.go.jp/internet/itdb_giinprof.nsf/html/profile/353.html,
Q11409844,原田憲治,大阪府9区,-,,,大阪9,,,原田 憲治君,はらだ けんじ,自民,大阪9,3,https://web.archive.org/web/20171013085451/http://www.shugiin.go.jp/internet/itdb_giinprof.nsf/html/profile/354.html,
Q8055970,原田義昭,福岡県5区,-,,,福岡5,,,原田 義昭君,はらだ よしあき,自民,福岡5,7,https://web.archive.org/web/20171013085451/http://www.shugiin.go.jp/internet/itdb_giinprof.nsf/html/profile/355.html,
Q784087,伴野豊,-,東海,,,,東海,,伴野 豊君,ばんの ゆたか,民進,（比）東海,5,https://web.archive.org/web/20171013085451/http://www.shugiin.go.jp/internet/itdb_giinprof.nsf/html/profile/356.html,
Q11547421,比嘉奈津美,-,九州,,,,九州,,比嘉 奈津美君,ひが なつみ,自民,（比）九州,2,https://web.archive.org/web/20171013085451/http://www.shugiin.go.jp/internet/itdb_giinprof.nsf/html/profile/357.html,
Q11542092,樋口尚也,-,近畿,,,,近畿,,樋口 尚也君,ひぐち なおや,公明,（比）近畿,2,https://web.archive.org/web/20171013085451/http://www.shugiin.go.jp/internet/itdb_giinprof.nsf/html/profile/358.html,
Q7678622,平井たくや,香川県1区,-,,,香川1,,,平井 たくや君,ひらい たくや,自民,香川1,6,https://web.archive.org/web/20171013085451/http://www.shugiin.go.jp/internet/itdb_giinprof.nsf/html/profile/359.html,
Q5770815,平口洋,広島県2区,-,,,広島2,,,平口 洋君,ひらぐち ひろし,自民,広島2,3,https://web.archive.org/web/20171013085451/http://www.shugiin.go.jp/internet/itdb_giinprof.nsf/html/profile/360.html,
Q6378065,平沢勝栄,東京都17区,-,,,東京17,,,平沢 勝栄君,ひらさわ かつえい,自民,東京17,7,https://web.archive.org/web/20171013085451/http://www.shugiin.go.jp/internet/itdb_giinprof.nsf/html/profile/361.html,
Q405085,平沼赳夫,岡山県3区,-,,,岡山3,,,平沼 赳夫君,ひらぬま たけお,自民,岡山3,12,https://web.archive.org/web/20171013085451/http://www.shugiin.go.jp/internet/itdb_giinprof.nsf/html/profile/362.html,
Q1155448,平野博文,-,近畿,,,,近畿,,平野 博文君,ひらの ひろふみ,民進,（比）近畿,6,https://web.archive.org/web/20171013085451/http://www.shugiin.go.jp/internet/itdb_giinprof.nsf/html/profile/363.html,
Q7705291,福井照,-,四国,,,,四国,,福井 照君,ふくい てる,自民,（比）四国,6,https://web.archive.org/web/20171013085451/http://www.shugiin.go.jp/internet/itdb_giinprof.nsf/html/profile/365.html,
Q11593023,福島伸享,-,北関東,,,,北関東,,福島 伸享君,ふくしま のぶゆき,民進,（比）北関東,2,https://web.archive.org/web/20171013085451/http://www.shugiin.go.jp/internet/itdb_giinprof.nsf/html/profile/366.html,
Q3435725,福田昭夫,栃木県2区,-,,,栃木2,,,福田 昭夫君,ふくだ あきお,民進,栃木2,4,https://web.archive.org/web/20171013085451/http://www.shugiin.go.jp/internet/itdb_giinprof.nsf/html/profile/367.html,
Q2506910,福田達夫,群馬県4区,-,,,群馬4,,,福田 達夫君,ふくだ たつお,自民,群馬4,2,https://web.archive.org/web/20171013085451/http://www.shugiin.go.jp/internet/itdb_giinprof.nsf/html/profile/368.html,
Q6864590,ふくだ峰之,-,南関東,,,,南関東,,ふくだ 峰之君,ふくだ みねゆき,無,（比）南関東,3,https://web.archive.org/web/20171013085451/http://www.shugiin.go.jp/internet/itdb_giinprof.nsf/html/profile/364.html,
Q11592023,福山守,-,四国,,,,四国,,福山 守君,ふくやま まもる,自民,（比）四国,2,https://web.archive.org/web/20171013085451/http://www.shugiin.go.jp/internet/itdb_giinprof.nsf/html/profile/369.html,
Q11622818,藤井比早之,兵庫県4区,-,,,兵庫4,,,藤井 比早之君,ふじい ひさゆき,自民,兵庫4,2,https://web.archive.org/web/20171013085451/http://www.shugiin.go.jp/internet/itdb_giinprof.nsf/html/profile/370.html,
Q18818065,藤野保史,-,北陸信越,,,,北陸信越,,藤野 保史君,ふじの やすふみ,共産,（比）北陸信越,1,https://web.archive.org/web/20171013085451/http://www.shugiin.go.jp/internet/itdb_giinprof.nsf/html/profile/371.html,
Q11622647,藤丸敏,福岡県7区,-,,,福岡7,,,藤丸 敏君,ふじまる さとし,自民,福岡7,2,https://web.archive.org/web/20171013085451/http://www.shugiin.go.jp/internet/itdb_giinprof.nsf/html/profile/372.html,
Q11623218,藤原崇,-,東北,,,,東北,,藤原 崇君,ふじわら たかし,自民,（比）東北,2,https://web.archive.org/web/20171013085451/http://www.shugiin.go.jp/internet/itdb_giinprof.nsf/html/profile/373.html,
Q5639959,船田元,栃木県1区,-,,,栃木1,,,船田 元君,ふなだ はじめ,自民,栃木1,11,https://web.archive.org/web/20171013085451/http://www.shugiin.go.jp/internet/itdb_giinprof.nsf/html/profile/374.html,
Q1949760,古川元久,愛知県2区,-,,,愛知2,,,古川 元久君,ふるかわ もとひさ,民進,愛知2,7,https://web.archive.org/web/20171013085451/http://www.shugiin.go.jp/internet/itdb_giinprof.nsf/html/profile/375.html,
Q2576940,古川康,佐賀県2区,-,,,佐賀2,,,古川 康君,ふるかわ やすし,自民,佐賀2,1,https://web.archive.org/web/20171013085451/http://www.shugiin.go.jp/internet/itdb_giinprof.nsf/html/profile/376.html,
Q8056070,古川禎久,宮崎県3区,-,,,宮崎3,,,古川 禎久君,ふるかわ よしひさ,自民,宮崎3,5,https://web.archive.org/web/20171013085451/http://www.shugiin.go.jp/internet/itdb_giinprof.nsf/html/profile/377.html,
Q18817349,古田圭一,-,中国,,,,中国,,古田 圭一君,ふるた けいいち,自民,（比）中国,1,https://web.archive.org/web/20171013085451/http://www.shugiin.go.jp/internet/itdb_giinprof.nsf/html/profile/378.html,
Q7497524,古本伸一郎,愛知県11区,-,,,愛知11,,,古本 伸一郎君,ふるもと しんいちろう,民進,愛知11,5,https://web.archive.org/web/20171013085451/http://www.shugiin.go.jp/internet/itdb_giinprof.nsf/html/profile/379.html,
Q1704969,古屋圭司,岐阜県5区,-,,,岐阜5,,,古屋 圭司君,ふるや けいじ,自民,岐阜5,9,https://web.archive.org/web/20171013085451/http://www.shugiin.go.jp/internet/itdb_giinprof.nsf/html/profile/380.html,
Q7051265,古屋範子,-,南関東,,,,南関東,,古屋 範子君,ふるや のりこ,公明,（比）南関東,5,https://web.archive.org/web/20171013085451/http://www.shugiin.go.jp/internet/itdb_giinprof.nsf/html/profile/381.html,
Q11513088,星野剛士,神奈川県12区,-,,,神奈川12,,,星野 剛士君,ほしの つよし,自民,神奈川12,2,https://web.archive.org/web/20171013085451/http://www.shugiin.go.jp/internet/itdb_giinprof.nsf/html/profile/382.html,
Q11606064,細田健一,新潟県2区,-,,,新潟2,,,細田 健一君,ほそだ けんいち,自民,新潟2,2,https://web.archive.org/web/20171013085451/http://www.shugiin.go.jp/internet/itdb_giinprof.nsf/html/profile/383.html,
Q1133192,細田博之,島根県1区,-,,,島根1,,,細田 博之君,ほそだ ひろゆき,自民,島根1,9,https://web.archive.org/web/20171013085451/http://www.shugiin.go.jp/internet/itdb_giinprof.nsf/html/profile/384.html,
Q1135729,細野豪志,静岡県5区,-,,,静岡5,,,細野 豪志君,ほその ごうし,無,静岡5,6,https://web.archive.org/web/20171013085451/http://www.shugiin.go.jp/internet/itdb_giinprof.nsf/html/profile/385.html,
Q1131407,堀井学,北海道9区,-,,,北海道9,,,堀井 学君,ほりい まなぶ,自民,北海道9,2,https://web.archive.org/web/20171013085451/http://www.shugiin.go.jp/internet/itdb_giinprof.nsf/html/profile/386.html,
Q18818101,堀内照文,-,近畿,,,,近畿,,堀内 照文君,ほりうち てるふみ,共産,（比）近畿,1,https://web.archive.org/web/20171013085451/http://www.shugiin.go.jp/internet/itdb_giinprof.nsf/html/profile/387.html,
Q11427301,堀内詔子,-,南関東,,,,南関東,,堀内 詔子君,ほりうち のりこ,自民,（比）南関東,2,https://web.archive.org/web/20171013085451/http://www.shugiin.go.jp/internet/itdb_giinprof.nsf/html/profile/388.html,
-,,-,-,,,選挙区,,平成28年10月26日現在,は行,ふりがな,会派,選挙区,当選回数,,
Q11397152,前川恵,-,東京,,,,東京都,,前川 恵君,まえかわ めぐみ,自民,（比）東京都,1,https://web.archive.org/web/20161204072448/http://www.shugiin.go.jp:80/internet/itdb_giinprof.nsf/html/profile/392.html,
Q11397382,前田一男,-,北海道,,,,北海道,,前田 一男君,まえだ かずお,自民,（比）北海道,2,https://web.archive.org/web/20161204072448/http://www.shugiin.go.jp:80/internet/itdb_giinprof.nsf/html/profile/393.html,
Q132280,前原誠司,京都府2区,-,,,京都2,,,前原 誠司君,まえはら せいじ,民進,京都2,8,https://web.archive.org/web/20161204072448/http://www.shugiin.go.jp:80/internet/itdb_giinprof.nsf/html/profile/394.html,
Q8056240,牧義夫,-,東海,,,,東海,,牧 義夫君,まき よしお,民進,（比）東海,5,https://web.archive.org/web/20161204072448/http://www.shugiin.go.jp:80/internet/itdb_giinprof.nsf/html/profile/395.html,
Q11570409,牧島かれん,神奈川県17区,-,,,神奈川17,,,牧島 かれん君,まきしま かれん,自民,神奈川17,2,https://web.archive.org/web/20161204072448/http://www.shugiin.go.jp:80/internet/itdb_giinprof.nsf/html/profile/396.html,
Q5752395,牧原秀樹,-,北関東,,,,北関東,,牧原 秀樹君,まきはら ひでき,自民,（比）北関東,3,https://web.archive.org/web/20161204072448/http://www.shugiin.go.jp:80/internet/itdb_giinprof.nsf/html/profile/397.html,
Q18818124,真島省三,-,九州,,,,九州,,真島 省三君,まじま しょうぞう,共産,（比）九州,1,https://web.archive.org/web/20161204072448/http://www.shugiin.go.jp:80/internet/itdb_giinprof.nsf/html/profile/389.html,
Q18818128,升田世喜男,-,東北,,,,東北,,升田 世喜男君,ますた せきお,民進,（比）東北,1,https://web.archive.org/web/20161204072448/http://www.shugiin.go.jp:80/internet/itdb_giinprof.nsf/html/profile/398.html,
Q6383605,桝屋敬悟,-,中国,,,,中国,,桝屋 敬悟君,ますや けいご,公明,（比）中国,7,https://web.archive.org/web/20161204072448/http://www.shugiin.go.jp:80/internet/itdb_giinprof.nsf/html/profile/399.html,
Q6389412,松木けんこう,-,北海道,,,,北海道,,松木けんこう君,まつき けんこう,民進,（比）北海道,4,https://web.archive.org/web/20161204072448/http://www.shugiin.go.jp:80/internet/itdb_giinprof.nsf/html/profile/400.html,
Q6842917,松島みどり,東京都14区,-,,,東京14,,,松島 みどり君,まつしま みどり,自民,東京14,5,https://web.archive.org/web/20161204072448/http://www.shugiin.go.jp:80/internet/itdb_giinprof.nsf/html/profile/401.html,
Q17223599,松田直久,-,東海,,,,東海,,松田 直久君,まつだ なおひさ,民進,（比）東海,1,https://web.archive.org/web/20161204072448/http://www.shugiin.go.jp:80/internet/itdb_giinprof.nsf/html/profile/402.html,
Q923428,松浪健太,-,近畿,,,,近畿,,松浪 健太君,まつなみ けんた,維新,（比）近畿,5,https://web.archive.org/web/20161204072448/http://www.shugiin.go.jp:80/internet/itdb_giinprof.nsf/html/profile/403.html,
Q5770251,松野博一,千葉県3区,-,,,千葉3,,,松野 博一君,まつの ひろかず,自民,千葉3,6,https://web.archive.org/web/20161204072448/http://www.shugiin.go.jp:80/internet/itdb_giinprof.nsf/html/profile/404.html,
Q8055323,松野頼久,-,九州,,,,九州,,松野 頼久君,まつの よりひさ,民進,（比）九州,6,https://web.archive.org/web/20161204072448/http://www.shugiin.go.jp:80/internet/itdb_giinprof.nsf/html/profile/405.html,
Q1336805,松原仁,-,東京,,,,東京都,,松原 仁君,まつばら じん,民進,（比）東京都,6,https://web.archive.org/web/20161204072448/http://www.shugiin.go.jp:80/internet/itdb_giinprof.nsf/html/profile/406.html,
Q6311513,松本純,神奈川県1区,-,,,神奈川1,,,松本 純君,まつもと じゅん,自民,神奈川1,6,https://web.archive.org/web/20161204072448/http://www.shugiin.go.jp:80/internet/itdb_giinprof.nsf/html/profile/407.html,
Q1315762,松本剛明,兵庫県11区,-,,,兵庫11,,,松本 剛明君,まつもと たけあき,自民,兵庫11,6,https://web.archive.org/web/20161204072448/http://www.shugiin.go.jp:80/internet/itdb_giinprof.nsf/html/profile/408.html,
Q5508556,松本文明,-,東京,,,,東京都,,松本 文明君,まつもと ふみあき,自民,（比）東京都,3,https://web.archive.org/web/20161204072448/http://www.shugiin.go.jp:80/internet/itdb_giinprof.nsf/html/profile/409.html,
Q5680924,松本洋平,東京都19区,-,,,東京19,,,松本 洋平君,まつもと ようへい,自民,東京19,3,https://web.archive.org/web/20161204072448/http://www.shugiin.go.jp:80/internet/itdb_giinprof.nsf/html/profile/410.html,
Q388496,馬淵澄夫,奈良県1区,-,,,奈良1,,,馬淵 澄夫君,まぶち すみお,民進,奈良1,5,https://web.archive.org/web/20161204072448/http://www.shugiin.go.jp:80/internet/itdb_giinprof.nsf/html/profile/391.html,
Q21655809,真山祐一,-,東北,,,,東北,,真山 祐一君,まやま ゆういち,公明,（比）東北,1,https://web.archive.org/web/20161204072448/http://www.shugiin.go.jp:80/internet/itdb_giinprof.nsf/html/profile/390.html,
Q11368259,丸山穂高,大阪府19区,-,,,大阪19,,,丸山 穂高君,まるやま ほだか,維新,大阪19,2,https://web.archive.org/web/20161204072448/http://www.shugiin.go.jp:80/internet/itdb_giinprof.nsf/html/profile/411.html,
Q11353993,三ッ林裕巳,埼玉県14区,-,,,埼玉14,,,三ッ林 裕巳君,みつばやし ひろみ,自民,埼玉14,2,https://web.archive.org/web/20161204072448/http://www.shugiin.go.jp:80/internet/itdb_giinprof.nsf/html/profile/412.html,
Q7051315,三ッ矢憲生,三重県5区,-,,,三重5,,,三ッ矢 憲生君,みつや のりお,自民,三重5,5,https://web.archive.org/web/20161204072448/http://www.shugiin.go.jp:80/internet/itdb_giinprof.nsf/html/profile/413.html,
Q6782673,水戸将史,-,南関東,,,,南関東,,水戸 将史君,みと まさし,民進,（比）南関東,1（参1）,https://web.archive.org/web/20161204072448/http://www.shugiin.go.jp:80/internet/itdb_giinprof.nsf/html/profile/415.html,
Q49988,御法川信英,秋田県3区,-,,,秋田3,,,御法川 信英君,みのりかわ のぶひで,自民,秋田3,4,https://web.archive.org/web/20161204072448/http://www.shugiin.go.jp:80/internet/itdb_giinprof.nsf/html/profile/416.html,
Q4803390,三原朝彦,福岡県9区,-,,,福岡9,,,三原 朝彦君,みはら あさひこ,自民,福岡9,7,https://web.archive.org/web/20161204072448/http://www.shugiin.go.jp:80/internet/itdb_giinprof.nsf/html/profile/414.html,
Q11453336,宮内秀樹,福岡県4区,-,,,福岡4,,,宮内 秀樹君,みやうち ひでき,自民,福岡4,2,https://web.archive.org/web/20161204072448/http://www.shugiin.go.jp:80/internet/itdb_giinprof.nsf/html/profile/417.html,
Q11454668,宮川典子,-,南関東,,,,南関東,,宮川 典子君,みやがわ のりこ,自民,（比）南関東,2,https://web.archive.org/web/20161204072448/http://www.shugiin.go.jp:80/internet/itdb_giinprof.nsf/html/profile/418.html,
Q1656896,宮腰光寛,富山県2区,-,,,富山2,,,宮腰 光寛君,みやこし みつひろ,自民,富山2,7,https://web.archive.org/web/20161204072448/http://www.shugiin.go.jp:80/internet/itdb_giinprof.nsf/html/profile/419.html,
Q11454258,宮崎岳志,-,北関東,,,,北関東,,宮崎 岳志君,みやざき たけし,民進,（比）北関東,2,https://web.archive.org/web/20161204072448/http://www.shugiin.go.jp:80/internet/itdb_giinprof.nsf/html/profile/421.html,
Q11454333,宮崎政久,-,九州,,,,九州,,宮崎 政久君,みやざき まさひさ,自民,（比）九州,2,https://web.archive.org/web/20161204072448/http://www.shugiin.go.jp:80/internet/itdb_giinprof.nsf/html/profile/422.html,
Q11455005,宮澤博行,静岡県3区,-,,,静岡3,,,宮澤 博行君,みやざわ ひろゆき,自民,静岡3,2,https://web.archive.org/web/20161204072448/http://www.shugiin.go.jp:80/internet/itdb_giinprof.nsf/html/profile/423.html,
Q21655823,宮路拓馬,-,九州,,,,九州,,宮路 拓馬君,みやじ たくま,自民,（比）九州,1,https://web.archive.org/web/20161204072448/http://www.shugiin.go.jp:80/internet/itdb_giinprof.nsf/html/profile/424.html,
Q5986289,宮下一郎,長野県5区,-,,,長野5,,,宮下 一郎君,みやした いちろう,自民,長野5,4,https://web.archive.org/web/20161204072448/http://www.shugiin.go.jp:80/internet/itdb_giinprof.nsf/html/profile/425.html,
Q11454828,宮本岳志,-,近畿,,,,近畿,,宮本 岳志君,みやもと たけし,共産,（比）近畿,3（参1）,https://web.archive.org/web/20161204072448/http://www.shugiin.go.jp:80/internet/itdb_giinprof.nsf/html/profile/426.html,
Q18818200,宮本徹,-,東京,,,,東京都,,宮本 徹君,みやもと とおる,共産,（比）東京都,1,https://web.archive.org/web/20161204072448/http://www.shugiin.go.jp:80/internet/itdb_giinprof.nsf/html/profile/427.html,
Q7505129,務台俊介,長野県2区,-,,,長野2,,,務台 俊介君,むたい しゅんすけ,自民,長野2,2,https://web.archive.org/web/20161204072448/http://www.shugiin.go.jp:80/internet/itdb_giinprof.nsf/html/profile/430.html,
Q11546528,武藤貴也,滋賀県4区,-,,,滋賀4,,,武藤 貴也君,むとう たかや,無,滋賀4,2,https://web.archive.org/web/20161204072448/http://www.shugiin.go.jp:80/internet/itdb_giinprof.nsf/html/profile/428.html,
Q8054534,武藤容治,岐阜県3区,-,,,岐阜3,,,武藤 容治君,むとう ようじ,自民,岐阜3,3,https://web.archive.org/web/20161204072448/http://www.shugiin.go.jp:80/internet/itdb_giinprof.nsf/html/profile/429.html,
Q18818207,宗清皇一,大阪府13区,-,,,大阪13,,,宗清 皇一君,むねきよ こういち,自民,大阪13,1,https://web.archive.org/web/20161204072448/http://www.shugiin.go.jp:80/internet/itdb_giinprof.nsf/html/profile/431.html,
Q11523004,村井英樹,埼玉県1区,-,,,埼玉1,,,村井 英樹君,むらい ひでき,自民,埼玉1,2,https://web.archive.org/web/20161204072448/http://www.shugiin.go.jp:80/internet/itdb_giinprof.nsf/html/profile/432.html,
Q11523193,村岡敏英,-,東北,,,,東北,,村岡 敏英君,むらおか としひで,民進,（比）東北,2,https://web.archive.org/web/20161204072448/http://www.shugiin.go.jp:80/internet/itdb_giinprof.nsf/html/profile/433.html,
Q7446719,村上誠一郎,愛媛県2区,-,,,愛媛2,,,村上 誠一郎君,むらかみ せいいちろう,自民,愛媛2,10,https://web.archive.org/web/20161204072448/http://www.shugiin.go.jp:80/internet/itdb_giinprof.nsf/html/profile/434.html,
Q8056243,望月義夫,静岡県4区,-,,,静岡4,,,望月 義夫君,もちづき よしお,自民,静岡4,7,https://web.archive.org/web/20161204072448/http://www.shugiin.go.jp:80/internet/itdb_giinprof.nsf/html/profile/435.html,
Q1655453,茂木敏充,栃木県5区,-,,,栃木5,,,茂木 敏充君,もてぎ としみつ,自民,栃木5,8,https://web.archive.org/web/20161204072448/http://www.shugiin.go.jp:80/internet/itdb_giinprof.nsf/html/profile/436.html,
Q11520430,本村賢太郎,-,南関東,,,,南関東,,本村 賢太郎君,もとむら けんたろう,民進,（比）南関東,2,https://web.archive.org/web/20161204072448/http://www.shugiin.go.jp:80/internet/itdb_giinprof.nsf/html/profile/437.html,
Q18818221,本村伸子,-,東海,,,,東海,,本村 伸子君,もとむら のぶこ,共産,（比）東海,1,https://web.archive.org/web/20161204072448/http://www.shugiin.go.jp:80/internet/itdb_giinprof.nsf/html/profile/438.html,
Q1133194,森英介,千葉県11区,-,,,千葉11,,,森 英介君,もり えいすけ,自民,千葉11,9,https://web.archive.org/web/20161204072448/http://www.shugiin.go.jp:80/internet/itdb_giinprof.nsf/html/profile/440.html,
Q337762,森山裕,鹿児島県5区,-,,,鹿児島5,,,森山 裕君,もりやま ひろし,自民,鹿児島5,5（参1）,https://web.archive.org/web/20161204072448/http://www.shugiin.go.jp:80/internet/itdb_giinprof.nsf/html/profile/441.html,
Q6782391,盛山正仁,-,近畿,,,,近畿,,盛山 正仁君,もりやま まさひと,自民,（比）近畿,3,https://web.archive.org/web/20161204072448/http://www.shugiin.go.jp:80/internet/itdb_giinprof.nsf/html/profile/439.html,
-,,-,-,,,選挙区,,平成29年9月26日現在,氏名,ふりがな,会派,選挙区,当選回数,,
Q11391317,八木哲也,-,東海,,,,東海,,八木 哲也君,やぎ てつや,自民,（比）東海,2,https://web.archive.org/web/20170928143525/http://www.shugiin.go.jp:80/internet/itdb_giinprof.nsf/html/profile/442.html,
Q786752,保岡興治,鹿児島県1区,-,,,鹿児島1,,,保岡 興治君,やすおか おきはる,自民,鹿児島1,13,https://web.archive.org/web/20170928143525/http://www.shugiin.go.jp:80/internet/itdb_giinprof.nsf/html/profile/443.html,
Q11603860,簗和生,栃木県3区,-,,,栃木3,,,簗 和生君,やな かずお,自民,栃木3,2,https://web.archive.org/web/20170928143525/http://www.shugiin.go.jp:80/internet/itdb_giinprof.nsf/html/profile/444.html,
Q11467778,山尾志桜里,愛知県7区,-,,,愛知7,,,山尾 志桜里君,やまお しおり,無,愛知7,2,https://web.archive.org/web/20170928143525/http://www.shugiin.go.jp:80/internet/itdb_giinprof.nsf/html/profile/445.html,
Q5209617,山際大志郎,神奈川県18区,-,,,神奈川18,,,山際 大志郎君,やまぎわ だいしろう,自民,神奈川18,4,https://web.archive.org/web/20170928143525/http://www.shugiin.go.jp:80/internet/itdb_giinprof.nsf/html/profile/446.html,
Q7505080,山口俊一,徳島県2区,-,,,徳島2,,,山口 俊一君,やまぐち しゅんいち,自民,徳島2,9,https://web.archive.org/web/20170928143525/http://www.shugiin.go.jp:80/internet/itdb_giinprof.nsf/html/profile/447.html,
Q7676160,山口泰明,埼玉県10区,-,,,埼玉10,,,山口 泰明君,やまぐち たいめい,自民,埼玉10,6,https://web.archive.org/web/20170928143525/http://www.shugiin.go.jp:80/internet/itdb_giinprof.nsf/html/profile/448.html,
Q704345,山口壯,兵庫県12区,-,,,兵庫12,,,山口 壯君,やまぐち つよし,自民,兵庫12,5,https://web.archive.org/web/20170928143525/http://www.shugiin.go.jp:80/internet/itdb_giinprof.nsf/html/profile/449.html,
Q11466071,山下貴司,岡山県2区,-,,,岡山2,,,山下 貴司君,やました たかし,自民,岡山2,2,https://web.archive.org/web/20170928143525/http://www.shugiin.go.jp:80/internet/itdb_giinprof.nsf/html/profile/450.html,
Q11470671,山田賢司,兵庫県7区,-,,,兵庫7,,,山田 賢司君,やまだ けんじ,自民,兵庫7,2,https://web.archive.org/web/20170928143525/http://www.shugiin.go.jp:80/internet/itdb_giinprof.nsf/html/profile/451.html,
Q11470608,山田美樹,東京都1区,-,,,東京1,,,山田 美樹君,やまだ みき,自民,東京1,2,https://web.archive.org/web/20170928143525/http://www.shugiin.go.jp:80/internet/itdb_giinprof.nsf/html/profile/452.html,
Q11466249,山井和則,京都府6区,-,,,京都6,,,山井 和則君,やまのい かずのり,民進,京都6,6,https://web.archive.org/web/20170928143525/http://www.shugiin.go.jp:80/internet/itdb_giinprof.nsf/html/profile/453.html,
Q6426244,山本公一,愛媛県4区,-,,,愛媛4,,,山本 公一君,やまもと こういち,自民,愛媛4,8,https://web.archive.org/web/20170928143525/http://www.shugiin.go.jp:80/internet/itdb_giinprof.nsf/html/profile/454.html,
Q6435368,山本幸三,福岡県10区,-,,,福岡10,,,山本 幸三君,やまもと こうぞう,自民,福岡10,7,https://web.archive.org/web/20170928143525/http://www.shugiin.go.jp:80/internet/itdb_giinprof.nsf/html/profile/455.html,
Q7678543,山本拓,-,北陸信越,,,,北陸信越,,山本 拓君,やまもと たく,自民,（比）北陸信越,7,https://web.archive.org/web/20170928143525/http://www.shugiin.go.jp:80/internet/itdb_giinprof.nsf/html/profile/456.html,
Q11469130,山本ともひろ,-,南関東,,,,南関東,,山本ともひろ君,やまもと ともひろ,自民,（比）南関東,3,https://web.archive.org/web/20170928143525/http://www.shugiin.go.jp:80/internet/itdb_giinprof.nsf/html/profile/457.html,
Q8060529,山本有二,高知県2区,-,,,高知2,,,山本 有二君,やまもと ゆうじ,自民,高知2,9,https://web.archive.org/web/20170928143525/http://www.shugiin.go.jp:80/internet/itdb_giinprof.nsf/html/profile/458.html,
Q6837954,柚木道義,-,中国,,,,中国,,柚木 道義君,ゆのき みちよし,民進,（比）中国,4,https://web.archive.org/web/20170928143525/http://www.shugiin.go.jp:80/internet/itdb_giinprof.nsf/html/profile/459.html,
Q130856,横路孝弘,北海道1区,-,,,北海道1,,,横路 孝弘君,よこみち たかひろ,民進,北海道1,12,https://web.archive.org/web/20170928143525/http://www.shugiin.go.jp:80/internet/itdb_giinprof.nsf/html/profile/460.html,
Q18818315,横山博幸,-,四国,,,,四国,,横山 博幸君,よこやま ひろゆき,無,（比）四国,1,https://web.archive.org/web/20170928143525/http://www.shugiin.go.jp:80/internet/itdb_giinprof.nsf/html/profile/461.html,
Q11609955,義家弘介,-,南関東,,,,南関東,,義家 弘介君,よしいえ ひろゆき,自民,（比）南関東,2（参1）,https://web.archive.org/web/20170928143525/http://www.shugiin.go.jp:80/internet/itdb_giinprof.nsf/html/profile/468.html,
Q7677156,吉川貴盛,北海道2区,-,,,北海道2,,,吉川 貴盛君,よしかわ たかもり,自民,北海道2,5,https://web.archive.org/web/20170928143525/http://www.shugiin.go.jp:80/internet/itdb_giinprof.nsf/html/profile/462.html,
Q11412937,吉川元,-,九州,,,,九州,,吉川 元君,よしかわ はじめ,社民,（比）九州,2,https://web.archive.org/web/20170928143525/http://www.shugiin.go.jp:80/internet/itdb_giinprof.nsf/html/profile/463.html,
Q6102348,吉田泉,-,-,2017-07,,,東北,,吉田 泉君,よしだ いずみ,民進,（比）東北,5,https://web.archive.org/web/20170928143525/http://www.shugiin.go.jp:80/internet/itdb_giinprof.nsf/html/profile/508.html,
Q21655857,吉田豊史,-,北陸信越,,,,北陸信越,,吉田 豊史君,よしだ とよふみ,維新,（比）北陸信越,1,https://web.archive.org/web/20170928143525/http://www.shugiin.go.jp:80/internet/itdb_giinprof.nsf/html/profile/464.html,
Q21703015,吉田宣弘,-,九州,,,,九州,,吉田 宣弘君,よしだ のぶひろ,公明,（比）九州,1,https://web.archive.org/web/20170928143525/http://www.shugiin.go.jp:80/internet/itdb_giinprof.nsf/html/profile/465.html,
Q49949,吉野正芳,福島県5区,-,,,福島5,,,吉野 正芳君,よしの まさよし,自民,福島5,6,https://web.archive.org/web/20170928143525/http://www.shugiin.go.jp:80/internet/itdb_giinprof.nsf/html/profile/466.html,
-,,-,-,,,選挙区,,平成28年10月26日現在,氏名,ふりがな,会派,選挙区,当選回数,,
Q5770152,笠浩史,神奈川県9区,-,,,神奈川9,,,笠 浩史君,りゅう ひろふみ,民進,神奈川9,5,https://web.archive.org/web/20161204072536/http://www.shugiin.go.jp:80/internet/itdb_giinprof.nsf/html/profile/469.html,
-,,-,-,,,選挙区,,平成29年9月20日現在,氏名,ふりがな,会派,選挙区,当選回数,,
Q11616618,若狭勝,-,東京,2016-10,2016-10,東京10,,,若狭 勝君,わかさ まさる,無,東京10,2,https://web.archive.org/web/20170922062049/http://www.shugiin.go.jp/internet/itdb_giinprof.nsf/html/profile/507.html,
Q6389383,若宮健嗣,東京都5区,-,,,東京5,,,若宮 健嗣君,わかみや けんじ,自民,東京5,3,https://web.archive.org/web/20170922062049/http://www.shugiin.go.jp/internet/itdb_giinprof.nsf/html/profile/471.html,
Q5349200,鷲尾英一郎,-,北陸信越,,,,北陸信越,,鷲尾 英一郎君,わしお えいいちろう,民進,（比）北陸信越,4,https://web.archive.org/web/20170922062049/http://www.shugiin.go.jp/internet/itdb_giinprof.nsf/html/profile/472.html,
Q23907516,和田義明,-,-,2016-04,,北海道5,,,和田 義明君,わだ よしあき,自民,北海道5,1,https://web.archive.org/web/20170922062049/http://www.shugiin.go.jp/internet/itdb_giinprof.nsf/html/profile/504.html,
Q11562188,渡辺孝一,-,北海道,,,,北海道,,渡辺 孝一君,わたなべ こういち,自民,（比）北海道,2,https://web.archive.org/web/20170922062049/http://www.shugiin.go.jp/internet/itdb_giinprof.nsf/html/profile/473.html,
Q7504421,渡辺周,静岡県6区,-,,,静岡6,,,渡辺 周君,わたなべ しゅう,民進,静岡6,7,https://web.archive.org/web/20170922062049/http://www.shugiin.go.jp/internet/itdb_giinprof.nsf/html/profile/474.html,
Q11562133,渡辺博道,千葉県6区,-,,,千葉6,,,渡辺 博道君,わたなべ ひろみち,自民,千葉6,6,https://web.archive.org/web/20170922062049/http://www.shugiin.go.jp/internet/itdb_giinprof.nsf/html/profile/475.html,
,,-,-,,,,,,,,,,,,
Q21529384,吉村洋文,-,近畿,,2015-10,,近畿,,,,,,,,https://ja.wikipedia.org/wiki/%E5%90%89%E6%9D%91%E6%B4%8B%E6%96%87
Q697258,町村信孝,北海道5区,-,,2016-04,北海道5,,,,,,,,,https://ja.wikipedia.org/wiki/%E7%94%BA%E6%9D%91%E4%BF%A1%E5%AD%9D
Q11454603,宮崎謙介,京都府3区,-,,2016-04,京都1,,,,,,,,,https://ja.wikipedia.org/wiki/%E5%AE%AE%E5%B4%8E%E8%AC%99%E4%BB%8B
Q777936,鳩山邦夫,福岡県6区,-,,2016-10,福岡6,,,,,,,,,https://ja.wikipedia.org/wiki/%E9%B3%A9%E5%B1%B1%E9%82%A6%E5%A4%AB
Q6381535,郡和子,-,東北,,2017-07,,東北,,,,,,,,https://ja.wikipedia.org/wiki/%E9%83%A1%E5%92%8C%E5%AD%90
Q261703,小池百合子,東京都10区,-,,2016-10,東京10,,,,,,,,,https://ja.wikipedia.org/wiki/%E5%B0%8F%E6%B1%A0%E7%99%BE%E5%90%88%E5%AD%90
Q11518790,木村太郎,青森県4区,-,,2017-07,青森4,,,,,,,,,https://ja.wikipedia.org/wiki/%E6%9C%A8%E6%9D%91%E5%A4%AA%E9%83%8E_(%E6%94%BF%E6%B2%BB%E5%AE%B6)
Q11652270,長島忠美,新潟県5区,-,,2017-08,新潟5,,,,,,,,,
Q11580176,白石徹,愛媛県3区,-,,2017-03,愛媛3,,,,,,,,,