db,person,property,value
ours,Q41768440,,
ours,Q41770806,,
ours,Q41770875,,
wikidata,Q11656611,,
ours,Q10856313,1581,http://www.tanakamieko.jp/category/blog/
ours,Q1135729,1581,https://ameblo.jp/gohosono
ours,Q11360320,1581,https://ameblo.jp/ueno-hiroshi/
ours,Q11365989,1581,http://www.hiro-nakamura.jp/?page_id=12
ours,Q11377294,1581,http://hiroshi-i.net/?cat=11
ours,Q11379575,1581,https://ameblo.jp/i-yoshitaka-blog/
ours,Q11384409,1581,http://blog.goo.ne.jp/satohidemichi
ours,Q11395120,1581,http://www.togachan.jp/blog/
ours,Q11396609,1581,https://ameblo.jp/hatsushika-akihiro/
ours,Q11397382,1581,http://www.maedakazuo.jp/blog/
ours,Q11400147,1581,https://ameblo.jp/t-katsumata/
ours,Q11400372,1581,https://ameblo.jp/shige-katsunuma/
ours,Q11412937,1581,http://yoshikawahajime.blog.fc2.com/
ours,Q11413102,1581,http://ameblo.jp/yoshikawatakeru/
ours,Q11422694,1581,http://konosuke.ti-da.net/
ours,Q11425971,1581,http://kiitakashi2009.blog119.fc2.com
ours,Q11454668,1581,https://ameblo.jp/mygwnrk/
ours,Q11462267,1581,http://mkoike.cocolog-nifty.com/blog/
ours,Q11465449,1581,https://asako-omi.jp
ours,Q11466091,1581,https://ameblo.jp/sobo-katamuki/
ours,Q11466249,1581,http://yamanoi.net/
ours,Q11467842,1581,http://tatumaru1979.blog.jp/
ours,Q11468895,1581,https://ameblo.jp/yamamotogosei
ours,Q11475456,1581,http://www.k-iwata.jp/blog
ours,Q11518735,1581,https://ameblo.jp/kimurataketsuka/
ours,Q11522313,1581,http://blog.livedoor.jp/sugitamio/
ours,Q11534806,1581,https://ameblo.jp/shibatatakumi/
ours,Q11545768,1581,http://s-takei.seesaa.net/
ours,Q11549401,1581,https://ameblo.jp/mizuno-tomo/
ours,Q11576787,1581,http://tadokoroyoshinori.blogspot.jp/
ours,Q11620603,1581,http://d.hatena.ne.jp/yjochi/
ours,Q11629931,1581,https://ameblo.jp/nishimekosaburo/
ours,Q11638747,1581,http://www.kondokazuya.com/blog/
ours,Q11642258,1581,http://blog.livedoor.jp/akitadog/
ours,Q11646784,1581,https://ameblo.jp/kaneko-megumi/
ours,Q11651021,1581,http://kamata-sayuri.at.webry.info
ours,Q11656652,1581,http://blog.goo.ne.jp/xday0321
ours,Q11657599,1581,http://achiha.blog75.fc2.com/
ours,Q11670300,1581,http://kazuo-takamatsu.cocolog-nifty.com
ours,Q122465,1581,https://ameblo.jp/suga-yoshihide/
ours,Q1335527,1581,http://ishiba-shigeru.cocolog-nifty.com/blog/
ours,Q1340817,1581,http://www.tanahashi-yasufumi.com/blog/
ours,Q1478311,1581,https://www.arai21.net/
ours,Q16264323,1581,https://ameblo.jp/imamura-hirofumi/
ours,Q1656878,1581,https://ameblo.jp/norihisa-tamura/
ours,Q1704969,1581,http://www.furuya-keiji.jp/blog/
ours,Q17158474,1581,http://ameblo.jp/konnotomohiro/
ours,Q17160031,1581,https://ameblo.jp/takakosuzuki/
ours,Q17160872,1581,https://ameblo.jp/kuri9077/
ours,Q1724004,1581,http://terukan.ti-da.net
ours,Q1739044,1581,http://www.wakabayashikenta.com/contents/kentablog2/
ours,Q18817972,1581,https://hatarogu.blogspot.jp/
ours,Q18818207,1581,https://ameblo.jp/km101010/
ours,Q20041786,1581,http://www.komei.or.jp/km/yokkaichi-nakagawa-yasuhiro/
ours,Q2484652,1581,http://www.takeshita-wataru.com/
ours,Q24875305,1581,https://ameblo.jp/uttaetotatakai/
ours,Q2576975,1581,http://www.y-sue.net/71719/%e3%83%96%e3%83%ad%e3%82%b0/
ours,Q30144920,1581,http://yoshinobuu.exblog.jp/
ours,Q3136350,1581,https://ameblo.jp/hase-hiroshi/
ours,Q41693822,1581,http://profile.ameba.jp/7doors
ours,Q41768435,1581,https://ameblo.jp/cokucoku2525/
ours,Q41769890,1581,http://senkyo.jcp-tokyo.net/kishi/blog/
ours,Q41769947,1581,http://maejun.main.jp/
ours,Q41769948,1581,http://blog.goo.ne.jp/motokisobue
ours,Q41769951,1581,https://www.kamoshita.gr.jp/media/
ours,Q41770033,1581,http://inoino700.blog.fc2.com/
ours,Q41770036,1581,http://overwash.blog7.fc2.com/
ours,Q41770042,1581,http://blog.goo.ne.jp/tomita-naoki
ours,Q41770231,1581,http://senkyo.jcp-tokyo.net/iida/blog/
ours,Q41770450,1581,http://zaian7.exblog.jp/
ours,Q41770456,1581,https://ameblo.jp/take4648kish/
ours,Q41770457,1581,https://ameblo.jp/maki-hrp/
ours,Q41770460,1581,http://senkyo.jcp-tokyo.net/osanai/blog/
ours,Q41770566,1581,http://sugawara.jcpkitami.jp/
ours,Q41770571,1581,http://www.kanakura.net/
ours,Q41770573,1581,https://kawaberyuji.blogspot.jp/
ours,Q41770575,1581,http://sasakiakemi-taine.blogspot.jp/
ours,Q41770577,1581,http://moriyama-yoshinori-hrp.blogspot.jp
ours,Q41770581,1581,http://blog.goo.ne.jp/ishiakiishi8740
ours,Q41770582,1581,http://honmakatsumi.blogspot.jp/
ours,Q41770583,1581,https://ameblo.jp/matsuhashi-chiharu/
ours,Q41770590,1581,https://ameblo.jp/mikuniyuki/
ours,Q41770601,1581,https://ameblo.jp/tetsushiyui/
ours,Q41770609,1581,https://ameblo.jp/takehikobando
ours,Q41770611,1581,http://hanayutadaichan.strikingly.com/#_blog
ours,Q41770620,1581,https://ameblo.jp/shirotori-ryota/
ours,Q41770632,1581,http://blog.livedoor.jp/oouchikumiko/
ours,Q41770640,1581,http://kawasakiatsuko.seesaa.net/
ours,Q41770646,1581,http://blog.aoyamayamato.net/
ours,Q41770655,1581,https://ameblo.jp/ishiwata-tsuyoshi/
ours,Q41770659,1581,http://setuko2525.cocolog-nifty.com
ours,Q41770678,1581,https://www.hiroshihatano.com/blog
ours,Q41770685,1581,http://iidatakeshi.blog.fc2.com
ours,Q41770703,1581,https://ameblo.jp/oonishiwataru/
ours,Q41770706,1581,http://smiyakawa.com/blog/
ours,Q41770709,1581,https://ameblo.jp/hirotsugu1216/
ours,Q41770711,1581,https://higuchi-hiroyasu.blogspot.jp/
ours,Q41770726,1581,https://kazu-seto.blogspot.jp/
ours,Q41770731,1581,http://jcpnakanowatari.blogspot.jp
ours,Q41770735,1581,http://jcpikeda.blogspot.jp
ours,Q41770737,1581,http://jcpyokota.blogspot.jp
ours,Q41770740,1581,http://jcpoonuki.blogspot.jp
ours,Q41770742,1581,http://kugimaru.blogspot.jp/
ours,Q41770743,1581,http://ameblo.jp/ikiaiko/
ours,Q41770746,1581,http://y-waseda1206.jugem.jp/
ours,Q41770747,1581,http://yokoyama-seigo5.blogspot.jp/
ours,Q41770751,1581,https://jcpwakabayashi.blogspot.jp
ours,Q41770754,1581,http://ameblo.jp/katohrika/
ours,Q41770754,1581,http://katohrika.blog.fc2.com
ours,Q41770764,1581,http://blog.goo.ne.jp/melf4511
ours,Q41770780,1581,http://miyamoto-satoshi.com/blog
ours,Q41770792,1581,http://ameblo.jp/ai-nishiwaki/
ours,Q41770815,1581,https://ameblo.jp/chikachika-gogo/
ours,Q41770817,1581,https://aoyama-masayuki.com/blog/
ours,Q41770830,1581,http://itakuramasahumi.blog69.fc2.com/
ours,Q41770846,1581,https://blogs.yahoo.co.jp/ryouhei19371213
ours,Q41770857,1581,http://sakamotomakii.blog.fc2.com
ours,Q41770863,1581,https://ameblo.jp/kerykeion777
ours,Q41770878,1581,http://shoot128.exblog.jp
ours,Q41770887,1581,http://blog.goo.ne.jp/tame15
ours,Q41770893,1581,https://ameblo.jp/miraini-kibou/
ours,Q41770903,1581,https://ameblo.jp/nfk-go/
ours,Q41770906,1581,http://muraguti-kumiko.cocolog-nifty.com
ours,Q41770931,1581,http://profile.ameba.jp/sakuraishu
ours,Q41770933,1581,https://ameblo.jp/satiueda48/
ours,Q41770943,1581,http://kiihanto.exblog.jp/
ours,Q41770956,1581,https://ameblo.jp/smn-mukose/
ours,Q41770959,1581,http://kyomi-k.cocolog-nifty.com/
ours,Q41770960,1581,http://ameblo.jp/tanabe-yuji/
ours,Q41770965,1581,http://kakushinhiroshima.hatenablog.com
ours,Q41770968,1581,https://ameblo.jp/mizumizu-yoshi/
ours,Q41770976,1581,http://kojishigemura.exblog.jp
ours,Q41770980,1581,http://ameblo.jp/kawaimiwako/
ours,Q41770983,1581,http://blog.livedoor.jp/kazushi53/
ours,Q41770991,1581,https://ameblo.jp/ma-fukuyama/
ours,Q41771001,1581,https://ameblo.jp/morita-koji
ours,Q41771005,1581,https://plaza.rakuten.co.jp/tosanikki/diary/201605200000/
ours,Q41771007,1581,http://murakamitomonobu.rgr.jp/blog/
ours,Q41771018,1581,http://www.araifumiko.jp/
ours,Q41771024,1581,https://ameblo.jp/nakashimatoru
ours,Q41771033,1581,http://blog.goo.ne.jp/ssuetsugu
ours,Q41771036,1581,https://ameblo.jp/kumakumael/
ours,Q41771044,1581,http://ameblo.jp/uedaatsuko/
ours,Q41771047,1581,http://ameblo.jp/konoichiro
ours,Q41771057,1581,http://shimojireiko.ti-da.net
ours,Q41771060,1581,https://ameblo.jp/tomikawa-yasumasa/
ours,Q41777902,1581,http://profile.ameba.jp/sato-hiroshi
ours,Q41777916,1581,http://aonoyoshiaki.blog101.fc2.com/
ours,Q41777921,1581,http://blogs.yahoo.co.jp/tosimitu1962/
ours,Q41805147,1581,http://nanami-hiroko.net/
ours,Q41805159,1581,http://hrp-newsfile.jp/author/mitsuhashiakemi/
ours,Q41805162,1581,http://yosanomakoto.jp/blog/
ours,Q41805165,1581,http://blog.goo.ne.jp/nakagawahiroji
ours,Q41805170,1581,http://nakanehiromi.blog.fc2.com/
ours,Q41805171,1581,http://ainodennsyobato.at.webry.info/
ours,Q41805172,1581,https://ameblo.jp/nakanishirie/
ours,Q41805178,1581,https://ameblo.jp/minatoyuko/
ours,Q41805181,1581,https://ameblo.jp/yogosayaka/
ours,Q41805191,1581,https://ameblo.jp/ando-takao/
ours,Q41805204,1581,https://ameblo.jp/tanakatakako/
ours,Q41805205,1581,https://ameblo.jp/mikikomay/
ours,Q41805206,1581,http://blog.canpan.info/tak1381
ours,Q41805219,1581,http://profile.ameba.jp/followme56
ours,Q41805230,1581,http://hidetoshi.asia/ブログ一覧ページ/
ours,Q41805237,1581,https://ameblo.jp/yoshida-kaworu
ours,Q41805243,1581,http://tabuchimasafumi.doorblog.jp/
ours,Q41805252,1581,https://ameblo.jp/mika-448/
ours,Q41805258,1581,https://ameblo.jp/saekitomoko/
ours,Q41805266,1581,https://ameblo.jp/yuzo0617/
ours,Q41805278,1581,http://matuokamasaru.blogspot.jp
ours,Q41805287,1581,http://shaku-ryoko.net
ours,Q41805322,1581,https://ameblo.jp/shirakawa-yasuyuki/
ours,Q41805337,1581,https://ameblo.jp/papadad
ours,Q457774,1581,http://gree.jp/sonoda_hiroyuki/
ours,Q459698,1581,https://ameblo.jp/seiko-noda/
ours,Q467453,1581,http://gree.jp/aisawa_ichiro/
ours,Q4803390,1581,https://ameblo.jp/miharashi1192/
ours,Q49949,1581,http://ym88news.exblog.jp/
ours,Q506730,1581,https://ameblo.jp/hirotaka-ishihara/
ours,Q5770884,1581,https://ameblo.jp/kajiyama-hiroshi/
ours,Q5771003,1581,http://oogushi.ldblog.jp
ours,Q6102348,1581,http://izumidaily.blog27.fc2.com/
ours,Q6142027,1581,http://suzukinozomu.hamazo.tv/
ours,Q6314413,1581,http://blog.livedoor.jp/junbo_blog/
ours,Q6746585,1581,http://www.manabu.jp/blog/
ours,Q6782366,1581,http://blog.goo.ne.jp/masahiro_1947
ours,Q6782391,1581,http://blog.goo.ne.jp/moriyama-hashiru
ours,Q6782686,1581,https://www.tsuchiya-masatada.com/blog/
ours,Q7385320,1581,https://ameblo.jp/ryosei-akazawa/
ours,Q7497769,1581,https://ameblo.jp/shinsukeclub/
ours,Q7504756,1581,https://takatori55jim.wordpress.com/
ours,Q7677369,1581,http://www.shinohara21.com/blog/
ours,Q7850389,1581,https://ameblo.jp/takagituyosi/
ours,Q8055970,1581,https://chikushino.jimdo.com/blog/
ours,Q8060577,1581,https://ameblo.jp/sato-yukari
wikidata,Q11461955,P1581,http://kobayashi-takayuki.jp/blog/
wikidata,Q11522313,P1581,http://blog.livedoor.jp/sugitamio/
wikidata,Q11555503,P1581,http://blog.livedoor.jp/hatarina/
wikidata,Q11620603,P1581,http://d.hatena.ne.jp/yjochi/
wikidata,Q11653978,P1581,http://blog.livedoor.jp/hasegawa_yutaka/
wikidata,Q41770042,P1581,http://www.tomita-naoki.com/
wikidata,Q41770450,P1581,http://zaian7.exblog.jp/
wikidata,Q41770566,P1581,http://sugawara.jcpkitami.jp/
wikidata,Q41770577,P1581,http://moriyama-yoshinori-hrp.blogspot.jp/
wikidata,Q41770581,P1581,http://blog.goo.ne.jp/ishiakiishi8740
wikidata,Q41770602,P1581,http://blog.okamotoakiko.com/
wikidata,Q41770611,P1581,http://hanayutadaichan.strikingly.com/#_blog
wikidata,Q41770685,P1581,http://iidatakeshi.blog.fc2.com/
wikidata,Q41770711,P1581,https://higuchi-hiroyasu.blogspot.jp/
wikidata,Q41770724,P1581,http://yasusiro.at.webry.info/
wikidata,Q41770734,P1581,http://sasakikatsumi.blog.fc2.com/
wikidata,Q41770742,P1581,http://kugimaru.blogspot.jp/
wikidata,Q41770857,P1581,http://sakamotomakii.blog.fc2.com/
wikidata,Q41770983,P1581,http://blog.livedoor.jp/kazushi53/
wikidata,Q41777902,P1581,http://profile.ameba.jp/sato-hiroshi
wikidata,Q41777904,P1581,http://shumatsuki.blog.fc2.com/
wikidata,Q41777916,P1581,http://aonoyoshiaki.blog101.fc2.com/
wikidata,Q41805165,P1581,http://blog.goo.ne.jp/nakagawahiroji
wikidata,Q41805171,P1581,http://ainodennsyobato.at.webry.info/
wikidata,Q41805239,P1581,http://takagi.exblog.jp/
wikidata,Q41805243,P1581,http://tabuchimasafumi.doorblog.jp/
wikidata,Q4700952,P1581,http://blog.goo.ne.jp/nagashima21
wikidata,Q7504756,P1581,https://takatori55jim.wordpress.com/
wikidata,Q7677369,P1581,http://www.shinohara21.com/blog/
wikidata,Q7678527,P1581,http://etotaku.exblog.jp/
wikidata,Q1039717,P18,http://commons.wikimedia.org/wiki/Special:FilePath/Mitsuo%20Matayoshi.jpg
wikidata,Q1132836,P18,http://commons.wikimedia.org/wiki/Special:FilePath/Yasukazu%20Hamada%20cropped%20Yasukazu%20Hamadand%20and%20John%20Hamre%2019981103.jpg
wikidata,Q1133136,P18,http://commons.wikimedia.org/wiki/Special:FilePath/Kisabur%C5%8D%20Tokai.jpg
wikidata,Q1133192,P18,http://commons.wikimedia.org/wiki/Special:FilePath/Hiroyuki%20Hosoda%20in%20New%20Delhi%20on%2023%20September%202016.jpg
wikidata,Q1133194,P18,http://commons.wikimedia.org/wiki/Special:FilePath/Eisuke%20Mori.jpg
wikidata,Q1133360,P18,http://commons.wikimedia.org/wiki/Special:FilePath/Tsutomu%20Sat%C5%8D.jpg
wikidata,Q1133880,P18,http://commons.wikimedia.org/wiki/Special:FilePath/Toshihiro%20Nikai-20061120.jpg
wikidata,Q11353993,P18,http://commons.wikimedia.org/wiki/Special:FilePath/%E4%B8%89%E3%83%83%E6%9E%97%E8%A3%95%E5%B7%B32017%E5%B9%B4.jpg
wikidata,Q1135729,P18,http://commons.wikimedia.org/wiki/Special:FilePath/Goshi%20Hosono%20Minshu%20IMG%205474%2020130707.JPG
wikidata,Q11366226,P18,http://commons.wikimedia.org/wiki/Special:FilePath/Yasuhiro%20nakane.jpg
wikidata,Q11367646,P18,http://commons.wikimedia.org/wiki/Special:FilePath/HiromasaNakano.jpg
wikidata,Q11373555,P18,http://commons.wikimedia.org/wiki/Special:FilePath/Japanese%20general%20election%202012%20Masae%20Ido%20in%20Motomachi%20IMG%200076%2020121209.JPG
wikidata,Q11377132,P18,http://commons.wikimedia.org/wiki/Special:FilePath/Soichiro%20Imaeda%20%282013.06.01%29%2005.jpg
wikidata,Q11409844,P18,http://commons.wikimedia.org/wiki/Special:FilePath/Haradakenji-wiki-200.jpg
wikidata,Q11422694,P18,http://commons.wikimedia.org/wiki/Special:FilePath/K%C5%8Dnosuke%20Kokuba%2020150726%282%29.JPG
wikidata,Q11423241,P18,http://commons.wikimedia.org/wiki/Special:FilePath/Shinako-tsuchiya.jpg
wikidata,Q11425971,P18,http://commons.wikimedia.org/wiki/Special:FilePath/Takashi%20Kii%20cropped%201%20Takashi%20Kii%20Yuko%20Mori%20Masaharu%20Nakagawa%20and%20John%20Roos%20201110.jpg
wikidata,Q11425985,P18,http://commons.wikimedia.org/wiki/Special:FilePath/Minoru%20Kiuchi.jpg
wikidata,Q11431868,P18,http://commons.wikimedia.org/wiki/Special:FilePath/Masaki%20Ogushi%20IMG%203881-2%2020140117.JPG
wikidata,Q11434738,P18,http://commons.wikimedia.org/wiki/Special:FilePath/%E5%A4%A7%E5%B2%A1%E6%95%8F%E5%AD%9D%E8%A1%86%E8%AD%B0%E9%99%A2%E8%AD%B0%E5%93%A1.jpg
wikidata,Q11439619,P18,http://commons.wikimedia.org/wiki/Special:FilePath/Keitaro%20Ohno.jpg
wikidata,Q11450236,P18,http://commons.wikimedia.org/wiki/Special:FilePath/%E5%AE%89%E4%BA%95%E7%BE%8E%E6%B2%99%E5%AD%90%E8%AD%B0%E5%93%A1.jpeg
wikidata,Q11454333,P18,http://commons.wikimedia.org/wiki/Special:FilePath/%E5%AE%AE%E5%B4%8E%E6%94%BF%E4%B9%85.jpg
wikidata,Q11461458,P18,http://commons.wikimedia.org/wiki/Special:FilePath/S%2014934020.jpg
wikidata,Q11461866,P18,http://commons.wikimedia.org/wiki/Special:FilePath/%E8%A1%97%E9%A0%AD.jpg
wikidata,Q11462267,P18,http://commons.wikimedia.org/wiki/Special:FilePath/%E5%B0%8F%E6%B1%A0%E6%94%BF%E5%B0%B1.jpg
wikidata,Q11466071,P18,http://commons.wikimedia.org/wiki/Special:FilePath/Takashi%20Yamashita.jpg
wikidata,Q11466235,P18,http://commons.wikimedia.org/wiki/Special:FilePath/%E5%B1%B1%E4%B9%8B%E5%86%85%E6%AF%85%E3%81%AE%E5%86%99%E7%9C%9F.jpg
wikidata,Q11467778,P18,http://commons.wikimedia.org/wiki/Special:FilePath/%E8%A1%86%E8%AD%B0%E9%99%A2%E8%AD%B0%E5%93%A1%E5%B1%B1%E5%B0%BE%E5%BF%97%E6%A1%9C%E9%87%8C.jpg
wikidata,Q11469130,P18,http://commons.wikimedia.org/wiki/Special:FilePath/US%20Marine%20Corps%20photo%20180407-M-OP674-180%20BLT%201%EF%BC%8F1%20Marines%20work%20alongside%20JGSDF%20during%20Japanese%20Amphibious%20Rapid%20Deployment%20Brigade%E2%80%99s%20unit-activation%20ceremony.jpg
wikidata,Q11470608,P18,http://commons.wikimedia.org/wiki/Special:FilePath/Miki%20yamada%20-%20shinjuku%20west%20exit%20-%20a%20-%20june%205%202016.jpg
wikidata,Q11470671,P18,http://commons.wikimedia.org/wiki/Special:FilePath/YAMADA%2C%20Kenji.jpg
wikidata,Q11470885,P18,http://commons.wikimedia.org/wiki/Special:FilePath/Ikuo%20Yamahana%20cropped%202%20Banri%20Kaieda%20Ikuo%20Yamahana%20and%20Takeshi%20Nakane%2020110620%201.jpg
wikidata,Q11518220,P18,http://commons.wikimedia.org/wiki/Special:FilePath/%E6%9C%A8%E5%8E%9F%E7%A8%94%E8%B2%A1%E5%8B%99%E5%89%AF%E5%A4%A7%E8%87%A3.jpg
wikidata,Q11518222,P18,http://commons.wikimedia.org/wiki/Special:FilePath/Seiji%20Kihara%20%28cropped%29.jpg
wikidata,Q11519999,P18,http://commons.wikimedia.org/wiki/Special:FilePath/Hiranao%20Honda%20cropped%201%20Hiranao%20Honda%20201210.jpg
wikidata,Q11522313,P18,http://commons.wikimedia.org/wiki/Special:FilePath/Protest%20demonstration%20against%20Mio%20Sugita%202018.jpg
wikidata,Q11523004,P18,http://commons.wikimedia.org/wiki/Special:FilePath/Hideki%20Murai.jpg
wikidata,Q11535033,P18,http://commons.wikimedia.org/wiki/Special:FilePath/Mito%20kakizawa.jpg
wikidata,Q11536382,P18,http://commons.wikimedia.org/wiki/Special:FilePath/%E6%A0%B9%E6%9C%AC%E5%B9%B8%E5%85%B8%20Yukinori%20Nemoto.jpg
wikidata,Q11539787,P18,http://commons.wikimedia.org/wiki/Special:FilePath/Kazuyoshi%20Morimoto%20%282012.10.07%29%201.jpg
wikidata,Q11544691,P18,http://commons.wikimedia.org/wiki/Special:FilePath/Mari%20Kushibuchi%2020120528%20at%20Machida%20Yamazaki.jpg
wikidata,Q11553342,P18,http://commons.wikimedia.org/wiki/Special:FilePath/Katsuyuki%20Kawai.jpg
wikidata,Q1155448,P18,http://commons.wikimedia.org/wiki/Special:FilePath/Hirofumi%20Hirano%20cropped%20Hirofumi%20Hirano%20in%20Kadena%20Air%20Base.jpg
wikidata,Q11561908,P18,http://commons.wikimedia.org/wiki/Special:FilePath/Naomi%20Tokashiki.png
wikidata,Q11562133,P18,http://commons.wikimedia.org/wiki/Special:FilePath/Hiromichi%20Watanabe%20%28cropped%29.jpg
wikidata,Q11572466,P18,http://commons.wikimedia.org/wiki/Special:FilePath/Denny%20Tamaki%20%282018%29.jpg
wikidata,Q11572647,P18,http://commons.wikimedia.org/wiki/Special:FilePath/Yuichiro%20Tamaki%20IMG%205649-1%2020160903.jpg
wikidata,Q11580199,P18,http://commons.wikimedia.org/wiki/Special:FilePath/%E7%99%BD%E7%9F%B3%E6%B4%8B%E4%B8%80%20%E6%8F%A1%E6%89%8B%20%28%E5%B0%8F%29.JPG
wikidata,Q11580448,P18,http://commons.wikimedia.org/wiki/Special:FilePath/IMG%20Takaki%20Shirasuka%20at%20Kashiwa.jpg
wikidata,Q11597257,P18,http://commons.wikimedia.org/wiki/Special:FilePath/%E8%A1%86%E8%AD%B0%E9%99%A2%E8%AD%B0%E5%93%A1%20%E7%A9%B4%E8%A6%8B%E9%99%BD%E4%B8%80.jpg
wikidata,Q11606064,P18,http://commons.wikimedia.org/wiki/Special:FilePath/Kenichi%20Hosoda%20at%20Nagaoka%20Niigata%202019%2C07.jpg
wikidata,Q11609955,P18,http://commons.wikimedia.org/wiki/Special:FilePath/Hiroyuki%20Yoshiie%20July%2020%2C%202007.jpg
wikidata,Q1161024,P18,http://commons.wikimedia.org/wiki/Special:FilePath/Taro%20Kono%20cropped%20Taro%20Kono%20201510.jpg
wikidata,Q11616618,P18,http://commons.wikimedia.org/wiki/Special:FilePath/Masaru%20Wakasa%20IMG%205348%2020130706.JPG
wikidata,Q11624673,P18,http://commons.wikimedia.org/wiki/Special:FilePath/Kazue%20Fujita.jpg
wikidata,Q11633044,P18,http://commons.wikimedia.org/wiki/Special:FilePath/Kenji%20Tamura%20Yoshito%20Sengoku%20Masagos%20Zulkifli%20Hajime%20Yatagawa%20and%20Yukiko%20Miyake%20201205.jpg
wikidata,Q11634137,P18,http://commons.wikimedia.org/wiki/Special:FilePath/Mayuko%20Toyota%20cropped%201%20Mayuko%20Toyota%20201510.jpg
wikidata,Q11638274,P18,http://commons.wikimedia.org/wiki/Special:FilePath/Kiyoto%20Tsuji%20-%202018%20%28cropped%29.jpg
wikidata,Q11644760,P18,http://commons.wikimedia.org/wiki/Special:FilePath/Kazuhiko%20Shigetoku%20%282014.03.23%29%203.jpg
wikidata,Q11646016,P18,http://commons.wikimedia.org/wiki/Special:FilePath/Takeshi%20Noda.jpg
wikidata,Q11647681,P18,http://commons.wikimedia.org/wiki/Special:FilePath/Katsutoshi%20Kaneda.jpg
wikidata,Q11648868,P18,http://commons.wikimedia.org/wiki/Special:FilePath/Norikazu%20Suzuki%2020150907%282%29.JPG
wikidata,Q11653978,P18,http://commons.wikimedia.org/wiki/Special:FilePath/Yutaka%20Hasegawa%202019.jpg
wikidata,Q11657178,P18,http://commons.wikimedia.org/wiki/Special:FilePath/Yukihiko%20Akutsu%20cropped%201%20Yukihiko%20Akutsu%20201101.jpg
wikidata,Q11661236,P18,http://commons.wikimedia.org/wiki/Special:FilePath/Shuhei%20Aoyama%20cropped%202%20Shuhei%20Aoyama%20%282014.03.23%29%203.jpg
wikidata,Q11678114,P18,http://commons.wikimedia.org/wiki/Special:FilePath/%E9%BB%92%E5%B2%A9%E5%AE%87%E6%B4%8B.jpg
wikidata,Q11679075,P18,http://commons.wikimedia.org/wiki/Special:FilePath/Saito%20ken.jpg
wikidata,Q1207174,P18,http://commons.wikimedia.org/wiki/Special:FilePath/Nukaga%20Fukushiro%201-2.jpg
wikidata,Q122465,P18,http://commons.wikimedia.org/wiki/Special:FilePath/Yoshihide%20Suga-1.jpg
wikidata,Q1315762,P18,http://commons.wikimedia.org/wiki/Special:FilePath/Takeaki%20Matsumoto%20Au10%2001.JPG
wikidata,Q132280,P18,http://commons.wikimedia.org/wiki/Special:FilePath/Maehara%20Crop.jpg
wikidata,Q132345,P18,http://commons.wikimedia.org/wiki/Special:FilePath/Shinz%C5%8D%20Abe%20Official.jpg
wikidata,Q132596,P18,http://commons.wikimedia.org/wiki/Special:FilePath/Taro%20Aso%20cropped%201%20Taro%20Aso%2020080924.jpg
wikidata,Q1335527,P18,http://commons.wikimedia.org/wiki/Special:FilePath/Gates%20meets%20Ishiba%208%20November%202007%20cropped%20for%20Ishiba.jpg
wikidata,Q1336805,P18,http://commons.wikimedia.org/wiki/Special:FilePath/Jin%20Matsubara%20201109.jpg
wikidata,Q1340817,P18,http://commons.wikimedia.org/wiki/Special:FilePath/Yasufumi%20Tanahashi.jpg
wikidata,Q1478311,P18,http://commons.wikimedia.org/wiki/Special:FilePath/Satoshi%20Arai%20201006.jpg
wikidata,Q152728,P18,http://commons.wikimedia.org/wiki/Special:FilePath/Kada%20Yukiko%201-1.jpg
wikidata,Q1620229,P18,http://commons.wikimedia.org/wiki/Special:FilePath/Hirohiko%20Izumida%20at%20Nagaoka%20Niigata%202019%2C07%202.jpg
wikidata,Q1654408,P18,http://commons.wikimedia.org/wiki/Special:FilePath/Tomomi%20Inada%2020161027.jpg
wikidata,Q1654639,P18,http://commons.wikimedia.org/wiki/Special:FilePath/Takeshi%20Iwaya%20%28cropped%29.jpg
wikidata,Q1655220,P18,http://commons.wikimedia.org/wiki/Special:FilePath/Hirofumi%20Shimomura%20cropped%202%20Hirofumi%20Shimomura%20and%20Ernest%20Moniz%2020131031.jpg
wikidata,Q1655453,P18,http://commons.wikimedia.org/wiki/Special:FilePath/Toshimitsu%20Motegi.jpg
wikidata,Q1656878,P18,http://commons.wikimedia.org/wiki/Special:FilePath/Norihisa%20TAMURA%2001.jpg
wikidata,Q1656896,P18,http://commons.wikimedia.org/wiki/Special:FilePath/Mitsuhiro%20Miyakoshi%20%28cropped%29.jpg
wikidata,Q16770033,P18,http://commons.wikimedia.org/wiki/Special:FilePath/MasuoKaneko.jpg
wikidata,Q1689655,P18,http://commons.wikimedia.org/wiki/Special:FilePath/Jir%C5%8D%20Kawasaki.jpg
wikidata,Q1704924,P18,http://commons.wikimedia.org/wiki/Special:FilePath/Takumi%20Nemoto.jpg
wikidata,Q1704969,P18,http://commons.wikimedia.org/wiki/Special:FilePath/Keiji%20Furuya%20cropped%202%20Keiji%20Furuya%20and%20Robert%20R%20King%2020130828%203.jpg
wikidata,Q1705028,P18,http://commons.wikimedia.org/wiki/Special:FilePath/Sanae%20Takaichi%20200609.jpg
wikidata,Q17160031,P18,http://commons.wikimedia.org/wiki/Special:FilePath/SuzukiTakako.png
wikidata,Q17160872,P18,http://commons.wikimedia.org/wiki/Special:FilePath/%E6%8C%A8%E6%8B%B6%202014-04-18%2010-24.jpg
wikidata,Q1737905,P18,http://commons.wikimedia.org/wiki/Special:FilePath/Keiichi%20Ishii%20201510.jpg
wikidata,Q1737907,P18,http://commons.wikimedia.org/wiki/Special:FilePath/Keiichiro%20Asao.jpg
wikidata,Q1761759,P18,http://commons.wikimedia.org/wiki/Special:FilePath/Mikio%20Shimoji.jpg
wikidata,Q18458881,P18,http://commons.wikimedia.org/wiki/Special:FilePath/%E6%BA%90%E9%A6%AC%E8%AC%99%E5%A4%AA%E9%83%8E%E3%81%95%E3%82%93%E3%81%9D%E3%81%AE%EF%BC%92.jpg
wikidata,Q18700919,P18,http://commons.wikimedia.org/wiki/Special:FilePath/Ochiaitakayuki.jpg
wikidata,Q1906668,P18,http://commons.wikimedia.org/wiki/Special:FilePath/Masaharu%20Nakagawa.jpg
wikidata,Q1949760,P18,http://commons.wikimedia.org/wiki/Special:FilePath/Interactive%20Session%20-%20Social%20Challenges%20-%20World%20Economic%20Forum%20on%20East%20Asia%202009.jpg
wikidata,Q1965622,P18,http://commons.wikimedia.org/wiki/Special:FilePath/Kentarou%20Sonoura.JPG
wikidata,Q1995125,P18,http://commons.wikimedia.org/wiki/Special:FilePath/Nobuo%20Kishi%20cropped%202%20Nobuo%20Kishi%2020140519.jpg
wikidata,Q20039047,P18,http://commons.wikimedia.org/wiki/Special:FilePath/Ookuma%20kazuhide.jpg
wikidata,Q212400,P18,http://commons.wikimedia.org/wiki/Special:FilePath/Minister%20Azumi.jpg
wikidata,Q2484652,P18,http://commons.wikimedia.org/wiki/Special:FilePath/Wataru%20Takeshita.jpg
wikidata,Q2506910,P18,http://commons.wikimedia.org/wiki/Special:FilePath/Yasuo%20Fukuda%20200709.jpg
wikidata,Q2576975,P18,http://commons.wikimedia.org/wiki/Special:FilePath/Yoshinori%20Suematsu%20cropped%201%20Yoshinori%20Suematsu%20201101.jpg
wikidata,Q263777,P18,http://commons.wikimedia.org/wiki/Special:FilePath/Akira%20Nagatsuma%20cropped%201%20%E9%95%B7%E5%A6%BB%E6%98%AD.JPG
wikidata,Q265174,P18,http://commons.wikimedia.org/wiki/Special:FilePath/Tomokatsu%20Kitagawa%20IMG%200910%2020130203.JPG
wikidata,Q276275,P18,http://commons.wikimedia.org/wiki/Special:FilePath/Yoko%20Kamikawa%20cropped%202%20Taku%20Otsuka%20Tim%20Hitchens%20and%20Yoko%20Kamikawa%2020150401.jpg
wikidata,Q3136350,P18,http://commons.wikimedia.org/wiki/Special:FilePath/Hase271007.jpg
wikidata,Q337406,P18,http://commons.wikimedia.org/wiki/Special:FilePath/Transportation%20Deputy%20Secretary%20Porcari%20at%20APEC%20Ministerial%20Meeting%20%28Akihiro%20Ota%20crop%29.jpg
wikidata,Q337507,P18,http://commons.wikimedia.org/wiki/Special:FilePath/Kazuo%20Shii.jpg
wikidata,Q337762,P18,http://commons.wikimedia.org/wiki/Special:FilePath/Moriyama%20Hiroshi%202014.JPG
wikidata,Q3435725,P18,http://commons.wikimedia.org/wiki/Special:FilePath/Ryo%20Shuhama%20Akio%20Fukuda%20and%20Takashi%20Morita%20201109.jpg
wikidata,Q3482658,P18,http://commons.wikimedia.org/wiki/Special:FilePath/Shunichi%20Suzuki%20cropped%202%20Shunichi%20Suzuki%20and%20Yukiya%20Amano%2020130701.jpg
wikidata,Q3547232,P18,http://commons.wikimedia.org/wiki/Special:FilePath/Yokomitsu%20katsuhiko.JPG
wikidata,Q359480,P18,http://commons.wikimedia.org/wiki/Special:FilePath/Fumio%20Kishida%20Minister.jpg
wikidata,Q360395,P18,http://commons.wikimedia.org/wiki/Special:FilePath/Shiozaki%20Yasuhisa%201-1.jpg
wikidata,Q382089,P18,http://commons.wikimedia.org/wiki/Special:FilePath/Nariaki%20Nakayama%2020090825.JPG
wikidata,Q382311,P18,http://commons.wikimedia.org/wiki/Special:FilePath/Takeo%20Kawamura.jpg
wikidata,Q388496,P18,http://commons.wikimedia.org/wiki/Special:FilePath/Sumio.Mabuchi2.jpg
wikidata,Q405527,P18,http://commons.wikimedia.org/wiki/Special:FilePath/Seishir%C5%8D%20Et%C5%8D.jpg
wikidata,Q405533,P18,http://commons.wikimedia.org/wiki/Special:FilePath/Kiyomi%20Tsujimoto.jpg
wikidata,Q41770579,P18,http://commons.wikimedia.org/wiki/Special:FilePath/Maki%20Ikeda%202018.png
wikidata,Q41770844,P18,http://commons.wikimedia.org/wiki/Special:FilePath/%E9%96%A2%E5%81%A5%E4%B8%80%E9%83%8E.jpg
wikidata,Q41777933,P18,http://commons.wikimedia.org/wiki/Special:FilePath/Masataka%20Ohta%20at%20Nagaoka%20Niigata%202019%2C07.jpg
wikidata,Q418675,P18,http://commons.wikimedia.org/wiki/Special:FilePath/Amari%20Akira%201-3.jpg
wikidata,Q419010,P18,http://commons.wikimedia.org/wiki/Special:FilePath/Akira%20Uchiyama%2020110420%202.jpg
wikidata,Q441718,P18,http://commons.wikimedia.org/wiki/Special:FilePath/Tadatoshi%20Akiba%2020050806.jpg
wikidata,Q455848,P18,http://commons.wikimedia.org/wiki/Special:FilePath/Yuko%20Obuchi%20croppwd%202%20Caroline%20Kennedy%20and%20Yuko%20Obuchi%2020141014%201.jpg
wikidata,Q456011,P18,http://commons.wikimedia.org/wiki/Special:FilePath/Kanako%20Otsuji%2C%20Councillors%20election%2C%202007%20by%20m-louis%20in%20Umeda.jpg
wikidata,Q459698,P18,http://commons.wikimedia.org/wiki/Special:FilePath/Seiko%20Noda%20200809.jpg
wikidata,Q459998,P18,http://commons.wikimedia.org/wiki/Special:FilePath/Ichiro%20Ozawa%20cropped%203%20Ichiro%20Ozawa%2020010718.jpg
wikidata,Q462308,P18,http://commons.wikimedia.org/wiki/Special:FilePath/Shinji%20Tarutoko%20Minshu%20IMG%205451%2020130707.JPG
wikidata,Q467453,P18,http://commons.wikimedia.org/wiki/Special:FilePath/Ichiro%20Aisawa%20and%20Adidas%20soccer%20ball%2020120414.png
wikidata,Q4700952,P18,http://commons.wikimedia.org/wiki/Special:FilePath/Akihisa%20Nagashima.jpg
wikidata,Q4701145,P18,http://commons.wikimedia.org/wiki/Special:FilePath/Akira%20Kasai%2020120731.jpg
wikidata,Q47846,P18,http://commons.wikimedia.org/wiki/Special:FilePath/Naoto%20Kan%20cropped%201%20Naoto%20Kan%2020100608.jpg
wikidata,Q49949,P18,http://commons.wikimedia.org/wiki/Special:FilePath/Masayoshi%20Yoshino.png
wikidata,Q49969,P18,http://commons.wikimedia.org/wiki/Special:FilePath/Minister%20of%20Defense%20for%20Japan%20Itsunori%20Onodera%20in%20Washington%2C%20D.C.%2C%20August%2017%2C%202017%20%2836238435810%29%20%28cropped%29.jpg
wikidata,Q49996,P18,http://commons.wikimedia.org/wiki/Special:FilePath/Kenya%20Akiba%2020160622.jpg
wikidata,Q49998,P18,http://commons.wikimedia.org/wiki/Special:FilePath/Queen%27s%20Birthsday%20Party%202016%20%2826830017170%29.jpg
wikidata,Q49999,P18,http://commons.wikimedia.org/wiki/Special:FilePath/Akinori%20Eto%20071217-N-8772M-001%200YH9U.jpg
wikidata,Q506730,P18,http://commons.wikimedia.org/wiki/Special:FilePath/%E8%87%AA%E7%94%B1%E6%B0%91%E4%B8%BB%E5%85%9A%E8%A1%86%E8%AD%B0%E9%99%A2%E8%AD%B0%E5%93%A1%E7%9F%B3%E5%8E%9F%E5%AE%8F%E9%AB%98%E8%AB%87%E4%B8%AD%E6%9D%B1%E5%92%8C%E5%B9%B3%20Hirotaka%20Ishihara%20Addressed%20on%202014%20International%20Media%20Seminar%20on%20Peace%20in%20the%20Middle%20East.jpg
wikidata,Q5100105,P18,http://commons.wikimedia.org/wiki/Special:FilePath/Chinami%20Honda%20cropped%201%20Chinami%20Honda%20200909.jpg
wikidata,Q513317,P18,http://commons.wikimedia.org/wiki/Special:FilePath/Katsuya%20Okada%20cropped%20Katsuya%20Okada%20and%20Hillary%20Rodham%20Clinton%2020090921.jpg
wikidata,Q516232,P18,http://commons.wikimedia.org/wiki/Special:FilePath/Tomoko%20Abe%2020120731.jpg
wikidata,Q529792,P18,http://commons.wikimedia.org/wiki/Special:FilePath/Yoshitaka%20Shind%C5%8D.jpg
wikidata,Q5349200,P18,http://commons.wikimedia.org/wiki/Special:FilePath/Washioeiichiroblue.jpg
wikidata,Q548239,P18,http://commons.wikimedia.org/wiki/Special:FilePath/Kazuhiro%20Haraguchi.jpg
wikidata,Q5508556,P18,http://commons.wikimedia.org/wiki/Special:FilePath/Fumiaki%20Matsumoto%20cropped%201%20Fumiaki%20Matsumoto%20201708.jpg
wikidata,Q5517695,P18,http://commons.wikimedia.org/wiki/Special:FilePath/Hashimoto%20Family.jpg
wikidata,Q5530859,P18,http://commons.wikimedia.org/wiki/Special:FilePath/Gen%20Nakatani%204%20Apr%202007%20without%20US%20flag.jpg
wikidata,Q5637084,P18,http://commons.wikimedia.org/wiki/Special:FilePath/Okonogi%20hachirou.jpg
wikidata,Q57647,P18,http://commons.wikimedia.org/wiki/Special:FilePath/Yoshihiko%20Noda%20cropped%201%20Yoshihiko%20Noda%2020110902.jpg
wikidata,Q5770251,P18,http://commons.wikimedia.org/wiki/Special:FilePath/Hirokazu%20Matsuno.jpg
wikidata,Q5770884,P18,http://commons.wikimedia.org/wiki/Special:FilePath/Hiroshi%20Kajiyama.jpg
wikidata,Q5770910,P18,http://commons.wikimedia.org/wiki/Special:FilePath/Hiroshi%20Kawauchi02.jpg
wikidata,Q5771003,P18,http://commons.wikimedia.org/wiki/Special:FilePath/Hiroshi%20Ogushi.jpg
wikidata,Q58213,P18,http://commons.wikimedia.org/wiki/Special:FilePath/Minister%20Gemba.jpg
wikidata,Q582685,P18,http://commons.wikimedia.org/wiki/Special:FilePath/Hirotaka%20Akamatsu.jpg
wikidata,Q614464,P18,http://commons.wikimedia.org/wiki/Special:FilePath/Naokazu%20Takemoto.jpg
wikidata,Q614476,P18,http://commons.wikimedia.org/wiki/Special:FilePath/Itotatsuya.jpg
wikidata,Q6311513,P18,http://commons.wikimedia.org/wiki/Special:FilePath/Jun%20Matsumoto%20%28politician%29.jpg
wikidata,Q6378065,P18,http://commons.wikimedia.org/wiki/Special:FilePath/Katsuei%20Hirasawa%20cropped%201%20Narendra%20Modi%20and%20Members%20of%20the%20Parliament%2020140627.jpg
wikidata,Q6378155,P18,http://commons.wikimedia.org/wiki/Special:FilePath/Katsunobu%20Kato%20cropped%201%20Shinzo%20Abe%20Mike%20Penning%20Katsunobu%20Kato%20and%20Keiichi%20Hayashi%2020130616.jpg
wikidata,Q6381615,P18,http://commons.wikimedia.org/wiki/Special:FilePath/Kazunori-tanaka-kawasaki-dec2014-zoomin.jpg
wikidata,Q6381645,P18,http://commons.wikimedia.org/wiki/Special:FilePath/Kazuo%20Kitagawa%20%E5%8C%97%E5%81%B4%E4%B8%80%E9%9B%84%20%28USCG%20photo%20JARVIS%20JAPAN%20DEPLOYMENT%29.jpg
wikidata,Q6381788,P18,http://commons.wikimedia.org/wiki/Special:FilePath/Kazuyoshi%20Akaba.jpg
wikidata,Q6383911,P18,http://commons.wikimedia.org/wiki/Special:FilePath/Keisuke%20Tsumura.jpg
wikidata,Q6389323,P18,http://commons.wikimedia.org/wiki/Special:FilePath/Kenji%20Eda%20Sakado%2020141203.JPG
wikidata,Q6389383,P18,http://commons.wikimedia.org/wiki/Special:FilePath/Kenji%20Wakamiya.jpg
wikidata,Q6389412,P18,http://commons.wikimedia.org/wiki/Special:FilePath/Shizuhiro%20Matsuki%2020110114%203.jpg
wikidata,Q6391984,P18,http://commons.wikimedia.org/wiki/Special:FilePath/Kenta%20Izumi%2020100124.jpg
wikidata,Q6416606,P18,http://commons.wikimedia.org/wiki/Special:FilePath/Kishiro%20Nakamura%201989.jpg
wikidata,Q6419134,P18,http://commons.wikimedia.org/wiki/Special:FilePath/Kiyoshige%20Maekawa%2020121206.jpg
wikidata,Q6426211,P18,http://commons.wikimedia.org/wiki/Special:FilePath/Koichi%20Hagiuda%20201608.jpg
wikidata,Q6426240,P18,http://commons.wikimedia.org/wiki/Special:FilePath/Koichi%20Tani%20IMG%203880-2%2020140117.JPG
wikidata,Q6426244,P18,http://commons.wikimedia.org/wiki/Special:FilePath/K%C5%8Dichi%20Yamamoto.jpg
wikidata,Q6426248,P18,http://commons.wikimedia.org/wiki/Special:FilePath/K%C5%8Dichir%C5%8D%20Ichimura.jpg
wikidata,Q6426455,P18,http://commons.wikimedia.org/wiki/Special:FilePath/Koji%20Sato%20cropped%201%20Satou%20kouji.JPG
wikidata,Q6435116,P18,http://commons.wikimedia.org/wiki/Special:FilePath/Koya%20Nishikawa.jpg
wikidata,Q6435368,P18,http://commons.wikimedia.org/wiki/Special:FilePath/Kozo%20Yamamoto%20201608.jpg
wikidata,Q653000,P18,http://commons.wikimedia.org/wiki/Special:FilePath/Shoichi%20Kondo%20-%20Annual%20Meeting%20of%20the%20New%20Champions%202011.jpg
wikidata,Q661410,P18,http://commons.wikimedia.org/wiki/Special:FilePath/Shinjiro%20Koizumi.jpg
wikidata,Q6739516,P18,http://commons.wikimedia.org/wiki/Special:FilePath/Makiko%20Kikuta.jpg
wikidata,Q6746574,P18,http://commons.wikimedia.org/wiki/Special:FilePath/%E6%97%A5%E6%9C%AC%E8%87%AA%E7%94%B1%E6%B0%91%E4%B8%BB%E5%85%9A%E8%A1%86%E8%AD%B0%E9%99%A2%E8%AD%B0%E5%93%A1%E5%9D%82%E4%BA%95%E5%AD%A6%20Japanese%20Liberal%20Democratic%20Party%20member%20of%20the%20House%20of%20Representatives%20Manabu%20Sakai.jpg
wikidata,Q6782264,P18,http://commons.wikimedia.org/wiki/Special:FilePath/Masaaki%20Taira.jpg
wikidata,Q6782350,P18,http://commons.wikimedia.org/wiki/Special:FilePath/Masahiko%20Shibayama%20%28cropped%29.jpg
wikidata,Q6782366,P18,http://commons.wikimedia.org/wiki/Special:FilePath/Masahiro%20Imamura%20201608.jpg
wikidata,Q6782738,P18,http://commons.wikimedia.org/wiki/Special:FilePath/Masatoshi%20Ishida.jpg
wikidata,Q6837950,P18,http://commons.wikimedia.org/wiki/Special:FilePath/Takagi%20michiyo2.jpg
wikidata,Q6842917,P18,http://commons.wikimedia.org/wiki/Special:FilePath/Midori%20Baba%20cropped%202%20Midori%20Baba%20and%20Li%20Yong%2020131105.jpg
wikidata,Q6864590,P18,http://commons.wikimedia.org/wiki/Special:FilePath/Mineyuki%20Fukuda%20201708.jpg
wikidata,Q704345,P18,http://commons.wikimedia.org/wiki/Special:FilePath/Tsuyoshi%20Yamaguchi%20cropped.jpg
wikidata,Q7051315,P18,http://commons.wikimedia.org/wiki/Special:FilePath/Norio%20Mitsuya%20croppwd%202%20Norio%20Mitsuya%20Caroline%20Kennedy%20and%20Keiji%20Furuya%2020140207%201.jpg
wikidata,Q729599,P18,http://commons.wikimedia.org/wiki/Special:FilePath/%EC%82%AC%EB%B3%B8%20-8632564647%20fb1ba67294%20o.jpg
wikidata,Q730991,P18,http://commons.wikimedia.org/wiki/Special:FilePath/Ichiro%20Kamoshita%20cropped%201%20Ichiro%20Kamoshita%20200709.jpg
wikidata,Q732087,P18,http://commons.wikimedia.org/wiki/Special:FilePath/Yukio%20Edano%20Sakado%2020100910.JPG
wikidata,Q7385320,P18,http://commons.wikimedia.org/wiki/Special:FilePath/%EF%BC%B3%EF%BD%85%EF%BD%89%EF%BD%8B%EF%BD%8F%EF%BD%95%20%EF%BC%A3%EF%BD%8C%EF%BD%95%EF%BD%82%20%EF%BC%B0%EF%BD%85%EF%BD%8F%EF%BD%90%EF%BD%8C%EF%BD%85.jpg
wikidata,Q7385342,P18,http://commons.wikimedia.org/wiki/Special:FilePath/140822-F-DT527-113%20%2814814719048%29.jpg
wikidata,Q7426422,P18,http://commons.wikimedia.org/wiki/Special:FilePath/Satoshi%20Umemura%20IMG%205913%2020130714.JPG
wikidata,Q7446686,P18,http://commons.wikimedia.org/wiki/Special:FilePath/Seigo%20Kitamura.jpg
wikidata,Q7446719,P18,http://commons.wikimedia.org/wiki/Special:FilePath/Seiichiro%20Murakami%20cropped%201%20Seiichiro%20Murakami%20200409.jpg
wikidata,Q7446737,P18,http://commons.wikimedia.org/wiki/Special:FilePath/Seiji.Ohsaka.jpg
wikidata,Q7496423,P18,http://commons.wikimedia.org/wiki/Special:FilePath/IMG%20Shigeyuki%20Tomita%20at%20Kashiwa.jpg
wikidata,Q7497583,P18,http://commons.wikimedia.org/wiki/Special:FilePath/Osprey%20highlight%20of%20Japanese-American%20Friendship%20Festival%20140905-M-MS007-146.jpg
wikidata,Q7497782,P18,http://commons.wikimedia.org/wiki/Special:FilePath/Shintar%C5%8D%20It%C5%8D%2020160622.jpg
wikidata,Q7504421,P18,http://commons.wikimedia.org/wiki/Special:FilePath/Sh%C5%AB%20Watanabe%2C%20June%202012.jpg
wikidata,Q7505080,P18,http://commons.wikimedia.org/wiki/Special:FilePath/Shunichi%20Yamaguchi%20%28cropped%29.jpg
wikidata,Q7674280,P18,http://commons.wikimedia.org/wiki/Special:FilePath/Voa%20herman%20nepal%20japan%20Tadahiko%20Ito%2011apr08%20eng%20175.jpg
wikidata,Q7677066,P18,http://commons.wikimedia.org/wiki/Special:FilePath/Takahiro%20Sasaki%20cropped%201%20Takahiro%20Sasaki%20201210.jpg
wikidata,Q7677156,P18,http://commons.wikimedia.org/wiki/Special:FilePath/Takamori%20Yoshikawa.jpg
wikidata,Q7677214,P18,http://commons.wikimedia.org/wiki/Special:FilePath/Takao%20Fujii.jpg
wikidata,Q7677369,P18,http://commons.wikimedia.org/wiki/Special:FilePath/Takashi%20Shinohara%202011.JPG
wikidata,Q7678536,P18,http://commons.wikimedia.org/wiki/Special:FilePath/Taku%20Otsuka%20cropped%202%20Taku%20Otsuka%20Tim%20Hitchens%20and%20Yoko%20Kamikawa%2020150401.jpg
wikidata,Q7678622,P18,http://commons.wikimedia.org/wiki/Special:FilePath/Takuya%20Hirai.jpg
wikidata,Q7705291,P18,http://commons.wikimedia.org/wiki/Special:FilePath/Teru%20Fukui%20201802.jpg
wikidata,Q7706881,P18,http://commons.wikimedia.org/wiki/Special:FilePath/Tetsumaru%20Esaki-20061120.jpg
wikidata,Q7827620,P18,http://commons.wikimedia.org/wiki/Special:FilePath/Toshiaki%20End%C5%8D.jpg
wikidata,Q784087,P18,http://commons.wikimedia.org/wiki/Special:FilePath/Yutaka%20Banno%202011-05-06-2.jpg
wikidata,Q7850039,P18,http://commons.wikimedia.org/wiki/Special:FilePath/Tsukasa%20Akimoto%20080428-F-4539S-001.jpg
wikidata,Q7850389,P18,http://commons.wikimedia.org/wiki/Special:FilePath/Tsuyoshi%20Takagi%20201309.jpg
wikidata,Q7862709,P18,http://commons.wikimedia.org/wiki/Special:FilePath/T%C5%8Dru%20Doi%2020150726%281%29.JPG
wikidata,Q8046971,P18,http://commons.wikimedia.org/wiki/Special:FilePath/Y%20tanigawa.jpg
wikidata,Q8049965,P18,http://commons.wikimedia.org/wiki/Special:FilePath/Yasuhide%20Nakayama-20061030.jpg
wikidata,Q8050121,P18,http://commons.wikimedia.org/wiki/Special:FilePath/Yasutoshi%20Nishimura%20cropped%202%20Urmas%20Paet%20and%20Yasutoshi%20Nishimura%2020140131.jpg
wikidata,Q8054534,P18,http://commons.wikimedia.org/wiki/Special:FilePath/Y%C5%8Dji%20Mut%C5%8D%2C%20Arlington%2C%20march%202016.jpg
wikidata,Q8055323,P18,http://commons.wikimedia.org/wiki/Special:FilePath/Yorihisa%20Matsuno%20200909.jpg
wikidata,Q8055970,P18,http://commons.wikimedia.org/wiki/Special:FilePath/Yoshiaki%20Harada.jpg
wikidata,Q8056070,P18,http://commons.wikimedia.org/wiki/Special:FilePath/Furukawayoshihisa.jpg
wikidata,Q8056240,P18,http://commons.wikimedia.org/wiki/Special:FilePath/Yoshio%20Maki%2020111005%202.jpg
wikidata,Q8056243,P18,http://commons.wikimedia.org/wiki/Special:FilePath/Yoshio%20Mochizuki.jpg
wikidata,Q8056290,P18,http://commons.wikimedia.org/wiki/Special:FilePath/Yoshitaka%20Sakurada-IMG%200984.jpg
wikidata,Q8060529,P18,http://commons.wikimedia.org/wiki/Special:FilePath/Yuji%20Yamamoto.jpg
wikidata,Q8062685,P18,http://commons.wikimedia.org/wiki/Special:FilePath/Takagi%20yousuke.jpg
wikidata,Q806947,P18,http://commons.wikimedia.org/wiki/Special:FilePath/Banri%20Kaieda%20Minshu%20IMG%205409%2020130706.JPG
wikidata,Q840609,P18,http://commons.wikimedia.org/wiki/Special:FilePath/%E9%88%B4%E6%9C%A8%E5%AE%97%E7%94%B7.jpg
wikidata,Q9067667,P18,http://commons.wikimedia.org/wiki/Special:FilePath/Akira%20Sato%20October%202017.jpg
wikidata,Q923428,P18,http://commons.wikimedia.org/wiki/Special:FilePath/Kenta%20Matsunami%20cropped%201%20Kenta%20Matsunami%20and%20Donato%20Greco%2020071102.jpg
wikidata,Q926287,P18,http://commons.wikimedia.org/wiki/Special:FilePath/Tetsuo%20Sait%C5%8D.jpg
wikidata,Q926370,P18,http://commons.wikimedia.org/wiki/Special:FilePath/Motoo%20Hayashi.jpg
wikidata,Q935199,P18,http://commons.wikimedia.org/wiki/Special:FilePath/Ry%C5%AB%20Shionoya.jpg
wikidata,Q978256,P18,http://commons.wikimedia.org/wiki/Special:FilePath/Sakihito%20Ozawa%20cropped%201%20Members%20of%20the%20Global%20Legislators%20Organization%20for%20a%20Balanced%20Environment%20Edward%20Davey%20and%20Tim%20Hitchens%2020130530.jpg
wikidata,Q992930,P18,http://commons.wikimedia.org/wiki/Special:FilePath/Ishihara%20Nobuteru%20-%20Wakaba%20Station%20-%2020100703.JPG
wikidata,Q1039717,P1814,またよし イエス
ours,Q11544051,P1814,はしもと ひでのり
ours,Q11629931,P1814,にしめ こうさぶろう
wikidata,Q11629931,P1814,にしめ こうざぶろう
ours,Q18817877,P1814,なかざと としのぶ
wikidata,Q18817877,P1814,なかさと としのぶ
ours,Q41768440,P1814,いしかわ かおり
ours,Q41770806,P1814,おいかわ ゆきひさ
ours,Q41770873,P1814,ほんだ　たろう
wikidata,Q41770873,P1814,ほんだ たろう
ours,Q41770875,P1814,すずき まりこ
ours,Q41805161,P1814,うえの かんじ
wikidata,Q41805161,P1814,うえの　かんじ
ours,Q42290522,P1814,たなか けん
ours,Q42290611,P1814,まつばら さとし
ours,Q6389412,P1814,まつき けんこう
wikidata,Q6389412,P1814,まつき しずひろ
ours,Q7385320,P1814,あかざわ　りょうせい
wikidata,Q7385320,P1814,あかざわ りょうせい
ours,Q11365989,P2002,nakamurahiro3
wikidata,Q11365989,P2002,nakamuradougi
ours,Q11366226,P2002,nakayasu40
wikidata,Q11366226,P2002,shinshin1962
ours,Q11379447,P2002,itonobuhisa
ours,Q11379447,P2002,nobuhisaito
ours,Q11414054,P2002,yoshitune1aichi
wikidata,Q11439619,P2002,keitaro_ohno
ours,Q11477350,P2002,seikoshimamura
ours,Q11519999,P2002,pontapiranao
ours,Q11555503,P2002,1hatanorina
wikidata,Q11555503,P2002,hatano_rina
ours,Q11593023,P2002,fukuchanjapan
ours,Q11627955,P2002,nishioka_arata
wikidata,Q11629931,P2002,NishimeKosaburo
ours,Q11637002,P2002,adachiyasushi
wikidata,Q11637002,P2002,Adachiyasushi
ours,Q11638274,P2002,tsujikiyoto
ours,Q11638274,P2002,tujikiyoto
ours,Q11646016,P2002,nodatakeshi1003
wikidata,Q11646784,P2002,KanekoMegu
wikidata,Q1654639,P2002,takeshi108
ours,Q18669603,P2002,saorijimusyo
ours,Q41693423,P2002,kazunori_kibou
wikidata,Q41693423,P2002,kazunori_0731
ours,Q41768440,P2002,IshikawaKaori11
wikidata,Q41770228,P2002,kanoakira1
ours,Q41770463,P2002,YoshidaHarumi
ours,Q41770463,P2002,tokyo8staff
ours,Q41770585,P2002,okumotonaomi
ours,Q41770711,P2002,Higumon12
ours,Q41770761,P2002,itou_makoto1974
wikidata,Q41770761,P2002,Itou_Makoto1974
ours,Q41770806,P2002,HrpNagano3
ours,Q41770806,P2002,yukiatkanagawa
ours,Q41770814,P2002,noharanoriko
wikidata,Q41770820,P2002,tutomu_go
ours,Q41770830,P2002,2b28a3370fae4f9
ours,Q41770830,P2002,itakurama
wikidata,Q41770844,P2002,sekikenichiro
wikidata,Q41770869,P2002,koteranran
ours,Q41770875,P2002,marikokoro556
wikidata,Q41770904,P2002,nagaohideki_CDP
ours,Q41770908,P2002,okushita_ishin
wikidata,Q41770909,P2002,makoara0810
ours,Q41770911,P2002,matsuirikken
ours,Q41770924,P2002,funakawajiro
ours,Q41770929,P2002,satoyasukinet
ours,Q41770936,P2002,nkikucchi
ours,Q41770983,P2002,JcpKazushi53
wikidata,Q41771038,P2002,Team_WadaKaname
wikidata,Q41771051,P2002,miyazaki6868
ours,Q41771054,P2002,yuutakagoshima3
ours,Q41777904,P2002,matsuki_shu
wikidata,Q41777962,P2002,takagirentaro
wikidata,Q41777966,P2002,wakako718
ours,Q41777971,P2002,Team_Koito2017
ours,Q41777971,P2002,koitokensuke
ours,Q41805207,P2002,TaxOmbudsman
wikidata,Q41805217,P2002,akiyamatakehisa
ours,Q41805225,P2002,YoukoSirakawa
ours,Q41805227,P2002,atsutsuge
ours,Q41805247,P2002,nishimotoatsush
wikidata,Q41805270,P2002,hanamarukun870
wikidata,Q41805272,P2002,kazano1001
wikidata,Q41805273,P2002,ikou6
ours,Q41805323,P2002,rikiriki1005
ours,Q41805323,P2002,rikitomorenntai
ours,Q41805326,P2002,ImadomeNao
ours,Q418675,P2002,Akira_Amari
ours,Q42290522,P2002,tanaka_otaku
ours,Q4803390,P2002,EzZdXPQWoYFkDVH
ours,Q4803390,P2002,MiharaAsahiko
wikidata,Q4803390,P2002,miharaasahiko
wikidata,Q6142027,P2002,NSuzuki1092
ours,Q6383690,P2002,keiko_nagaoka
ours,Q6426211,P2002,hagiuda_ko1
ours,Q6433881,P2002,kotaro_nagasaki
wikidata,Q6433881,P2002,Kotaro2010
ours,Q6782391,P2002,moriyamamasahit
wikidata,Q7426422,P2002,umemura1satoshi
wikidata,Q7677366,P2002,otsuka001
ours,Q1131407,P2013,horiimanabu.jp
ours,Q11360320,P2013,ueno.hiroshi.page
ours,Q11363118,P2013,nakaharayaichi
ours,Q11364144,P2013,norihiro.nn
ours,Q11364418,P2013,中島克仁-事務所-469293053090825
ours,Q11368828,P2013,nogizo
ours,Q11373350,P2013,yousei.ide
ours,Q11373350,P2013,yousei.ide.jimoto.Shinshu.NAGANO
ours,Q11373460,P2013,isakanobuhiko
ours,Q11373555,P2013,idomasae
ours,Q11373633,P2013,tatsunori.ibayashi
ours,Q11377131,P2013,imaedajin.hiroshima3ku
ours,Q11377131,P2013,jin.imaeda
ours,Q11377294,P2013,imazuhiroshi164
ours,Q11378895,P2013,isashinichi.1341
ours,Q11391317,P2013,aichi11.yagi
ours,Q11395120,P2013,togashihiroyuki
ours,Q11399159,P2013,katokanji0424
ours,Q11399825,P2013,shigeyoshi.sukeda
ours,Q11400147,P2013,100002449220587
wikidata,Q11400147,P2013,Katsumata-Takaaki-100002449220587
ours,Q11400372,P2013,勝沼かつぬま-栄明しげあき-1715011188806251
ours,Q11413102,P2013,吉川たける-2197333243886935
ours,Q11413941,P2013,yosamu.chan
ours,Q11414054,P2013,衆議院議員-吉田つねひこ事務所-954206421287709
ours,Q11423241,P2013,tuchiyashinako
ours,Q11423241,P2013,土屋品子つちや品子事務所-329738140769748
ours,Q11425985,P2013,kiuchi0419
wikidata,Q11428744,P2013,shiomuraAyaka
ours,Q11433281,P2013,100005027254255
ours,Q11438916,P2013,0024hideo
ours,Q11446165,P2013,s.okuno2
wikidata,Q11446165,P2013,1438111769749344
ours,Q11449090,P2013,宇佐美登を応援する会-366501883478372
ours,Q11450236,P2013,misako.yasui.office
ours,Q11451405,P2013,office.ando.hiroshi
ours,Q11454107,P2013,furusatodaisuki
ours,Q11454333,P2013,miyazaki.masahisa
ours,Q11455005,P2013,miyazawa.office
ours,Q11457846,P2013,寺島義幸てらしま-よしゆき-737362676348477
ours,Q11458942,P2013,ogura.masanobu
ours,Q11459848,P2013,100003478043909
ours,Q11459848,P2013,nobuhiro.koyama.1226
ours,Q11460163,P2013,kojimatoshifumi.fp
ours,Q11461866,P2013,jimin.kobayashi
ours,Q11461955,P2013,hawk.kobayashi
wikidata,Q11461955,P2013,taka.kobayashi.35
ours,Q11462582,P2013,koizumiryuuji
ours,Q11462993,P2013,100009075113466
ours,Q11465449,P2013,100012683791358
ours,Q11466235,P2013,tsuyoshi.yamanouchi
ours,Q11466235,P2013,tsuyoshi.yamanouchi1981
wikidata,Q11466235,P2013,yamanouchi.tsuyoshi1981
ours,Q11466402,P2013,yamauchi.office
ours,Q11467842,P2013,tatsumaru.yamaoka
ours,Q11467842,P2013,tatumaru1979
ours,Q11468214,P2013,yamazakimakoto5050
ours,Q11468895,P2013,gosayyamamoto
ours,Q11470885,P2013,IkuoYamahana
ours,Q11475456,P2013,KazuchikaIwataOfficial
ours,Q11475894,P2013,shuheikishimoto
ours,Q11477350,P2013,しまむら聖子-1733321246969453
ours,Q11479573,P2013,kudoshozo
ours,Q11488572,P2013,gotojitsugen
wikidata,Q11488572,P2013,face.goto
ours,Q11496954,P2013,t440com
ours,Q11513088,P2013,hoshinotv
ours,Q11515287,P2013,soga.itsuro.ouendan
ours,Q11518048,P2013,KinoshitaIshin
ours,Q11518048,P2013,木下智彦事務所-729959490489809
ours,Q11518220,P2013,kiharaminoru.official
wikidata,Q11518220,P2013,Kihara.Minoru
ours,Q11518222,P2013,seiji.kihara
ours,Q11519999,P2013,hiranao.honda
ours,Q11520430,P2013,motomura.kentarou
ours,Q11522062,P2013,s755507
wikidata,Q11522062,P2013,kazumi.sugimoto.90
ours,Q11533657,P2013,柏倉ゆうじ後援会-750321011707419
ours,Q11536382,P2013,yukinori.nemoto
wikidata,Q11537927,P2013,sakurauchifumiki
ours,Q11539787,P2013,100006946184509
ours,Q11543692,P2013,taruipage
ours,Q11544282,P2013,tachibana.keiichirou
ours,Q11546586,P2013,TakebeArata.12
ours,Q11547421,P2013,natsumi.smile
ours,Q11549401,P2013,tomohiko2911
ours,Q11553342,P2013,katsuyuki.kawai.5
ours,Q11553342,P2013,kawaikatsuyuki
ours,Q11554229,P2013,MasamiKawano.MD.PhD
ours,Q1155448,P2013,hhirano.jp
ours,Q1155448,P2013,hirano.hirofumi.osaka
ours,Q11556075,P2013,津島淳事務所-1532696190310099
ours,Q11558377,P2013,urano.yasuto
ours,Q11561908,P2013,naomi.tokashiki.03
ours,Q11568677,P2013,kumadahiromichi
ours,Q11570409,P2013,makishimakaren
ours,Q11572647,P2013,tamakinet55
ours,Q11574554,P2013,生方幸夫-549802768388481
ours,Q11577021,P2013,kenji.tamura.90
ours,Q11580448,P2013,100006715721289
wikidata,Q11580448,P2013,白須賀貴樹-100006715721289
ours,Q11583883,P2013,100013662278466
ours,Q11585604,P2013,ishizaki.tohru
wikidata,Q11585604,P2013,tohru.ishizaki
ours,Q11585840,P2013,akimasa.ishikawa918
ours,Q11586782,P2013,100022290226599
ours,Q11589542,P2013,kamiyamayosuke
wikidata,Q11589542,P2013,yosuke.kamiyama.73
ours,Q11590601,P2013,100006303456908
ours,Q11590601,P2013,KandaKenji21
ours,Q11593023,P2013,fukuchanjapan
wikidata,Q11593023,P2013,nobuyuki.fukushima.58
ours,Q11596567,P2013,inatomishuji
ours,Q1161024,P2013,taro.kono.79
ours,Q11616618,P2013,wakasamasaru
ours,Q11619261,P2013,ichiro.kanke
ours,Q11620603,P2013,kaita1964
ours,Q11620603,P2013,yjochi
wikidata,Q11620603,P2013,yjochipage
ours,Q11622647,P2013,fujimaru.satoshi
ours,Q11623218,P2013,takashi.fujiwara.iwate
ours,Q11629761,P2013,nishinokoichi.osaka
ours,Q11637774,P2013,koshimizu.keiichi
ours,Q11638274,P2013,kiyoto.tsuji.5
ours,Q11638747,P2013,kazuyakeitaiminshu
ours,Q11638747,P2013,kondokazuya3
wikidata,Q11642258,P2013,endoutakashi
ours,Q11644760,P2013,shigetokukazuhiko
ours,Q11645002,P2013,100007668150912
ours,Q11646016,P2013,nodatakeshi.page
ours,Q11646177,P2013,noma.takeshi
ours,Q11646177,P2013,takeshi.noma.14
ours,Q11647681,P2013,100022306506211
ours,Q11648868,P2013,norikazu.suzuki.10
ours,Q11649189,P2013,suzukibou
ours,Q11651845,P2013,takashinagao.j
ours,Q11654965,P2013,kado.warau
ours,Q11657813,P2013,Abejuichi1
wikidata,Q11657813,P2013,Abejuichi
ours,Q11667848,P2013,baba.jimusyo
ours,Q11668691,P2013,takashi.takai.okayama
ours,Q11670038,P2013,takagi.hirohisa
wikidata,Q11670038,P2013,takagi.hirohisa3
ours,Q11671542,P2013,takahashimiho.jp
ours,Q11673487,P2013,office.onikidon
ours,Q11677736,P2013,kikawada
ours,Q11677736,P2013,kikawada.hitoshi
ours,Q1315762,P2013,松本-たけあき-211674492334258
ours,Q132280,P2013,seiji.maehara21
ours,Q132596,P2013,麻生-太郎-223549501015740
ours,Q1336805,P2013,matsubara.jin0731
ours,Q15220933,P2013,shintani.officialpage
ours,Q152728,P2013,kadayukikotosusumukai
ours,Q1620229,P2013,泉田-裕彦-1510624319207568
wikidata,Q1620229,P2013,1510624319207568
ours,Q1655220,P2013,hakubun.biz
ours,Q1655755,P2013,nakagawa.office
ours,Q1656896,P2013,100014826343736
ours,Q1656896,P2013,miyakoshi.mitsuhiro
ours,Q1704924,P2013,Nemoto.Official
ours,Q1704924,P2013,t.nemoto.ko
ours,Q1705028,P2013,100005766810070
ours,Q17158474,P2013,tomohiro.konno.saitama11
ours,Q17158871,P2013,start.sasaki.hajime
ours,Q17159494,P2013,shimadayoshikazu
wikidata,Q17160031,P2013,takakosuzukidaichi
ours,Q17219387,P2013,鳩山-二郎-611761022337730
ours,Q1737907,P2013,asao.keiichiro
ours,Q1739044,P2013,wakabayashikenta
wikidata,Q1739044,P2013,kenta.wakabayashi.5
ours,Q1761759,P2013,shimojimikio0814
ours,Q18458881,P2013,gemma.kentaro
ours,Q18458881,P2013,kentaro.gemma
ours,Q18669603,P2013,saorioshitai
ours,Q18700742,P2013,umemurasaeko
ours,Q18700919,P2013,ochiaitakayuki.6
ours,Q18700919,P2013,ochiaitakayuki.setagaya
ours,Q18701018,P2013,ak2555
ours,Q18817798,P2013,tamuratakaaki
ours,Q18817877,P2013,nakasatookinawa
ours,Q18818124,P2013,majimasyouzou.jcp
wikidata,Q18818124,P2013,syouzoumajima
ours,Q18818128,P2013,sekio.masuta
ours,Q18818200,P2013,miyamototooru.jcp
ours,Q18818221,P2013,sogasogabega
ours,Q1906668,P2013,nakagawa.masaharu
ours,Q20039047,P2013,okuma10
ours,Q20039110,P2013,onishihiroyuki0715
wikidata,Q20039110,P2013,192410924150376
wikidata,Q20039502,P2013,noborukamitani412
ours,Q20039675,P2013,kimuyayo
ours,Q20040516,P2013,shinohara.go
ours,Q20040828,P2013,HYT4ALL
ours,Q20040828,P2013,suzukihayato.jp
ours,Q20041482,P2013,hideo.tsunoda.33
ours,Q21655809,P2013,yuichi.mayama.9
ours,Q21655809,P2013,真山祐一-424176007747296
wikidata,Q21655809,P2013,衆議院議員-真山祐一-424176007747296
ours,Q21655823,P2013,takuma.miyaji.1
wikidata,Q21655857,P2013,yoshida.toyofumi.office
ours,Q23907516,P2013,yoshiaki.wada
ours,Q24875305,P2013,100013473602579
wikidata,Q24875305,P2013,与国秀行-100013473602579
ours,Q2506910,P2013,tatsuo.fukuda.page
ours,Q2576940,P2013,55furukawa.yasushi
ours,Q276275,P2013,衆議院議員-かみかわ陽子-1679504842290545
ours,Q30144920,P2013,ohirayoshinobu
ours,Q3136350,P2013,hasehiroshi.kousiki
ours,Q3435725,P2013,100005826035922
ours,Q3435725,P2013,akio417fukuda
ours,Q3482658,P2013,100016937237040
wikidata,Q3482658,P2013,鈴木俊一-100016937237040
ours,Q359480,P2013,kishdafumio
ours,Q369170,P2013,uematsuemiko
ours,Q382089,P2013,nakayamanariaki.official
wikidata,Q382089,P2013,nariaki.nakayama
ours,Q382311,P2013,takeo.kawmaura
ours,Q382311,P2013,tspark.net
ours,Q388496,P2013,mabuchisumio
ours,Q388496,P2013,sumio.mabuchi
ours,Q41693822,P2013,nambamichyo
ours,Q41698739,P2013,harateruo
ours,Q41768409,P2013,koichiyoshida.jcp
ours,Q41768440,P2013,ishikawa.kaori.12
ours,Q41768440,P2013,kaori.ishikawa.tokachi
ours,Q41769890,P2013,kishiyoshinobu
ours,Q41769947,P2013,maeda.junichiro.5
ours,Q41769947,P2013,maejun.jp
ours,Q41769950,P2013,kitajo.tomohiko
ours,Q41769950,P2013,tomohiko.kitajo
ours,Q41769952,P2013,seii.miho
ours,Q41770043,P2013,Haraguchi.Miki.HRP
ours,Q41770226,P2013,Tokyo22abemakoto
ours,Q41770228,P2013,kano.akira0
ours,Q41770230,P2013,伊藤しゅんすけ-1550769188469311
ours,Q41770231,P2013,八法亭-みややっこ-729898467032255
ours,Q41770236,P2013,山下ようこ-254632094661734
ours,Q41770239,P2013,matsuoakihiro75
ours,Q41770457,P2013,nakaoka.maki.97
ours,Q41770459,P2013,JCP.TANet
ours,Q41770460,P2013,osanai235
ours,Q41770463,P2013,yoshidaharumi2016
ours,Q41770567,P2013,mizukami.mika12
ours,Q41770571,P2013,kanakuramasatosioffice
ours,Q41770577,P2013,moriyama.hokkaido
ours,Q41770579,P2013,ikedamaki.rikken
ours,Q41770579,P2013,ikemakimakimaki
ours,Q41770579,P2013,ikemakitsukuru
ours,Q41770582,P2013,honmakatsumi
ours,Q41770587,P2013,kudotakeshi2017
ours,Q41770594,P2013,Jiro.Kimura.Supporters.Association
ours,Q41770605,P2013,5555yoshida
ours,Q41770606,P2013,ichijyouyoshihiro
ours,Q41770609,P2013,坂東-たけひこ-257030298076666
wikidata,Q41770609,P2013,bando.takehiko
ours,Q41770615,P2013,shoishikawa1973
ours,Q41770616,P2013,araikan.yamagata
ours,Q41770620,P2013,shirotori.ryota
ours,Q41770630,P2013,kumagaitomo3
ours,Q41770634,P2013,kawabekenichiofficial
ours,Q41770646,P2013,aoyamayamatooffice
ours,Q41770651,P2013,watanabe.noriyoshi.tochigi
ours,Q41770657,P2013,takaofujiokatakao
ours,Q41770664,P2013,hasegawakaichi
ours,Q41770675,P2013,IKEDAMASAYO2017
ours,Q41770678,P2013,hatanohiroshisaitama14
ours,Q41770682,P2013,埼玉県議会議員-菅克己-198247187027062
ours,Q41770688,P2013,majime.yoshida
ours,Q41770688,P2013,yoshinori.yoshida.946
ours,Q41770706,P2013,shin.miyakawa.8
ours,Q41770708,P2013,oono.takasi.jcp
ours,Q41770711,P2013,hiroyasu.higuchi.37
ours,Q41770719,P2013,hoshi.kentaro.1979
ours,Q41770722,P2013,石塚さだみち-645048228992505
ours,Q41770725,P2013,happyichikawa
ours,Q41770730,P2013,futori.hideshi
ours,Q41770741,P2013,takahashinoe
ours,Q41770746,P2013,waseda.yuki
ours,Q41770747,P2013,seigo.yokoyama.1
ours,Q41770748,P2013,6kuayumi
ours,Q41770751,P2013,wakabayashi8
ours,Q41770753,P2013,NakataniKazuma
ours,Q41770754,P2013,rikakatoh
ours,Q41770755,P2013,nodokajcp
ours,Q41770766,P2013,kasahara.reika
ours,Q41770774,P2013,55hiroshi
ours,Q41770781,P2013,shibatamiki.official
ours,Q41770784,P2013,nishida.syoji
ours,Q41770785,P2013,100005810323550
wikidata,Q41770785,P2013,金元幸枝-100005810323550
ours,Q41770795,P2013,小林ひろゆき事務所立憲民主党衆院山梨2区総支部-1730017470570102
ours,Q41770815,P2013,chikachikagogo
ours,Q41770816,P2013,100013310050022
ours,Q41770816,P2013,fukumuratakashi
wikidata,Q41770820,P2013,matsuoshidahaigo
ours,Q41770839,P2013,katsunori.tanaka.1010
ours,Q41770863,P2013,100005211330715
wikidata,Q41770863,P2013,Masashi-Arakawa-100005211330715
ours,Q41770867,P2013,jcp.nishizawa.k
ours,Q41770873,P2013,tarohonda1973
ours,Q41770875,P2013,marikokoro556
ours,Q41770877,P2013,kamijyo.ryoichi
ours,Q41770882,P2013,fumitakefujita1980
ours,Q41770883,P2013,mashiroryo
ours,Q41770884,P2013,nagaokayoshikazu
ours,Q41770885,P2013,kanhideki13
ours,Q41770889,P2013,jcp.fujimotosachiko
ours,Q41770893,P2013,kitamura.miki19
ours,Q41770896,P2013,murakami.noriatsu
ours,Q41770898,P2013,yui.watanabe.jcp.osk
ours,Q41770901,P2013,kitayamasupport
ours,Q41770904,P2013,ながお秀樹-669747393123270
ours,Q41770906,P2013,jcpsuitasettsukuntan
ours,Q41770908,P2013,100011411199266
ours,Q41770911,P2013,matsuihirofumifc
ours,Q41770920,P2013,池畑浩太朗-786153221516243
ours,Q41770924,P2013,funakawajiro.office
ours,Q41770929,P2013,satoyasuki1
ours,Q41770936,P2013,kikuchi.ouen
ours,Q41770938,P2013,inoueyoshiko122
ours,Q41770941,P2013,nara2shimotori
ours,Q41770953,P2013,fukuhara.senkyo
wikidata,Q41770953,P2013,fukuhara.sentaijimusho
ours,Q41770961,P2013,100005889727144
wikidata,Q41770961,P2013,Hiroko-Ozaki-100005889727144
ours,Q41770978,P2013,satohironoridp
ours,Q41770983,P2013,KazushiMatsuda53
ours,Q41770988,P2013,100005512444252
wikidata,Q41770988,P2013,山本千代子-100005512444252
ours,Q41770996,P2013,tominagakiyo
ours,Q41771007,P2013,murakamitomonobu
ours,Q41771018,P2013,araifumiko6ku
ours,Q41771018,P2013,arasuppo
ours,Q41771024,P2013,sagakoufukunakashima
ours,Q41771033,P2013,すえつぐ精一-1116192441827009
ours,Q41771042,P2013,kotemegu
ours,Q41771055,P2013,100011637288454
ours,Q41771060,P2013,tomikawayasumasa
wikidata,Q41777897,P2013,100022412060203
ours,Q41777900,P2013,takahashihideaki0906
ours,Q41777910,P2013,100004194875932
wikidata,Q41777910,P2013,喜多義典-100004194875932
ours,Q41777915,P2013,100009703545326
ours,Q41777915,P2013,yakoukanji.jp
ours,Q41777938,P2013,100011972597599
ours,Q41777960,P2013,horikoshi.keinin
wikidata,Q41777962,P2013,rentarou.katayama
ours,Q41794089,P2013,gifu.yoshidarie
ours,Q41794096,P2013,kanekosyunpei.gifu
ours,Q41794100,P2013,chisaka.takuaki
ours,Q41805147,P2013,nanami.hiroko
ours,Q41805159,P2013,akemi.mitsubachi
ours,Q41805160,P2013,miwaasami.jp
ours,Q41805162,P2013,100014891475652
ours,Q41805179,P2013,100005775612868
ours,Q41805182,P2013,hirotakeyasuoka
ours,Q41805187,P2013,Tokita.Atsushi.Kibou
ours,Q41805188,P2013,takagihidefumi
wikidata,Q41805192,P2013,fumihiko.otsuki
ours,Q41805201,P2013,kiboumatsumoto
ours,Q41805204,P2013,jitsugen.takako
ours,Q41805208,P2013,幸福幸福実現党小島一郎-幹事長代理-129543174365259
ours,Q41805217,P2013,akiyamatakehisa
ours,Q41805225,P2013,100001986880844
ours,Q41805225,P2013,SirakawaYouko
ours,Q41805226,P2013,tsuneki.ohnishi
ours,Q41805230,P2013,hidetoshi.jisedai
ours,Q41805240,P2013,matsuzawakaoru.kibou
ours,Q41805246,P2013,kibo.kawano.an
ours,Q41805248,P2013,hattoritaisuke01
ours,Q41805257,P2013,100022211867493
ours,Q41805257,P2013,higmai
ours,Q41805271,P2013,shimadakoujimie
ours,Q41805273,P2013,野口たけみつ事務所-134771257153730
ours,Q41805274,P2013,saitokayo2017
ours,Q41805275,P2013,nishidachikara
ours,Q41805287,P2013,shakuryoko
ours,Q41805289,P2013,itoyuta55
ours,Q41805291,P2013,藤田ときお-1486162598127979
ours,Q41805314,P2013,100017183265706
wikidata,Q41805314,P2013,長村康博-100017183265706
ours,Q41805321,P2013,100005696672369
wikidata,Q41805321,P2013,竹内今日生-100005696672369
ours,Q41805323,P2013,100006856698727
wikidata,Q41805323,P2013,力重智之-100006856698727
ours,Q41805327,P2013,takamatsusatoshi.nerima
ours,Q41805330,P2013,Enatsu.Masatoshi.HR
ours,Q459698,P2013,noda.seiko
ours,Q462308,P2013,100005602542258
ours,Q462308,P2013,tarutokoshinji
ours,Q467453,P2013,100003703518164
ours,Q47846,P2013,naoto.kan.offical
ours,Q4803390,P2013,asahiko2017
ours,Q49949,P2013,yoshinoouen
ours,Q49988,P2013,minorikawa.nobu
ours,Q49996,P2013,akibakenya
ours,Q49996,P2013,kenya.akiba
ours,Q49998,P2013,morry.hachinohe
ours,Q506730,P2013,hirotaka.ishihara.18
ours,Q5100105,P2013,official.nishimura.chinami
ours,Q516232,P2013,abetomoko.jp
wikidata,Q5209113,P2013,dai5.matsuura
ours,Q5209617,P2013,yamagiwadaishiro.office
ours,Q5209856,P2013,office.daizoo
ours,Q5349200,P2013,eiichiro.washio
ours,Q5517695,P2013,橋本岳事務所-183786875158965
ours,Q5530859,P2013,nakatani.gen
ours,Q5637084,P2013,hachirou.okonogi
ours,Q5637084,P2013,okonogihachirou
wikidata,Q5637084,P2013,hachirouokonogi
ours,Q5639959,P2013,Funada.Hajime
ours,Q5680924,P2013,MatsumotoYohei.77
ours,Q5752395,P2013,hideki.makihara
ours,Q5752415,P2013,niwahideki
ours,Q5770152,P2013,103hirofumiryu
ours,Q5770251,P2013,matsuno.hirokazu
ours,Q5770251,P2013,松野博一-326565974070639
wikidata,Q5770251,P2013,matsunohirokazu
ours,Q5770815,P2013,平口ひろし-754792087935566
ours,Q5770910,P2013,hiroshi.kawauchi.393
ours,Q5770910,P2013,川内博史-248245398550506
ours,Q582685,P2013,rikken.akamatsu
ours,Q6088170,P2013,tajimaisseioffice
ours,Q6140382,P2013,rintaro.ogata.official
wikidata,Q6142027,P2013,nozomu.suzuki.10
ours,Q614464,P2013,TakemotoNaokazu
ours,Q614464,P2013,naokazu.takemoto.7
ours,Q6203082,P2013,100006029649875
ours,Q6203082,P2013,jiroakama.jimin
ours,Q6314413,P2013,100002343830458
ours,Q6314413,P2013,junbo.org
wikidata,Q6314413,P2013,小川淳也-100002343830458
ours,Q6378065,P2013,100008283721064
ours,Q6378065,P2013,hirasawakatuei
ours,Q6381615,P2013,kazunori.tanaka.14
ours,Q6381788,P2013,akabakazuyoshi
ours,Q6381814,P2013,自由民主党-中根かずゆき-232585887274980
ours,Q6383605,P2013,100022038063539
ours,Q6383605,P2013,masuya.keigo.komei
ours,Q6383690,P2013,ながおか桂子-後援会-361582137587658
ours,Q6383814,P2013,keirokitagami
ours,Q6383814,P2013,kitagamikeiro
ours,Q6383911,P2013,tsumura1027
ours,Q6383911,P2013,tsumurakeisuke
ours,Q6389276,P2013,uenokenichiro
ours,Q6389323,P2013,江田憲司-kenji-Eda-367279410055663
ours,Q6389412,P2013,æ¾æ¨ãããã-870688479616480
ours,Q6391984,P2013,office.ikenta
ours,Q6418998,P2013,toyamakiyohiko
ours,Q6426211,P2013,はぎうだ光一前衆議院議員-1636219949775177
ours,Q6426239,P2013,takemasakoichi
ours,Q6426239,P2013,takemasatoday
ours,Q6433881,P2013,nagasakikotaro.jp
ours,Q6435116,P2013,西川公也-114526819227349
ours,Q653000,P2013,kondo.shoichi.giin
ours,Q6746574,P2013,manabu.sakai.165
ours,Q6782350,P2013,masahiko.shibayama
ours,Q6782350,P2013,shibayama.masahiko
wikidata,Q6782350,P2013,549728848437286
ours,Q6782480,P2013,ookawaramasako
ours,Q6782686,P2013,土屋正忠-応援アカウント-277388769434795
ours,Q6782738,P2013,衆議院議員-石田真敏-593339197343271
ours,Q6782819,P2013,g.masazumi
ours,Q6837950,P2013,michiyo.takagi.komei
ours,Q6842917,P2013,LDPmatsumido
ours,Q6883317,P2013,okamotomitsunori
ours,Q704345,P2013,244yamaguchi
ours,Q7051265,P2013,noriko.furuya.jp
ours,Q7051315,P2013,mitsuya.norio328
ours,Q7051324,P2013,norio.takeuchi.kochi
ours,Q7051352,P2013,noritoshi.ishida.komei
ours,Q730991,P2013,かもした一郎-362335094179877
ours,Q732087,P2013,edanoyukio
ours,Q7385320,P2013,akazawa.ryosei
ours,Q7385322,P2013,ryoseioffice
ours,Q7426418,P2013,takayama.sato
ours,Q7426418,P2013,takayama.web
ours,Q7426422,P2013,umemurasatoshi.ishin
wikidata,Q7426422,P2013,umemura.jimusyo
ours,Q7446737,P2013,ohsakaseiji
ours,Q7446761,P2013,akamineseiken
ours,Q7446761,P2013,seikenn.akamine
ours,Q7497524,P2013,furumoto.shinichiro
ours,Q7497782,P2013,itoshintaro.official
ours,Q7504421,P2013,watanabeshu1022
ours,Q7504802,P2013,anamiyoichi
ours,Q7504802,P2013,kirashuji
ours,Q7505080,P2013,tokushima.yamaguchi
ours,Q7505129,P2013,mutai.shunsuke
ours,Q7674280,P2013,tadahikoitoh1101
ours,Q7676160,P2013,yamaguchitaimei
ours,Q7677226,P2013,takao.ochi
ours,Q7677354,P2013,nagayasut
ours,Q7678536,P2013,otsukataku
ours,Q7678536,P2013,otsukataku.jimin
ours,Q7678622,P2013,hiratakuchan
ours,Q7706925,P2013,tetusiman
ours,Q7706956,P2013,shiokawa.jcp
ours,Q7820173,P2013,ukishimatomoko
ours,Q7827692,P2013,あべ俊子事務所-1105794292888535
ours,Q784087,P2013,banno2000
ours,Q7850337,P2013,100003691916400
ours,Q7850337,P2013,tomioka2tom
ours,Q7850389,P2013,高木つよし支援のｗａ-732835663451367
ours,Q7862709,P2013,doitooru
ours,Q8049965,P2013,iloveyatchan
ours,Q8049988,P2013,100017315655268
ours,Q8050022,P2013,komiyama.yasko
ours,Q8050128,P2013,edayasuyuki.official
ours,Q8054534,P2013,mutou.youji
ours,Q8055323,P2013,yorihisa.win
ours,Q8055326,P2013,madokayoriko
ours,Q8055970,P2013,Harada4192
ours,Q8056240,P2013,maki.office
ours,Q8056243,P2013,衆議院議員-望月義夫事務所-320691041291324
ours,Q8056299,P2013,yositamikameoka
ours,Q8060529,P2013,ug.y.0505
ours,Q8060529,P2013,yamamotoyujioffice
ours,Q8060529,P2013,山本有二事務所-506878279395923
ours,Q8060577,P2013,satoyukari.jp
ours,Q840609,P2013,鈴木宗男-322416504543497
ours,Q9067667,P2013,akira310office
ours,Q923428,P2013,matsunami.kenta
ours,Q926370,P2013,motoo.hayashi2213
ours,Q978256,P2013,sakihito.ozawa
ours,Q978256,P2013,小沢さきひと前衆議院議員-438694512855411
ours,Q992930,P2013,ishihara.nobuteru
ours,Q41768440,P21,http://www.wikidata.org/entity/Q6581072
ours,Q41770806,P21,http://www.wikidata.org/entity/Q6581097
ours,Q41770875,P21,http://www.wikidata.org/entity/Q6581072
wikidata,Q11596723,P2397,UCMj6Ry4O5UXUWKMGiNxJg2A
wikidata,Q24875305,P2397,UCf5EyC-MgfmBxTmtFbLGdjw
wikidata,Q41693423,P2397,UCNaBjanFg-TfYJpFTUdygkw
wikidata,Q41770647,P2397,UCTivk5i0rtvi3UUf7k2qVQw
wikidata,Q41770734,P2397,UCC0P6_l4g1WYrE75oT5JiiA
wikidata,Q41770820,P2397,UCmujh_OL7klAmGhsr7mIGeQ
wikidata,Q418206,P2397,UCKsvywZF47i_2sVZTUgNaRw
wikidata,Q6383909,P2397,UC8rxW5RfgCVdkQ4cH1BXNGw
wikidata,Q7973013,P2397,UCUq_ku31Wv2BM7E2l9WOh2Q
wikidata,Q8056290,P2397,UCirRDiDnAHxpeD71uVkX5uA
ours,Q41768440,P569,1984-05-10T00:00:00+00:00
ours,Q41770806,P569,1960-06-18T00:00:00+00:00
ours,Q41770875,P569,1984-10-04T00:00:00+00:00
ours,Q11411691,P856,http://kogaatsushi.com
wikidata,Q11411691,P856,http://www.kogaatsushi.com
wikidata,Q11412937,P856,http://yoshikawahajime.blog.fc2.com/
ours,Q11446165,P856,https://www.s-okuno.jp
wikidata,Q11446165,P856,https://s-okuno.jp
ours,Q11458942,P856,http://ogura-m.jp/
wikidata,Q11458942,P856,http://ogura-m.jp
ours,Q11461246,P856,http://www.komatsuyutaka.com
wikidata,Q11461246,P856,http://www.komatsuyutaka.com/
ours,Q11461458,P856,http://fumiaki-kobayashi.jp/
wikidata,Q11461458,P856,https://fumiaki-kobayashi.jp/
wikidata,Q11465449,P856,https://asako-omi.jp
wikidata,Q11467842,P856,http://tatumaru1979.blog.jp/
ours,Q11470238,P856,http://a-yamada.com
wikidata,Q11470238,P856,http://a-yamada.com/
ours,Q11500159,P856,http://saikitakeshi.jp/
wikidata,Q11500159,P856,http://www.saiki-takeshi.com/
ours,Q11518222,P856,http://www.kiharaseiji.com/
wikidata,Q11518222,P856,http://www.kiharaseiji.com
wikidata,Q11549401,P856,http://profile.ameba.jp/mizuno-tomo/
ours,Q1155448,P856,http://www.hhirano.jp/
wikidata,Q1155448,P856,http://www.hhirano.jp
ours,Q11572466,P856,http://d21tamaki.com
wikidata,Q11572466,P856,http://www.d21tamaki.com/
ours,Q11585840,P856,https://ameblo.jp/ishikawa-akimasa/
wikidata,Q11592023,P856,http://fukuyama-mamoru.com/index.html
ours,Q11602573,P856,http://www.sasagawa-hiroyoshi.com/
wikidata,Q11602573,P856,http://www.sasagawa-hiroyoshi.com/index.php
ours,Q11603860,P856,http://www.yanakazuo.jp/
wikidata,Q11603860,P856,http://www.yanakazuo.jp/index.html
ours,Q11624750,P856,http://fujitadaisuke.com/
wikidata,Q11624750,P856,http://www.f-daisuke.jp/
ours,Q11629931,P856,http://nishime-k.com
wikidata,Q11629931,P856,http://nishime-k.com/
ours,Q11633044,P856,http://www.hajime-yatagawa.com/
wikidata,Q11633044,P856,https://www.hajime-yatagawa.com/
wikidata,Q11642258,P856,http://blog.livedoor.jp/akitadog/
ours,Q11651021,P856,http://kamatasayuri.com
ours,Q11654965,P856,http://www.warau-kado.jp
wikidata,Q11654965,P856,http://warau-kado.jp/
ours,Q11657178,P856,https://ameblo.jp/piteq12345/
ours,Q11670038,P856,http://www.hirohisa-takagi.jp/
wikidata,Q11670038,P856,http://www.hirohisa-takagi.jp/index.html
ours,Q11679075,P856,https://www.saito-ken.jp/
wikidata,Q11679075,P856,http://www.saito-ken.jp/
ours,Q122465,P856,http://www.sugayoshihide.gr.jp/
wikidata,Q122465,P856,http://www.sugayoshihide.gr.jp
ours,Q132280,P856,http://www.maehara21.com/
wikidata,Q132280,P856,http://www.maehara21.com/index.php
ours,Q1654639,P856,http://www.t-iwaya.com
wikidata,Q1654639,P856,http://www.t-iwaya.com/
ours,Q1704924,P856,https://www.t-nemoto.com
wikidata,Q1704924,P856,https://www.t-nemoto.com/
ours,Q1995125,P856,http://www.kishi-jpn.com/
wikidata,Q1995125,P856,http://www.kishi-jpn.com
ours,Q3482658,P856,http://www.suzukishunichi.jp
wikidata,Q3482658,P856,http://www.suzukishunichi.jp/
ours,Q405533,P856,http://www.kiyomi.gr.jp/
wikidata,Q405533,P856,https://www.kiyomi.gr.jp/
ours,Q41768312,P856,http://morinatsue.net
wikidata,Q41768312,P856,http://morinatsue.net/
ours,Q41768440,P856,http://ishikawa-kaori.jp/
wikidata,Q41769948,P856,http://blog.goo.ne.jp/motokisobue
wikidata,Q41770036,P856,http://overwash.blog7.fc2.com/
ours,Q41770567,P856,www.mika-mizukami.jp
wikidata,Q41770567,P856,http://mika-mizukami.jp/
ours,Q41770571,P856,http://www.kanakura.net/
wikidata,Q41770726,P856,https://kazu-seto.blogspot.jp/
wikidata,Q41770740,P856,http://jcpoonuki.blogspot.jp
wikidata,Q41770747,P856,http://yokoyama-seigo5.blogspot.jp/
ours,Q41770806,P856,http://yuki-oikawa.com
ours,Q41770875,P856,http://marikokoro556.tokyo.jp/
wikidata,Q41770887,P856,http://blog.goo.ne.jp/tame15
wikidata,Q41770943,P856,http://kiihanto.exblog.jp/
wikidata,Q41770969,P856,https://haioka-kana.jimdo.com/
wikidata,Q41771008,P856,http://www.sdp-fukuoka.jpn.org/shuin48
wikidata,Q41771033,P856,https://www.suetsugu.link/
ours,Q41771058,P856,http://ishin0507.ti-da.net/
ours,Q41777897,P856,http://www.sustainable-state-finance.net
wikidata,Q41777897,P856,http://www.sustainable-state-finance.net/
wikidata,Q41794101,P856,http://shigemoto.kyoto/
wikidata,Q41805175,P856,http://ikuma-inoue.jp/
wikidata,Q41805182,P856,http://www.yasuoka.org/j/
ours,Q41805191,P856,https://ameblo.jp/ando-takao/
wikidata,Q41805197,P856,http://toyomaki.halfmoon.jp/
ours,Q41805198,P856,https://www.yoshiokakenji.com
wikidata,Q41805198,P856,https://www.yoshiokakenji.com/
wikidata,Q41805214,P856,http://inokuchi-s.sakura.ne.jp/
wikidata,Q41805215,P856,http://taigetsu.sakura.ne.jp/
wikidata,Q41805219,P856,https://www.inumaru-katsuko.net/
wikidata,Q41805227,P856,http://atsuhitotsuge.sakura.ne.jp/atsuhitotsuge.sakura.ne.jp/
wikidata,Q41805257,P856,http://higmai.jp/
wikidata,Q41805263,P856,http://hachiya-hiromi.com/
wikidata,Q41805271,P856,http://shimada-kouji.com/
wikidata,Q41805275,P856,http://www.nishidachikara.jp/
wikidata,Q41805282,P856,http://touyodai.jp/
wikidata,Q41805284,P856,http://yamaguchi-hatumi.com/
wikidata,Q41805324,P856,http://xn--u8jq2ns05o8d4b.com/
wikidata,Q41805325,P856,http://www.araki-office.com/
ours,Q42290522,P856,http://www.tanaka-ken.jp/
ours,Q459998,P856,http://www.ozawa-ichiro.jp/
wikidata,Q459998,P856,http://www.ozawa-ichiro.jp
ours,Q49875,P856,http://www.shina.jp/
wikidata,Q49875,P856,http://shina.jp/a/
ours,Q49988,P856,http://www.minorikawa.jp/
wikidata,Q49988,P856,http://minorikawa.jp/
ours,Q506730,P856,http://www.ishihara-hirotaka.com
wikidata,Q506730,P856,http://www.ishihara-hirotaka.com/
ours,Q5752395,P856,http://hmacky.net
wikidata,Q5752395,P856,http://hmacky.net/
ours,Q57647,P856,http://www.nodayoshi.gr.jp/
wikidata,Q57647,P856,http://www.nodayoshi.gr.jp
ours,Q58213,P856,http://www.kgemba.com/
wikidata,Q58213,P856,http://www.kgenba.com/
wikidata,Q6144675,P856,http://kenpo9.com/
ours,Q6203082,P856,http://www.akama.jp/
wikidata,Q6203082,P856,http://akama.jp/
ours,Q6381645,P856,http://www.kitagawa-sakai.jp/
wikidata,Q6381645,P856,http://kitagawa-sakai.jp/
ours,Q6782819,P856,http://www.gotoda.com/
wikidata,Q6782819,P856,https://www.gotoda.com/
ours,Q7385287,P856,http://www.hattori-ryoichi.com/
wikidata,Q7385287,P856,https://ohsaka.jp/
wikidata,Q7446719,P856,https://sei-murakami.jp/
ours,Q7677226,P856,http://ochi-takao.jp/
wikidata,Q7677226,P856,http://www.ochi-takao.jp/
ours,Q7677366,P856,http://www.otsuka001.com
wikidata,Q7677366,P856,http://www.otsuka001.com/
wikidata,Q7677369,P856,http://www.dia.janis.or.jp/~t-sino/
ours,Q7706925,P856,http://www.tetusi.com/
wikidata,Q7706925,P856,http://tetusi.com/
ours,Q8056061,P856,http://www.3ku-seki.com
wikidata,Q8056061,P856,http://www.3ku-seki.com/
ours,Q8056290,P856,http://www.sakurada-yoshitaka.com
wikidata,Q8056290,P856,http://sakurada-yoshitaka.jp/
ours,Q926370,P856,http://www.hayashimotoo.jp/
wikidata,Q926370,P856,http://park19.wakwak.com/~motoo/
wikidata,Q11470238,P968,mailto:yamada.shimin@gmail.com
wikidata,Q11596723,P968,mailto:contact@inatsu.com
wikidata,Q21655823,P968,mailto:staff.miyaji.takuma@gmail.com
wikidata,Q41770647,P968,mailto:info@kunimitsu-ayano.jp
wikidata,Q41770708,P968,mailto:oonotakasichiba1@gmail.com
wikidata,Q41770846,P968,mailto:ryouhei1948@hotmail.com
wikidata,Q41770969,P968,mailto:haioka.kana@gmail.com
wikidata,Q58213,P968,mailto:g01748@shugiin.go.jp
wikidata,Q11468214,P973,https://cdp-japan.jp/members/detail.php?id=10
wikidata,Q11585840,P973,https://www.jimin.jp/member/member_list/legislator/110527.html
wikidata,Q21655823,P973,https://www.jimin.jp/member/member_list/legislator/126626.html
wikidata,Q41693822,P973,http://japan-indepth.jp/?page_id=19443
wikidata,Q41693822,P973,http://www.shibuya-univ.net/professor/detail/952/
wikidata,Q41770589,P973,http://www.jcp.or.jp/giin/senkyo/2007_sanin/profile/02-aomori.html
wikidata,Q41770599,P973,http://blog.canpan.info/jcpmiyagi/archive/311
wikidata,Q41770651,P973,https://www.mskj.or.jp/profile/watanabe.html
wikidata,Q41770719,P973,https://o-ishin.jp/member/detail/hoshi_kentaro.html
wikidata,Q41770820,P973,https://www.jiji.com/jc/2017syu?d=18805_h
wikidata,Q41770848,P973,https://www.jiji.com/jc/2017syu?d=10386_h
wikidata,Q41770857,P973,http://candidates.hr-party.net:57375/maki-sakamoto/
wikidata,Q41770908,P973,https://o-ishin.jp/member/detail/okushita_takemitsu.html
wikidata,Q41770953,P973,http://www.jsdpsmn.jp/
wikidata,Q41770994,P973,http://www.sdp.or.jp/kagawa/member/div/fujitashinji.html
wikidata,Q41771003,P973,https://special.jimin.jp/candidate/shiraishi_hiroki.html
wikidata,Q41771008,P973,https://www.jiji.com/jc/2017syu?d=19319_h
wikidata,Q41771036,P973,https://candidates.hr-party.jp/junko-kinoshita/
wikidata,Q41771051,P973,http://miyazaki-k.net/profile.html
wikidata,Q41771055,P973,http://syamin.chesuto.jp/e1427044.html
wikidata,Q41777898,P973,https://o-ishin.jp/member/detail/nishimura_emi.html
wikidata,Q41777904,P973,https://o-ishin.jp/member/detail/matsuki_shuichiro.html
wikidata,Q41777907,P973,https://o-ishin.jp/member/detail/satou_akira.html
wikidata,Q41777910,P973,https://o-ishin.jp/member/detail/kita_yoshinori.html
wikidata,Q41777912,P973,http://wakayama-ishin.jp/member/?id=7
wikidata,Q41777916,P973,http://oneosaka.jp/member/detail/aono_yoshiaki.html
wikidata,Q41777917,P973,https://www.jimin.jp/member/member_list/legislator/135842.html
wikidata,Q41777933,P973,https://www.komei.or.jp/member/detail/20026113
wikidata,Q41777964,P973,https://cdp-japan.jp/members/detail.php?id=49
wikidata,Q41777966,P973,https://cdp-japan.jp/members/detail.php?id=50
wikidata,Q41777969,P973,https://www.minshin.or.jp/member/5261
wikidata,Q41805191,P973,https://www.jimin.jp/member/member_list/legislator/135980.html
wikidata,Q41805209,P973,http://oneosaka.jp/verde/member/detail_oosawa.html
wikidata,Q41805216,P973,https://www.jimin.jp/member/member_list/legislator/135985.html
wikidata,Q41805268,P973,http://jana47.com/announcer/%E7%9F%B3%E9%A3%9B%E3%80%80%E9%A6%99%E7%B9%94/
wikidata,Q41805299,P973,http://dermatol-h.dept.med.gunma-u.ac.jp/room_staff_nagai.php
wikidata,Q41805321,P973,http://hibikimental.com/doctor/
wikidata,Q49988,P973,https://www.jimin.jp/english/profile/members/120960.html
wikidata,Q8054597,P973,https://www.komei.or.jp/member/detail/27026137
